2025-05-22 08:35:05.189 [HikariPool-1 housekeeper] WARN  com.zaxxer.hikari.pool.HikariPool - HikariPool-1 - Thread starvation or clock leap detected (housekeeper delta=12h29m12s10ms270µs300ns).
2025-05-22 08:35:16.269 [SpringApplicationShutdownHook] INFO  com.zaxxer.hikari.HikariDataSource - HikariPool-1 - Shutdown initiated...
2025-05-22 08:35:16.418 [SpringApplicationShutdownHook] INFO  com.zaxxer.hikari.HikariDataSource - HikariPool-1 - Shutdown completed.
2025-05-22 08:56:59.780 [background-preinit] INFO  o.h.validator.internal.util.Version - HV000001: Hibernate Validator 8.0.0.Final
2025-05-22 08:56:59.939 [main] INFO  com.paob.tms.TmsApplication - Starting TmsApplication using Java 17.0.0.1 with PID 14968 (D:\work\paob_tms1\target\classes started by wangxiaowen in D:\work\paob_tms1)
2025-05-22 08:56:59.941 [main] DEBUG com.paob.tms.TmsApplication - Running with Spring Boot v3.1.0, Spring v6.0.9
2025-05-22 08:56:59.941 [main] INFO  com.paob.tms.TmsApplication - The following 1 profile is active: "dev"
2025-05-22 08:57:06.407 [main] INFO  o.s.b.w.e.tomcat.TomcatWebServer - Tomcat initialized with port(s): 8080 (http)
2025-05-22 08:57:06.434 [main] INFO  o.a.coyote.http11.Http11NioProtocol - Initializing ProtocolHandler ["http-nio-8080"]
2025-05-22 08:57:06.436 [main] INFO  o.a.catalina.core.StandardService - Starting service [Tomcat]
2025-05-22 08:57:06.436 [main] INFO  o.a.catalina.core.StandardEngine - Starting Servlet engine: [Apache Tomcat/10.1.8]
2025-05-22 08:57:06.771 [main] INFO  o.a.c.c.C.[Tomcat].[localhost].[/] - Initializing Spring embedded WebApplicationContext
2025-05-22 08:57:06.771 [main] INFO  o.s.b.w.s.c.ServletWebServerApplicationContext - Root WebApplicationContext: initialization completed in 6635 ms
2025-05-22 08:57:08.388 [main] WARN  c.b.m.c.injector.DefaultSqlInjector - class com.paob.tms.model.FpsDwRepo ,Not found @TableId annotation, Cannot use Mybatis-Plus 'xxById' Method.
2025-05-22 08:57:08.436 [main] WARN  c.b.m.c.injector.DefaultSqlInjector - class com.paob.tms.model.RiskMonitoring ,Not found @TableId annotation, Cannot use Mybatis-Plus 'xxById' Method.
2025-05-22 08:57:08.506 [main] WARN  c.b.m.c.injector.DefaultSqlInjector - class com.paob.tms.dto.resp.SelectOptionResp ,Not found @TableId annotation, Cannot use Mybatis-Plus 'xxById' Method.
2025-05-22 08:57:08.551 [main] WARN  c.b.m.c.injector.DefaultSqlInjector - class com.paob.tms.dto.resp.SubjectBalanceDetailResp ,Not found @TableId annotation, Cannot use Mybatis-Plus 'xxById' Method.
2025-05-22 08:57:09.742 [main] WARN  c.b.m.c.injector.DefaultSqlInjector - class com.paob.tms.model.TmsVoucherDetail ,Not found @TableId annotation, Cannot use Mybatis-Plus 'xxById' Method.
2025-05-22 08:57:10.449 [main] WARN  o.s.b.a.s.s.UserDetailsServiceAutoConfiguration - 

Using generated security password: 282292bc-2c30-4e2c-99aa-a021593c84bd

This generated password is for development use only. Your security configuration must be updated before running your application in production.

2025-05-22 08:57:11.307 [main] INFO  o.s.s.web.DefaultSecurityFilterChain - Will secure any request with [org.springframework.security.web.session.DisableEncodeUrlFilter@382faf51, org.springframework.security.web.context.request.async.WebAsyncManagerIntegrationFilter@69ce14e6, org.springframework.security.web.context.SecurityContextHolderFilter@3c09a350, org.springframework.security.web.header.HeaderWriterFilter@5c573229, org.springframework.security.web.authentication.logout.LogoutFilter@16b76858, org.springframework.security.web.savedrequest.RequestCacheAwareFilter@48368a08, org.springframework.security.web.servletapi.SecurityContextHolderAwareRequestFilter@45bd4753, org.springframework.security.web.authentication.AnonymousAuthenticationFilter@699d96bc, org.springframework.security.web.access.ExceptionTranslationFilter@520a95ff, org.springframework.security.web.access.intercept.AuthorizationFilter@5e51ec2e]
2025-05-22 08:57:11.978 [main] INFO  o.a.coyote.http11.Http11NioProtocol - Starting ProtocolHandler ["http-nio-8080"]
2025-05-22 08:57:12.043 [main] INFO  o.s.b.w.e.tomcat.TomcatWebServer - Tomcat started on port(s): 8080 (http) with context path ''
2025-05-22 08:57:12.075 [main] INFO  com.paob.tms.TmsApplication - Started TmsApplication in 14.148 seconds (process running for 16.154)
2025-05-22 08:57:23.366 [http-nio-8080-exec-2] INFO  o.a.c.c.C.[Tomcat].[localhost].[/] - Initializing Spring DispatcherServlet 'dispatcherServlet'
2025-05-22 08:57:23.366 [http-nio-8080-exec-2] INFO  o.s.web.servlet.DispatcherServlet - Initializing Servlet 'dispatcherServlet'
2025-05-22 08:57:23.366 [http-nio-8080-exec-2] INFO  o.s.web.servlet.DispatcherServlet - Completed initialization in 0 ms
2025-05-22 08:57:23.698 [http-nio-8080-exec-2] INFO  c.p.t.w.controller.JournalController - 复核通过，请求参数：JournalApproveReq(journalSequence=J20240101003)
2025-05-22 08:57:23.714 [http-nio-8080-exec-2] INFO  com.zaxxer.hikari.HikariDataSource - HikariPool-1 - Starting...
2025-05-22 08:57:24.551 [http-nio-8080-exec-2] INFO  com.zaxxer.hikari.pool.HikariPool - HikariPool-1 - Added connection org.postgresql.jdbc.PgConnection@29899206
2025-05-22 08:57:24.557 [http-nio-8080-exec-2] INFO  com.zaxxer.hikari.HikariDataSource - HikariPool-1 - Start completed.
2025-05-22 08:58:03.571 [HikariPool-1 housekeeper] WARN  com.zaxxer.hikari.pool.HikariPool - HikariPool-1 - Thread starvation or clock leap detected (housekeeper delta=1m9s13ms745µs700ns).
2025-05-22 09:01:28.511 [HikariPool-1 housekeeper] WARN  com.zaxxer.hikari.pool.HikariPool - HikariPool-1 - Thread starvation or clock leap detected (housekeeper delta=2m1s1ms821µs200ns).
2025-05-22 09:02:10.728 [http-nio-8080-exec-2] ERROR c.paob.tms.util.FileEncryptionUtil - 文件加密失败
java.security.spec.InvalidKeySpecException: java.security.InvalidKeyException: invalid key format
	at java.base/sun.security.rsa.RSAKeyFactory.engineGeneratePublic(RSAKeyFactory.java:241)
	at java.base/java.security.KeyFactory.generatePublic(KeyFactory.java:351)
	at com.paob.tms.util.FileEncryptionUtil.encryptPasswordWithRSA(FileEncryptionUtil.java:160)
	at com.paob.tms.util.FileEncryptionUtil.encryptFile(FileEncryptionUtil.java:62)
	at com.paob.tms.util.VoucherFileUtil.processVoucherFiles(VoucherFileUtil.java:60)
	at com.paob.tms.service.impl.JournalServiceImpl.approveJournal(JournalServiceImpl.java:268)
	at java.base/jdk.internal.reflect.NativeMethodAccessorImpl.invoke0(Native Method)
	at java.base/jdk.internal.reflect.NativeMethodAccessorImpl.invoke(NativeMethodAccessorImpl.java:77)
	at java.base/jdk.internal.reflect.DelegatingMethodAccessorImpl.invoke(DelegatingMethodAccessorImpl.java:43)
	at java.base/java.lang.reflect.Method.invoke(Method.java:568)
	at org.springframework.aop.support.AopUtils.invokeJoinpointUsingReflection(AopUtils.java:343)
	at org.springframework.aop.framework.ReflectiveMethodInvocation.invokeJoinpoint(ReflectiveMethodInvocation.java:196)
	at org.springframework.aop.framework.ReflectiveMethodInvocation.proceed(ReflectiveMethodInvocation.java:163)
	at org.springframework.aop.framework.CglibAopProxy$CglibMethodInvocation.proceed(CglibAopProxy.java:750)
	at org.springframework.transaction.interceptor.TransactionInterceptor$1.proceedWithInvocation(TransactionInterceptor.java:123)
	at org.springframework.transaction.interceptor.TransactionAspectSupport.invokeWithinTransaction(TransactionAspectSupport.java:391)
	at org.springframework.transaction.interceptor.TransactionInterceptor.invoke(TransactionInterceptor.java:119)
	at org.springframework.aop.framework.ReflectiveMethodInvocation.proceed(ReflectiveMethodInvocation.java:184)
	at org.springframework.aop.framework.CglibAopProxy$CglibMethodInvocation.proceed(CglibAopProxy.java:750)
	at org.springframework.aop.framework.CglibAopProxy$DynamicAdvisedInterceptor.intercept(CglibAopProxy.java:702)
	at com.paob.tms.service.impl.JournalServiceImpl$$SpringCGLIB$$0.approveJournal(<generated>)
	at com.paob.tms.web.controller.JournalController.approveJournal(JournalController.java:49)
	at java.base/jdk.internal.reflect.NativeMethodAccessorImpl.invoke0(Native Method)
	at java.base/jdk.internal.reflect.NativeMethodAccessorImpl.invoke(NativeMethodAccessorImpl.java:77)
	at java.base/jdk.internal.reflect.DelegatingMethodAccessorImpl.invoke(DelegatingMethodAccessorImpl.java:43)
	at java.base/java.lang.reflect.Method.invoke(Method.java:568)
	at org.springframework.web.method.support.InvocableHandlerMethod.doInvoke(InvocableHandlerMethod.java:207)
	at org.springframework.web.method.support.InvocableHandlerMethod.invokeForRequest(InvocableHandlerMethod.java:152)
	at org.springframework.web.servlet.mvc.method.annotation.ServletInvocableHandlerMethod.invokeAndHandle(ServletInvocableHandlerMethod.java:118)
	at org.springframework.web.servlet.mvc.method.annotation.RequestMappingHandlerAdapter.invokeHandlerMethod(RequestMappingHandlerAdapter.java:884)
	at org.springframework.web.servlet.mvc.method.annotation.RequestMappingHandlerAdapter.handleInternal(RequestMappingHandlerAdapter.java:797)
	at org.springframework.web.servlet.mvc.method.AbstractHandlerMethodAdapter.handle(AbstractHandlerMethodAdapter.java:87)
	at org.springframework.web.servlet.DispatcherServlet.doDispatch(DispatcherServlet.java:1081)
	at org.springframework.web.servlet.DispatcherServlet.doService(DispatcherServlet.java:974)
	at org.springframework.web.servlet.FrameworkServlet.processRequest(FrameworkServlet.java:1011)
	at org.springframework.web.servlet.FrameworkServlet.doPost(FrameworkServlet.java:914)
	at jakarta.servlet.http.HttpServlet.service(HttpServlet.java:590)
	at org.springframework.web.servlet.FrameworkServlet.service(FrameworkServlet.java:885)
	at jakarta.servlet.http.HttpServlet.service(HttpServlet.java:658)
	at org.apache.catalina.core.ApplicationFilterChain.internalDoFilter(ApplicationFilterChain.java:205)
	at org.apache.catalina.core.ApplicationFilterChain.doFilter(ApplicationFilterChain.java:149)
	at org.apache.tomcat.websocket.server.WsFilter.doFilter(WsFilter.java:51)
	at org.apache.catalina.core.ApplicationFilterChain.internalDoFilter(ApplicationFilterChain.java:174)
	at org.apache.catalina.core.ApplicationFilterChain.doFilter(ApplicationFilterChain.java:149)
	at org.springframework.security.web.FilterChainProxy.lambda$doFilterInternal$3(FilterChainProxy.java:231)
	at org.springframework.security.web.FilterChainProxy$VirtualFilterChain.doFilter(FilterChainProxy.java:365)
	at org.springframework.security.web.access.intercept.AuthorizationFilter.doFilter(AuthorizationFilter.java:100)
	at org.springframework.security.web.FilterChainProxy$VirtualFilterChain.doFilter(FilterChainProxy.java:374)
	at org.springframework.security.web.access.ExceptionTranslationFilter.doFilter(ExceptionTranslationFilter.java:126)
	at org.springframework.security.web.access.ExceptionTranslationFilter.doFilter(ExceptionTranslationFilter.java:120)
	at org.springframework.security.web.FilterChainProxy$VirtualFilterChain.doFilter(FilterChainProxy.java:374)
	at org.springframework.security.web.authentication.AnonymousAuthenticationFilter.doFilter(AnonymousAuthenticationFilter.java:100)
	at org.springframework.security.web.FilterChainProxy$VirtualFilterChain.doFilter(FilterChainProxy.java:374)
	at org.springframework.security.web.servletapi.SecurityContextHolderAwareRequestFilter.doFilter(SecurityContextHolderAwareRequestFilter.java:179)
	at org.springframework.security.web.FilterChainProxy$VirtualFilterChain.doFilter(FilterChainProxy.java:374)
	at org.springframework.security.web.savedrequest.RequestCacheAwareFilter.doFilter(RequestCacheAwareFilter.java:63)
	at org.springframework.security.web.FilterChainProxy$VirtualFilterChain.doFilter(FilterChainProxy.java:374)
	at org.springframework.security.web.authentication.logout.LogoutFilter.doFilter(LogoutFilter.java:107)
	at org.springframework.security.web.authentication.logout.LogoutFilter.doFilter(LogoutFilter.java:93)
	at org.springframework.security.web.FilterChainProxy$VirtualFilterChain.doFilter(FilterChainProxy.java:374)
	at org.springframework.security.web.header.HeaderWriterFilter.doHeadersAfter(HeaderWriterFilter.java:90)
	at org.springframework.security.web.header.HeaderWriterFilter.doFilterInternal(HeaderWriterFilter.java:75)
	at org.springframework.web.filter.OncePerRequestFilter.doFilter(OncePerRequestFilter.java:116)
	at org.springframework.security.web.FilterChainProxy$VirtualFilterChain.doFilter(FilterChainProxy.java:374)
	at org.springframework.security.web.context.SecurityContextHolderFilter.doFilter(SecurityContextHolderFilter.java:82)
	at org.springframework.security.web.context.SecurityContextHolderFilter.doFilter(SecurityContextHolderFilter.java:69)
	at org.springframework.security.web.FilterChainProxy$VirtualFilterChain.doFilter(FilterChainProxy.java:374)
	at org.springframework.security.web.context.request.async.WebAsyncManagerIntegrationFilter.doFilterInternal(WebAsyncManagerIntegrationFilter.java:62)
	at org.springframework.web.filter.OncePerRequestFilter.doFilter(OncePerRequestFilter.java:116)
	at org.springframework.security.web.FilterChainProxy$VirtualFilterChain.doFilter(FilterChainProxy.java:374)
	at org.springframework.security.web.session.DisableEncodeUrlFilter.doFilterInternal(DisableEncodeUrlFilter.java:42)
	at org.springframework.web.filter.OncePerRequestFilter.doFilter(OncePerRequestFilter.java:116)
	at org.springframework.security.web.FilterChainProxy$VirtualFilterChain.doFilter(FilterChainProxy.java:374)
	at org.springframework.security.web.FilterChainProxy.doFilterInternal(FilterChainProxy.java:233)
	at org.springframework.security.web.FilterChainProxy.doFilter(FilterChainProxy.java:191)
	at org.springframework.web.filter.DelegatingFilterProxy.invokeDelegate(DelegatingFilterProxy.java:352)
	at org.springframework.web.filter.DelegatingFilterProxy.doFilter(DelegatingFilterProxy.java:268)
	at org.apache.catalina.core.ApplicationFilterChain.internalDoFilter(ApplicationFilterChain.java:174)
	at org.apache.catalina.core.ApplicationFilterChain.doFilter(ApplicationFilterChain.java:149)
	at org.springframework.web.filter.RequestContextFilter.doFilterInternal(RequestContextFilter.java:100)
	at org.springframework.web.filter.OncePerRequestFilter.doFilter(OncePerRequestFilter.java:116)
	at org.apache.catalina.core.ApplicationFilterChain.internalDoFilter(ApplicationFilterChain.java:174)
	at org.apache.catalina.core.ApplicationFilterChain.doFilter(ApplicationFilterChain.java:149)
	at org.springframework.web.filter.FormContentFilter.doFilterInternal(FormContentFilter.java:93)
	at org.springframework.web.filter.OncePerRequestFilter.doFilter(OncePerRequestFilter.java:116)
	at org.apache.catalina.core.ApplicationFilterChain.internalDoFilter(ApplicationFilterChain.java:174)
	at org.apache.catalina.core.ApplicationFilterChain.doFilter(ApplicationFilterChain.java:149)
	at org.springframework.web.filter.CharacterEncodingFilter.doFilterInternal(CharacterEncodingFilter.java:201)
	at org.springframework.web.filter.OncePerRequestFilter.doFilter(OncePerRequestFilter.java:116)
	at org.apache.catalina.core.ApplicationFilterChain.internalDoFilter(ApplicationFilterChain.java:174)
	at org.apache.catalina.core.ApplicationFilterChain.doFilter(ApplicationFilterChain.java:149)
	at org.apache.catalina.core.StandardWrapperValve.invoke(StandardWrapperValve.java:166)
	at org.apache.catalina.core.StandardContextValve.invoke(StandardContextValve.java:90)
	at org.apache.catalina.authenticator.AuthenticatorBase.invoke(AuthenticatorBase.java:482)
	at org.apache.catalina.core.StandardHostValve.invoke(StandardHostValve.java:115)
	at org.apache.catalina.valves.ErrorReportValve.invoke(ErrorReportValve.java:93)
	at org.apache.catalina.core.StandardEngineValve.invoke(StandardEngineValve.java:74)
	at org.apache.catalina.connector.CoyoteAdapter.service(CoyoteAdapter.java:341)
	at org.apache.coyote.http11.Http11Processor.service(Http11Processor.java:390)
	at org.apache.coyote.AbstractProcessorLight.process(AbstractProcessorLight.java:63)
	at org.apache.coyote.AbstractProtocol$ConnectionHandler.process(AbstractProtocol.java:894)
	at org.apache.tomcat.util.net.NioEndpoint$SocketProcessor.doRun(NioEndpoint.java:1741)
	at org.apache.tomcat.util.net.SocketProcessorBase.run(SocketProcessorBase.java:52)
	at org.apache.tomcat.util.threads.ThreadPoolExecutor.runWorker(ThreadPoolExecutor.java:1191)
	at org.apache.tomcat.util.threads.ThreadPoolExecutor$Worker.run(ThreadPoolExecutor.java:659)
	at org.apache.tomcat.util.threads.TaskThread$WrappingRunnable.run(TaskThread.java:61)
	at java.base/java.lang.Thread.run(Thread.java:833)
Caused by: java.security.InvalidKeyException: invalid key format
	at java.base/sun.security.x509.X509Key.decode(X509Key.java:387)
	at java.base/sun.security.x509.X509Key.decode(X509Key.java:402)
	at java.base/sun.security.rsa.RSAPublicKeyImpl.<init>(RSAPublicKeyImpl.java:151)
	at java.base/sun.security.rsa.RSAPublicKeyImpl.newKey(RSAPublicKeyImpl.java:78)
	at java.base/sun.security.rsa.RSAKeyFactory.generatePublic(RSAKeyFactory.java:327)
	at java.base/sun.security.rsa.RSAKeyFactory.engineGeneratePublic(RSAKeyFactory.java:237)
	... 106 common frames omitted
2025-05-22 09:02:46.042 [http-nio-8080-exec-2] ERROR com.paob.tms.util.VoucherFileUtil - 处理凭证文件失败
java.lang.RuntimeException: 文件加密失败: java.security.InvalidKeyException: invalid key format
	at com.paob.tms.util.FileEncryptionUtil.encryptFile(FileEncryptionUtil.java:70)
	at com.paob.tms.util.VoucherFileUtil.processVoucherFiles(VoucherFileUtil.java:60)
	at com.paob.tms.service.impl.JournalServiceImpl.approveJournal(JournalServiceImpl.java:268)
	at java.base/jdk.internal.reflect.NativeMethodAccessorImpl.invoke0(Native Method)
	at java.base/jdk.internal.reflect.NativeMethodAccessorImpl.invoke(NativeMethodAccessorImpl.java:77)
	at java.base/jdk.internal.reflect.DelegatingMethodAccessorImpl.invoke(DelegatingMethodAccessorImpl.java:43)
	at java.base/java.lang.reflect.Method.invoke(Method.java:568)
	at org.springframework.aop.support.AopUtils.invokeJoinpointUsingReflection(AopUtils.java:343)
	at org.springframework.aop.framework.ReflectiveMethodInvocation.invokeJoinpoint(ReflectiveMethodInvocation.java:196)
	at org.springframework.aop.framework.ReflectiveMethodInvocation.proceed(ReflectiveMethodInvocation.java:163)
	at org.springframework.aop.framework.CglibAopProxy$CglibMethodInvocation.proceed(CglibAopProxy.java:750)
	at org.springframework.transaction.interceptor.TransactionInterceptor$1.proceedWithInvocation(TransactionInterceptor.java:123)
	at org.springframework.transaction.interceptor.TransactionAspectSupport.invokeWithinTransaction(TransactionAspectSupport.java:391)
	at org.springframework.transaction.interceptor.TransactionInterceptor.invoke(TransactionInterceptor.java:119)
	at org.springframework.aop.framework.ReflectiveMethodInvocation.proceed(ReflectiveMethodInvocation.java:184)
	at org.springframework.aop.framework.CglibAopProxy$CglibMethodInvocation.proceed(CglibAopProxy.java:750)
	at org.springframework.aop.framework.CglibAopProxy$DynamicAdvisedInterceptor.intercept(CglibAopProxy.java:702)
	at com.paob.tms.service.impl.JournalServiceImpl$$SpringCGLIB$$0.approveJournal(<generated>)
	at com.paob.tms.web.controller.JournalController.approveJournal(JournalController.java:49)
	at java.base/jdk.internal.reflect.NativeMethodAccessorImpl.invoke0(Native Method)
	at java.base/jdk.internal.reflect.NativeMethodAccessorImpl.invoke(NativeMethodAccessorImpl.java:77)
	at java.base/jdk.internal.reflect.DelegatingMethodAccessorImpl.invoke(DelegatingMethodAccessorImpl.java:43)
	at java.base/java.lang.reflect.Method.invoke(Method.java:568)
	at org.springframework.web.method.support.InvocableHandlerMethod.doInvoke(InvocableHandlerMethod.java:207)
	at org.springframework.web.method.support.InvocableHandlerMethod.invokeForRequest(InvocableHandlerMethod.java:152)
	at org.springframework.web.servlet.mvc.method.annotation.ServletInvocableHandlerMethod.invokeAndHandle(ServletInvocableHandlerMethod.java:118)
	at org.springframework.web.servlet.mvc.method.annotation.RequestMappingHandlerAdapter.invokeHandlerMethod(RequestMappingHandlerAdapter.java:884)
	at org.springframework.web.servlet.mvc.method.annotation.RequestMappingHandlerAdapter.handleInternal(RequestMappingHandlerAdapter.java:797)
	at org.springframework.web.servlet.mvc.method.AbstractHandlerMethodAdapter.handle(AbstractHandlerMethodAdapter.java:87)
	at org.springframework.web.servlet.DispatcherServlet.doDispatch(DispatcherServlet.java:1081)
	at org.springframework.web.servlet.DispatcherServlet.doService(DispatcherServlet.java:974)
	at org.springframework.web.servlet.FrameworkServlet.processRequest(FrameworkServlet.java:1011)
	at org.springframework.web.servlet.FrameworkServlet.doPost(FrameworkServlet.java:914)
	at jakarta.servlet.http.HttpServlet.service(HttpServlet.java:590)
	at org.springframework.web.servlet.FrameworkServlet.service(FrameworkServlet.java:885)
	at jakarta.servlet.http.HttpServlet.service(HttpServlet.java:658)
	at org.apache.catalina.core.ApplicationFilterChain.internalDoFilter(ApplicationFilterChain.java:205)
	at org.apache.catalina.core.ApplicationFilterChain.doFilter(ApplicationFilterChain.java:149)
	at org.apache.tomcat.websocket.server.WsFilter.doFilter(WsFilter.java:51)
	at org.apache.catalina.core.ApplicationFilterChain.internalDoFilter(ApplicationFilterChain.java:174)
	at org.apache.catalina.core.ApplicationFilterChain.doFilter(ApplicationFilterChain.java:149)
	at org.springframework.security.web.FilterChainProxy.lambda$doFilterInternal$3(FilterChainProxy.java:231)
	at org.springframework.security.web.FilterChainProxy$VirtualFilterChain.doFilter(FilterChainProxy.java:365)
	at org.springframework.security.web.access.intercept.AuthorizationFilter.doFilter(AuthorizationFilter.java:100)
	at org.springframework.security.web.FilterChainProxy$VirtualFilterChain.doFilter(FilterChainProxy.java:374)
	at org.springframework.security.web.access.ExceptionTranslationFilter.doFilter(ExceptionTranslationFilter.java:126)
	at org.springframework.security.web.access.ExceptionTranslationFilter.doFilter(ExceptionTranslationFilter.java:120)
	at org.springframework.security.web.FilterChainProxy$VirtualFilterChain.doFilter(FilterChainProxy.java:374)
	at org.springframework.security.web.authentication.AnonymousAuthenticationFilter.doFilter(AnonymousAuthenticationFilter.java:100)
	at org.springframework.security.web.FilterChainProxy$VirtualFilterChain.doFilter(FilterChainProxy.java:374)
	at org.springframework.security.web.servletapi.SecurityContextHolderAwareRequestFilter.doFilter(SecurityContextHolderAwareRequestFilter.java:179)
	at org.springframework.security.web.FilterChainProxy$VirtualFilterChain.doFilter(FilterChainProxy.java:374)
	at org.springframework.security.web.savedrequest.RequestCacheAwareFilter.doFilter(RequestCacheAwareFilter.java:63)
	at org.springframework.security.web.FilterChainProxy$VirtualFilterChain.doFilter(FilterChainProxy.java:374)
	at org.springframework.security.web.authentication.logout.LogoutFilter.doFilter(LogoutFilter.java:107)
	at org.springframework.security.web.authentication.logout.LogoutFilter.doFilter(LogoutFilter.java:93)
	at org.springframework.security.web.FilterChainProxy$VirtualFilterChain.doFilter(FilterChainProxy.java:374)
	at org.springframework.security.web.header.HeaderWriterFilter.doHeadersAfter(HeaderWriterFilter.java:90)
	at org.springframework.security.web.header.HeaderWriterFilter.doFilterInternal(HeaderWriterFilter.java:75)
	at org.springframework.web.filter.OncePerRequestFilter.doFilter(OncePerRequestFilter.java:116)
	at org.springframework.security.web.FilterChainProxy$VirtualFilterChain.doFilter(FilterChainProxy.java:374)
	at org.springframework.security.web.context.SecurityContextHolderFilter.doFilter(SecurityContextHolderFilter.java:82)
	at org.springframework.security.web.context.SecurityContextHolderFilter.doFilter(SecurityContextHolderFilter.java:69)
	at org.springframework.security.web.FilterChainProxy$VirtualFilterChain.doFilter(FilterChainProxy.java:374)
	at org.springframework.security.web.context.request.async.WebAsyncManagerIntegrationFilter.doFilterInternal(WebAsyncManagerIntegrationFilter.java:62)
	at org.springframework.web.filter.OncePerRequestFilter.doFilter(OncePerRequestFilter.java:116)
	at org.springframework.security.web.FilterChainProxy$VirtualFilterChain.doFilter(FilterChainProxy.java:374)
	at org.springframework.security.web.session.DisableEncodeUrlFilter.doFilterInternal(DisableEncodeUrlFilter.java:42)
	at org.springframework.web.filter.OncePerRequestFilter.doFilter(OncePerRequestFilter.java:116)
	at org.springframework.security.web.FilterChainProxy$VirtualFilterChain.doFilter(FilterChainProxy.java:374)
	at org.springframework.security.web.FilterChainProxy.doFilterInternal(FilterChainProxy.java:233)
	at org.springframework.security.web.FilterChainProxy.doFilter(FilterChainProxy.java:191)
	at org.springframework.web.filter.DelegatingFilterProxy.invokeDelegate(DelegatingFilterProxy.java:352)
	at org.springframework.web.filter.DelegatingFilterProxy.doFilter(DelegatingFilterProxy.java:268)
	at org.apache.catalina.core.ApplicationFilterChain.internalDoFilter(ApplicationFilterChain.java:174)
	at org.apache.catalina.core.ApplicationFilterChain.doFilter(ApplicationFilterChain.java:149)
	at org.springframework.web.filter.RequestContextFilter.doFilterInternal(RequestContextFilter.java:100)
	at org.springframework.web.filter.OncePerRequestFilter.doFilter(OncePerRequestFilter.java:116)
	at org.apache.catalina.core.ApplicationFilterChain.internalDoFilter(ApplicationFilterChain.java:174)
	at org.apache.catalina.core.ApplicationFilterChain.doFilter(ApplicationFilterChain.java:149)
	at org.springframework.web.filter.FormContentFilter.doFilterInternal(FormContentFilter.java:93)
	at org.springframework.web.filter.OncePerRequestFilter.doFilter(OncePerRequestFilter.java:116)
	at org.apache.catalina.core.ApplicationFilterChain.internalDoFilter(ApplicationFilterChain.java:174)
	at org.apache.catalina.core.ApplicationFilterChain.doFilter(ApplicationFilterChain.java:149)
	at org.springframework.web.filter.CharacterEncodingFilter.doFilterInternal(CharacterEncodingFilter.java:201)
	at org.springframework.web.filter.OncePerRequestFilter.doFilter(OncePerRequestFilter.java:116)
	at org.apache.catalina.core.ApplicationFilterChain.internalDoFilter(ApplicationFilterChain.java:174)
	at org.apache.catalina.core.ApplicationFilterChain.doFilter(ApplicationFilterChain.java:149)
	at org.apache.catalina.core.StandardWrapperValve.invoke(StandardWrapperValve.java:166)
	at org.apache.catalina.core.StandardContextValve.invoke(StandardContextValve.java:90)
	at org.apache.catalina.authenticator.AuthenticatorBase.invoke(AuthenticatorBase.java:482)
	at org.apache.catalina.core.StandardHostValve.invoke(StandardHostValve.java:115)
	at org.apache.catalina.valves.ErrorReportValve.invoke(ErrorReportValve.java:93)
	at org.apache.catalina.core.StandardEngineValve.invoke(StandardEngineValve.java:74)
	at org.apache.catalina.connector.CoyoteAdapter.service(CoyoteAdapter.java:341)
	at org.apache.coyote.http11.Http11Processor.service(Http11Processor.java:390)
	at org.apache.coyote.AbstractProcessorLight.process(AbstractProcessorLight.java:63)
	at org.apache.coyote.AbstractProtocol$ConnectionHandler.process(AbstractProtocol.java:894)
	at org.apache.tomcat.util.net.NioEndpoint$SocketProcessor.doRun(NioEndpoint.java:1741)
	at org.apache.tomcat.util.net.SocketProcessorBase.run(SocketProcessorBase.java:52)
	at org.apache.tomcat.util.threads.ThreadPoolExecutor.runWorker(ThreadPoolExecutor.java:1191)
	at org.apache.tomcat.util.threads.ThreadPoolExecutor$Worker.run(ThreadPoolExecutor.java:659)
	at org.apache.tomcat.util.threads.TaskThread$WrappingRunnable.run(TaskThread.java:61)
	at java.base/java.lang.Thread.run(Thread.java:833)
2025-05-22 09:02:46.230 [http-nio-8080-exec-2] ERROR o.a.c.c.C.[.[.[.[dispatcherServlet] - Servlet.service() for servlet [dispatcherServlet] in context with path [] threw exception [Request processing failed: java.lang.RuntimeException: 处理凭证文件失败: 文件加密失败: java.security.InvalidKeyException: invalid key format] with root cause
java.lang.RuntimeException: 处理凭证文件失败: 文件加密失败: java.security.InvalidKeyException: invalid key format
	at com.paob.tms.util.VoucherFileUtil.processVoucherFiles(VoucherFileUtil.java:83)
	at com.paob.tms.service.impl.JournalServiceImpl.approveJournal(JournalServiceImpl.java:268)
	at java.base/jdk.internal.reflect.NativeMethodAccessorImpl.invoke0(Native Method)
	at java.base/jdk.internal.reflect.NativeMethodAccessorImpl.invoke(NativeMethodAccessorImpl.java:77)
	at java.base/jdk.internal.reflect.DelegatingMethodAccessorImpl.invoke(DelegatingMethodAccessorImpl.java:43)
	at java.base/java.lang.reflect.Method.invoke(Method.java:568)
	at org.springframework.aop.support.AopUtils.invokeJoinpointUsingReflection(AopUtils.java:343)
	at org.springframework.aop.framework.ReflectiveMethodInvocation.invokeJoinpoint(ReflectiveMethodInvocation.java:196)
	at org.springframework.aop.framework.ReflectiveMethodInvocation.proceed(ReflectiveMethodInvocation.java:163)
	at org.springframework.aop.framework.CglibAopProxy$CglibMethodInvocation.proceed(CglibAopProxy.java:750)
	at org.springframework.transaction.interceptor.TransactionInterceptor$1.proceedWithInvocation(TransactionInterceptor.java:123)
	at org.springframework.transaction.interceptor.TransactionAspectSupport.invokeWithinTransaction(TransactionAspectSupport.java:391)
	at org.springframework.transaction.interceptor.TransactionInterceptor.invoke(TransactionInterceptor.java:119)
	at org.springframework.aop.framework.ReflectiveMethodInvocation.proceed(ReflectiveMethodInvocation.java:184)
	at org.springframework.aop.framework.CglibAopProxy$CglibMethodInvocation.proceed(CglibAopProxy.java:750)
	at org.springframework.aop.framework.CglibAopProxy$DynamicAdvisedInterceptor.intercept(CglibAopProxy.java:702)
	at com.paob.tms.service.impl.JournalServiceImpl$$SpringCGLIB$$0.approveJournal(<generated>)
	at com.paob.tms.web.controller.JournalController.approveJournal(JournalController.java:49)
	at java.base/jdk.internal.reflect.NativeMethodAccessorImpl.invoke0(Native Method)
	at java.base/jdk.internal.reflect.NativeMethodAccessorImpl.invoke(NativeMethodAccessorImpl.java:77)
	at java.base/jdk.internal.reflect.DelegatingMethodAccessorImpl.invoke(DelegatingMethodAccessorImpl.java:43)
	at java.base/java.lang.reflect.Method.invoke(Method.java:568)
	at org.springframework.web.method.support.InvocableHandlerMethod.doInvoke(InvocableHandlerMethod.java:207)
	at org.springframework.web.method.support.InvocableHandlerMethod.invokeForRequest(InvocableHandlerMethod.java:152)
	at org.springframework.web.servlet.mvc.method.annotation.ServletInvocableHandlerMethod.invokeAndHandle(ServletInvocableHandlerMethod.java:118)
	at org.springframework.web.servlet.mvc.method.annotation.RequestMappingHandlerAdapter.invokeHandlerMethod(RequestMappingHandlerAdapter.java:884)
	at org.springframework.web.servlet.mvc.method.annotation.RequestMappingHandlerAdapter.handleInternal(RequestMappingHandlerAdapter.java:797)
	at org.springframework.web.servlet.mvc.method.AbstractHandlerMethodAdapter.handle(AbstractHandlerMethodAdapter.java:87)
	at org.springframework.web.servlet.DispatcherServlet.doDispatch(DispatcherServlet.java:1081)
	at org.springframework.web.servlet.DispatcherServlet.doService(DispatcherServlet.java:974)
	at org.springframework.web.servlet.FrameworkServlet.processRequest(FrameworkServlet.java:1011)
	at org.springframework.web.servlet.FrameworkServlet.doPost(FrameworkServlet.java:914)
	at jakarta.servlet.http.HttpServlet.service(HttpServlet.java:590)
	at org.springframework.web.servlet.FrameworkServlet.service(FrameworkServlet.java:885)
	at jakarta.servlet.http.HttpServlet.service(HttpServlet.java:658)
	at org.apache.catalina.core.ApplicationFilterChain.internalDoFilter(ApplicationFilterChain.java:205)
	at org.apache.catalina.core.ApplicationFilterChain.doFilter(ApplicationFilterChain.java:149)
	at org.apache.tomcat.websocket.server.WsFilter.doFilter(WsFilter.java:51)
	at org.apache.catalina.core.ApplicationFilterChain.internalDoFilter(ApplicationFilterChain.java:174)
	at org.apache.catalina.core.ApplicationFilterChain.doFilter(ApplicationFilterChain.java:149)
	at org.springframework.security.web.FilterChainProxy.lambda$doFilterInternal$3(FilterChainProxy.java:231)
	at org.springframework.security.web.FilterChainProxy$VirtualFilterChain.doFilter(FilterChainProxy.java:365)
	at org.springframework.security.web.access.intercept.AuthorizationFilter.doFilter(AuthorizationFilter.java:100)
	at org.springframework.security.web.FilterChainProxy$VirtualFilterChain.doFilter(FilterChainProxy.java:374)
	at org.springframework.security.web.access.ExceptionTranslationFilter.doFilter(ExceptionTranslationFilter.java:126)
	at org.springframework.security.web.access.ExceptionTranslationFilter.doFilter(ExceptionTranslationFilter.java:120)
	at org.springframework.security.web.FilterChainProxy$VirtualFilterChain.doFilter(FilterChainProxy.java:374)
	at org.springframework.security.web.authentication.AnonymousAuthenticationFilter.doFilter(AnonymousAuthenticationFilter.java:100)
	at org.springframework.security.web.FilterChainProxy$VirtualFilterChain.doFilter(FilterChainProxy.java:374)
	at org.springframework.security.web.servletapi.SecurityContextHolderAwareRequestFilter.doFilter(SecurityContextHolderAwareRequestFilter.java:179)
	at org.springframework.security.web.FilterChainProxy$VirtualFilterChain.doFilter(FilterChainProxy.java:374)
	at org.springframework.security.web.savedrequest.RequestCacheAwareFilter.doFilter(RequestCacheAwareFilter.java:63)
	at org.springframework.security.web.FilterChainProxy$VirtualFilterChain.doFilter(FilterChainProxy.java:374)
	at org.springframework.security.web.authentication.logout.LogoutFilter.doFilter(LogoutFilter.java:107)
	at org.springframework.security.web.authentication.logout.LogoutFilter.doFilter(LogoutFilter.java:93)
	at org.springframework.security.web.FilterChainProxy$VirtualFilterChain.doFilter(FilterChainProxy.java:374)
	at org.springframework.security.web.header.HeaderWriterFilter.doHeadersAfter(HeaderWriterFilter.java:90)
	at org.springframework.security.web.header.HeaderWriterFilter.doFilterInternal(HeaderWriterFilter.java:75)
	at org.springframework.web.filter.OncePerRequestFilter.doFilter(OncePerRequestFilter.java:116)
	at org.springframework.security.web.FilterChainProxy$VirtualFilterChain.doFilter(FilterChainProxy.java:374)
	at org.springframework.security.web.context.SecurityContextHolderFilter.doFilter(SecurityContextHolderFilter.java:82)
	at org.springframework.security.web.context.SecurityContextHolderFilter.doFilter(SecurityContextHolderFilter.java:69)
	at org.springframework.security.web.FilterChainProxy$VirtualFilterChain.doFilter(FilterChainProxy.java:374)
	at org.springframework.security.web.context.request.async.WebAsyncManagerIntegrationFilter.doFilterInternal(WebAsyncManagerIntegrationFilter.java:62)
	at org.springframework.web.filter.OncePerRequestFilter.doFilter(OncePerRequestFilter.java:116)
	at org.springframework.security.web.FilterChainProxy$VirtualFilterChain.doFilter(FilterChainProxy.java:374)
	at org.springframework.security.web.session.DisableEncodeUrlFilter.doFilterInternal(DisableEncodeUrlFilter.java:42)
	at org.springframework.web.filter.OncePerRequestFilter.doFilter(OncePerRequestFilter.java:116)
	at org.springframework.security.web.FilterChainProxy$VirtualFilterChain.doFilter(FilterChainProxy.java:374)
	at org.springframework.security.web.FilterChainProxy.doFilterInternal(FilterChainProxy.java:233)
	at org.springframework.security.web.FilterChainProxy.doFilter(FilterChainProxy.java:191)
	at org.springframework.web.filter.DelegatingFilterProxy.invokeDelegate(DelegatingFilterProxy.java:352)
	at org.springframework.web.filter.DelegatingFilterProxy.doFilter(DelegatingFilterProxy.java:268)
	at org.apache.catalina.core.ApplicationFilterChain.internalDoFilter(ApplicationFilterChain.java:174)
	at org.apache.catalina.core.ApplicationFilterChain.doFilter(ApplicationFilterChain.java:149)
	at org.springframework.web.filter.RequestContextFilter.doFilterInternal(RequestContextFilter.java:100)
	at org.springframework.web.filter.OncePerRequestFilter.doFilter(OncePerRequestFilter.java:116)
	at org.apache.catalina.core.ApplicationFilterChain.internalDoFilter(ApplicationFilterChain.java:174)
	at org.apache.catalina.core.ApplicationFilterChain.doFilter(ApplicationFilterChain.java:149)
	at org.springframework.web.filter.FormContentFilter.doFilterInternal(FormContentFilter.java:93)
	at org.springframework.web.filter.OncePerRequestFilter.doFilter(OncePerRequestFilter.java:116)
	at org.apache.catalina.core.ApplicationFilterChain.internalDoFilter(ApplicationFilterChain.java:174)
	at org.apache.catalina.core.ApplicationFilterChain.doFilter(ApplicationFilterChain.java:149)
	at org.springframework.web.filter.CharacterEncodingFilter.doFilterInternal(CharacterEncodingFilter.java:201)
	at org.springframework.web.filter.OncePerRequestFilter.doFilter(OncePerRequestFilter.java:116)
	at org.apache.catalina.core.ApplicationFilterChain.internalDoFilter(ApplicationFilterChain.java:174)
	at org.apache.catalina.core.ApplicationFilterChain.doFilter(ApplicationFilterChain.java:149)
	at org.apache.catalina.core.StandardWrapperValve.invoke(StandardWrapperValve.java:166)
	at org.apache.catalina.core.StandardContextValve.invoke(StandardContextValve.java:90)
	at org.apache.catalina.authenticator.AuthenticatorBase.invoke(AuthenticatorBase.java:482)
	at org.apache.catalina.core.StandardHostValve.invoke(StandardHostValve.java:115)
	at org.apache.catalina.valves.ErrorReportValve.invoke(ErrorReportValve.java:93)
	at org.apache.catalina.core.StandardEngineValve.invoke(StandardEngineValve.java:74)
	at org.apache.catalina.connector.CoyoteAdapter.service(CoyoteAdapter.java:341)
	at org.apache.coyote.http11.Http11Processor.service(Http11Processor.java:390)
	at org.apache.coyote.AbstractProcessorLight.process(AbstractProcessorLight.java:63)
	at org.apache.coyote.AbstractProtocol$ConnectionHandler.process(AbstractProtocol.java:894)
	at org.apache.tomcat.util.net.NioEndpoint$SocketProcessor.doRun(NioEndpoint.java:1741)
	at org.apache.tomcat.util.net.SocketProcessorBase.run(SocketProcessorBase.java:52)
	at org.apache.tomcat.util.threads.ThreadPoolExecutor.runWorker(ThreadPoolExecutor.java:1191)
	at org.apache.tomcat.util.threads.ThreadPoolExecutor$Worker.run(ThreadPoolExecutor.java:659)
	at org.apache.tomcat.util.threads.TaskThread$WrappingRunnable.run(TaskThread.java:61)
	at java.base/java.lang.Thread.run(Thread.java:833)
2025-05-22 09:11:05.753 [SpringApplicationShutdownHook] INFO  com.zaxxer.hikari.HikariDataSource - HikariPool-1 - Shutdown initiated...
2025-05-22 09:11:05.753 [SpringApplicationShutdownHook] INFO  com.zaxxer.hikari.HikariDataSource - HikariPool-1 - Shutdown completed.
2025-05-22 09:11:25.062 [background-preinit] INFO  o.h.validator.internal.util.Version - HV000001: Hibernate Validator 8.0.0.Final
2025-05-22 09:11:25.160 [main] INFO  com.paob.tms.TmsApplication - Starting TmsApplication using Java 17.0.0.1 with PID 28876 (D:\work\paob_tms1\target\classes started by wangxiaowen in D:\work\paob_tms1)
2025-05-22 09:11:25.164 [main] DEBUG com.paob.tms.TmsApplication - Running with Spring Boot v3.1.0, Spring v6.0.9
2025-05-22 09:11:25.165 [main] INFO  com.paob.tms.TmsApplication - The following 1 profile is active: "dev"
2025-05-22 09:11:29.246 [main] INFO  o.s.b.w.e.tomcat.TomcatWebServer - Tomcat initialized with port(s): 8080 (http)
2025-05-22 09:11:29.270 [main] INFO  o.a.coyote.http11.Http11NioProtocol - Initializing ProtocolHandler ["http-nio-8080"]
2025-05-22 09:11:29.270 [main] INFO  o.a.catalina.core.StandardService - Starting service [Tomcat]
2025-05-22 09:11:29.270 [main] INFO  o.a.catalina.core.StandardEngine - Starting Servlet engine: [Apache Tomcat/10.1.8]
2025-05-22 09:11:29.558 [main] INFO  o.a.c.c.C.[Tomcat].[localhost].[/] - Initializing Spring embedded WebApplicationContext
2025-05-22 09:11:29.566 [main] INFO  o.s.b.w.s.c.ServletWebServerApplicationContext - Root WebApplicationContext: initialization completed in 4270 ms
2025-05-22 09:11:30.856 [main] WARN  c.b.m.c.injector.DefaultSqlInjector - class com.paob.tms.model.FpsDwRepo ,Not found @TableId annotation, Cannot use Mybatis-Plus 'xxById' Method.
2025-05-22 09:11:30.904 [main] WARN  c.b.m.c.injector.DefaultSqlInjector - class com.paob.tms.model.RiskMonitoring ,Not found @TableId annotation, Cannot use Mybatis-Plus 'xxById' Method.
2025-05-22 09:11:30.951 [main] WARN  c.b.m.c.injector.DefaultSqlInjector - class com.paob.tms.dto.resp.SelectOptionResp ,Not found @TableId annotation, Cannot use Mybatis-Plus 'xxById' Method.
2025-05-22 09:11:31.002 [main] WARN  c.b.m.c.injector.DefaultSqlInjector - class com.paob.tms.dto.resp.SubjectBalanceDetailResp ,Not found @TableId annotation, Cannot use Mybatis-Plus 'xxById' Method.
2025-05-22 09:11:32.034 [main] WARN  c.b.m.c.injector.DefaultSqlInjector - class com.paob.tms.model.TmsVoucherDetail ,Not found @TableId annotation, Cannot use Mybatis-Plus 'xxById' Method.
2025-05-22 09:11:32.629 [main] WARN  o.s.b.a.s.s.UserDetailsServiceAutoConfiguration - 

Using generated security password: 7396f392-74d5-47eb-afd0-ad16a410ada5

This generated password is for development use only. Your security configuration must be updated before running your application in production.

2025-05-22 09:11:33.261 [main] INFO  o.s.s.web.DefaultSecurityFilterChain - Will secure any request with [org.springframework.security.web.session.DisableEncodeUrlFilter@5ee77baf, org.springframework.security.web.context.request.async.WebAsyncManagerIntegrationFilter@485deee1, org.springframework.security.web.context.SecurityContextHolderFilter@58aa5c94, org.springframework.security.web.header.HeaderWriterFilter@c11332b, org.springframework.security.web.authentication.logout.LogoutFilter@69ce14e6, org.springframework.security.web.savedrequest.RequestCacheAwareFilter@50df37eb, org.springframework.security.web.servletapi.SecurityContextHolderAwareRequestFilter@8bc0696, org.springframework.security.web.authentication.AnonymousAuthenticationFilter@25cde5bb, org.springframework.security.web.access.ExceptionTranslationFilter@25fd6d1e, org.springframework.security.web.access.intercept.AuthorizationFilter@7bbdb220]
2025-05-22 09:11:33.788 [main] INFO  o.a.coyote.http11.Http11NioProtocol - Starting ProtocolHandler ["http-nio-8080"]
2025-05-22 09:11:33.837 [main] INFO  o.s.b.w.e.tomcat.TomcatWebServer - Tomcat started on port(s): 8080 (http) with context path ''
2025-05-22 09:11:33.865 [main] INFO  com.paob.tms.TmsApplication - Started TmsApplication in 10.273 seconds (process running for 11.619)
2025-05-22 09:13:14.330 [http-nio-8080-exec-1] INFO  o.a.c.c.C.[Tomcat].[localhost].[/] - Initializing Spring DispatcherServlet 'dispatcherServlet'
2025-05-22 09:13:14.330 [http-nio-8080-exec-1] INFO  o.s.web.servlet.DispatcherServlet - Initializing Servlet 'dispatcherServlet'
2025-05-22 09:13:14.332 [http-nio-8080-exec-1] INFO  o.s.web.servlet.DispatcherServlet - Completed initialization in 2 ms
2025-05-22 09:13:14.612 [http-nio-8080-exec-1] INFO  c.p.t.w.controller.JournalController - 复核通过，请求参数：JournalApproveReq(journalSequence=J20240101003)
2025-05-22 09:13:14.628 [http-nio-8080-exec-1] INFO  com.zaxxer.hikari.HikariDataSource - HikariPool-1 - Starting...
2025-05-22 09:13:15.099 [http-nio-8080-exec-1] INFO  com.zaxxer.hikari.pool.HikariPool - HikariPool-1 - Added connection org.postgresql.jdbc.PgConnection@3786fa1a
2025-05-22 09:13:15.099 [http-nio-8080-exec-1] INFO  com.zaxxer.hikari.HikariDataSource - HikariPool-1 - Start completed.
2025-05-22 09:14:53.800 [HikariPool-1 housekeeper] WARN  com.zaxxer.hikari.pool.HikariPool - HikariPool-1 - Thread starvation or clock leap detected (housekeeper delta=59s671ms104µs700ns).
2025-05-22 09:17:15.834 [HikariPool-1 housekeeper] WARN  com.zaxxer.hikari.pool.HikariPool - HikariPool-1 - Thread starvation or clock leap detected (housekeeper delta=2m22s32ms285µs900ns).
2025-05-22 10:28:01.779 [HikariPool-1 housekeeper] WARN  com.zaxxer.hikari.pool.HikariPool - HikariPool-1 - Thread starvation or clock leap detected (housekeeper delta=1h10m12s847ms463µs600ns).
2025-05-22 10:28:01.810 [http-nio-8080-exec-1] INFO  c.p.t.s.impl.JournalServiceImpl - 凭证复核通过成功，凭证编号：J20240101003
2025-05-22 11:08:50.810 [SpringApplicationShutdownHook] INFO  com.zaxxer.hikari.HikariDataSource - HikariPool-1 - Shutdown initiated...
2025-05-22 11:08:50.841 [SpringApplicationShutdownHook] INFO  com.zaxxer.hikari.HikariDataSource - HikariPool-1 - Shutdown completed.
2025-05-22 11:09:42.461 [background-preinit] INFO  o.h.validator.internal.util.Version - HV000001: Hibernate Validator 8.0.0.Final
2025-05-22 11:09:42.584 [main] INFO  com.paob.tms.TmsApplication - Starting TmsApplication using Java 17.0.0.1 with PID 1644 (D:\work\paob_tms1\target\classes started by wangxiaowen in D:\work\paob_tms1)
2025-05-22 11:09:42.590 [main] DEBUG com.paob.tms.TmsApplication - Running with Spring Boot v3.1.0, Spring v6.0.9
2025-05-22 11:09:42.593 [main] INFO  com.paob.tms.TmsApplication - The following 1 profile is active: "dev"
2025-05-22 11:09:47.972 [main] INFO  o.s.b.w.e.tomcat.TomcatWebServer - Tomcat initialized with port(s): 8080 (http)
2025-05-22 11:09:47.996 [main] INFO  o.a.coyote.http11.Http11NioProtocol - Initializing ProtocolHandler ["http-nio-8080"]
2025-05-22 11:09:47.998 [main] INFO  o.a.catalina.core.StandardService - Starting service [Tomcat]
2025-05-22 11:09:47.998 [main] INFO  o.a.catalina.core.StandardEngine - Starting Servlet engine: [Apache Tomcat/10.1.8]
2025-05-22 11:09:48.262 [main] INFO  o.a.c.c.C.[Tomcat].[localhost].[/] - Initializing Spring embedded WebApplicationContext
2025-05-22 11:09:48.268 [main] INFO  o.s.b.w.s.c.ServletWebServerApplicationContext - Root WebApplicationContext: initialization completed in 5504 ms
2025-05-22 11:09:49.945 [main] WARN  c.b.m.c.injector.DefaultSqlInjector - class com.paob.tms.model.FpsDwRepo ,Not found @TableId annotation, Cannot use Mybatis-Plus 'xxById' Method.
2025-05-22 11:09:49.983 [main] WARN  c.b.m.c.injector.DefaultSqlInjector - class com.paob.tms.model.RiskMonitoring ,Not found @TableId annotation, Cannot use Mybatis-Plus 'xxById' Method.
2025-05-22 11:09:50.028 [main] WARN  c.b.m.c.injector.DefaultSqlInjector - class com.paob.tms.dto.resp.SelectOptionResp ,Not found @TableId annotation, Cannot use Mybatis-Plus 'xxById' Method.
2025-05-22 11:09:50.074 [main] WARN  c.b.m.c.injector.DefaultSqlInjector - class com.paob.tms.dto.resp.SubjectBalanceDetailResp ,Not found @TableId annotation, Cannot use Mybatis-Plus 'xxById' Method.
2025-05-22 11:09:51.127 [main] WARN  c.b.m.c.injector.DefaultSqlInjector - class com.paob.tms.model.TmsVoucherDetail ,Not found @TableId annotation, Cannot use Mybatis-Plus 'xxById' Method.
2025-05-22 11:09:51.699 [main] WARN  o.s.b.a.s.s.UserDetailsServiceAutoConfiguration - 

Using generated security password: 73b44b8c-922d-490e-ac70-648cc083a098

This generated password is for development use only. Your security configuration must be updated before running your application in production.

2025-05-22 11:09:52.539 [main] INFO  o.s.s.web.DefaultSecurityFilterChain - Will secure any request with [org.springframework.security.web.session.DisableEncodeUrlFilter@e3ed455, org.springframework.security.web.context.request.async.WebAsyncManagerIntegrationFilter@27bb74e1, org.springframework.security.web.context.SecurityContextHolderFilter@5635bcd2, org.springframework.security.web.header.HeaderWriterFilter@6dece1f9, org.springframework.security.web.authentication.logout.LogoutFilter@473847fb, org.springframework.security.web.savedrequest.RequestCacheAwareFilter@6c27e700, org.springframework.security.web.servletapi.SecurityContextHolderAwareRequestFilter@41582899, org.springframework.security.web.authentication.AnonymousAuthenticationFilter@606d6d2c, org.springframework.security.web.access.ExceptionTranslationFilter@2707c790, org.springframework.security.web.access.intercept.AuthorizationFilter@12c76d6e]
2025-05-22 11:09:53.168 [main] INFO  o.a.coyote.http11.Http11NioProtocol - Starting ProtocolHandler ["http-nio-8080"]
2025-05-22 11:09:53.227 [main] INFO  o.s.b.w.e.tomcat.TomcatWebServer - Tomcat started on port(s): 8080 (http) with context path ''
2025-05-22 11:09:53.249 [main] INFO  com.paob.tms.TmsApplication - Started TmsApplication in 12.843 seconds (process running for 15.421)
2025-05-22 11:11:02.890 [http-nio-8080-exec-1] INFO  o.a.c.c.C.[Tomcat].[localhost].[/] - Initializing Spring DispatcherServlet 'dispatcherServlet'
2025-05-22 11:11:02.890 [http-nio-8080-exec-1] INFO  o.s.web.servlet.DispatcherServlet - Initializing Servlet 'dispatcherServlet'
2025-05-22 11:11:02.894 [http-nio-8080-exec-1] INFO  o.s.web.servlet.DispatcherServlet - Completed initialization in 4 ms
2025-05-22 11:11:03.229 [http-nio-8080-exec-1] INFO  c.p.t.w.controller.JournalController - 复核通过，请求参数：JournalApproveReq(journalSequence=J20240101003)
2025-05-22 11:11:03.262 [http-nio-8080-exec-1] INFO  com.zaxxer.hikari.HikariDataSource - HikariPool-1 - Starting...
2025-05-22 11:11:04.689 [http-nio-8080-exec-1] INFO  com.zaxxer.hikari.pool.HikariPool - HikariPool-1 - Added connection org.postgresql.jdbc.PgConnection@58097a7d
2025-05-22 11:11:04.706 [http-nio-8080-exec-1] INFO  com.zaxxer.hikari.HikariDataSource - HikariPool-1 - Start completed.
2025-05-22 11:11:47.998 [http-nio-8080-exec-1] ERROR com.paob.tms.util.VoucherFileUtil - 处理凭证文件失败
org.apache.ibatis.binding.BindingException: Invalid bound statement (not found): com.paob.tms.mapper.TmsVoucherDetailMapper.updateById
	at org.apache.ibatis.binding.MapperMethod$SqlCommand.<init>(MapperMethod.java:229)
	at com.baomidou.mybatisplus.core.override.MybatisMapperMethod.<init>(MybatisMapperMethod.java:50)
	at com.baomidou.mybatisplus.core.override.MybatisMapperProxy.lambda$cachedInvoker$0(MybatisMapperProxy.java:111)
	at java.base/java.util.concurrent.ConcurrentHashMap.computeIfAbsent(ConcurrentHashMap.java:1708)
	at com.baomidou.mybatisplus.core.toolkit.CollectionUtils.computeIfAbsent(CollectionUtils.java:157)
	at com.baomidou.mybatisplus.core.override.MybatisMapperProxy.cachedInvoker(MybatisMapperProxy.java:98)
	at com.baomidou.mybatisplus.core.override.MybatisMapperProxy.invoke(MybatisMapperProxy.java:89)
	at jdk.proxy2/jdk.proxy2.$Proxy105.updateById(Unknown Source)
	at com.paob.tms.util.VoucherFileUtil.processVoucherFiles(VoucherFileUtil.java:108)
	at com.paob.tms.service.impl.JournalServiceImpl.approveJournal(JournalServiceImpl.java:268)
	at java.base/jdk.internal.reflect.NativeMethodAccessorImpl.invoke0(Native Method)
	at java.base/jdk.internal.reflect.NativeMethodAccessorImpl.invoke(NativeMethodAccessorImpl.java:77)
	at java.base/jdk.internal.reflect.DelegatingMethodAccessorImpl.invoke(DelegatingMethodAccessorImpl.java:43)
	at java.base/java.lang.reflect.Method.invoke(Method.java:568)
	at org.springframework.aop.support.AopUtils.invokeJoinpointUsingReflection(AopUtils.java:343)
	at org.springframework.aop.framework.ReflectiveMethodInvocation.invokeJoinpoint(ReflectiveMethodInvocation.java:196)
	at org.springframework.aop.framework.ReflectiveMethodInvocation.proceed(ReflectiveMethodInvocation.java:163)
	at org.springframework.aop.framework.CglibAopProxy$CglibMethodInvocation.proceed(CglibAopProxy.java:750)
	at org.springframework.transaction.interceptor.TransactionInterceptor$1.proceedWithInvocation(TransactionInterceptor.java:123)
	at org.springframework.transaction.interceptor.TransactionAspectSupport.invokeWithinTransaction(TransactionAspectSupport.java:391)
	at org.springframework.transaction.interceptor.TransactionInterceptor.invoke(TransactionInterceptor.java:119)
	at org.springframework.aop.framework.ReflectiveMethodInvocation.proceed(ReflectiveMethodInvocation.java:184)
	at org.springframework.aop.framework.CglibAopProxy$CglibMethodInvocation.proceed(CglibAopProxy.java:750)
	at org.springframework.aop.framework.CglibAopProxy$DynamicAdvisedInterceptor.intercept(CglibAopProxy.java:702)
	at com.paob.tms.service.impl.JournalServiceImpl$$SpringCGLIB$$0.approveJournal(<generated>)
	at com.paob.tms.web.controller.JournalController.approveJournal(JournalController.java:49)
	at java.base/jdk.internal.reflect.NativeMethodAccessorImpl.invoke0(Native Method)
	at java.base/jdk.internal.reflect.NativeMethodAccessorImpl.invoke(NativeMethodAccessorImpl.java:77)
	at java.base/jdk.internal.reflect.DelegatingMethodAccessorImpl.invoke(DelegatingMethodAccessorImpl.java:43)
	at java.base/java.lang.reflect.Method.invoke(Method.java:568)
	at org.springframework.web.method.support.InvocableHandlerMethod.doInvoke(InvocableHandlerMethod.java:207)
	at org.springframework.web.method.support.InvocableHandlerMethod.invokeForRequest(InvocableHandlerMethod.java:152)
	at org.springframework.web.servlet.mvc.method.annotation.ServletInvocableHandlerMethod.invokeAndHandle(ServletInvocableHandlerMethod.java:118)
	at org.springframework.web.servlet.mvc.method.annotation.RequestMappingHandlerAdapter.invokeHandlerMethod(RequestMappingHandlerAdapter.java:884)
	at org.springframework.web.servlet.mvc.method.annotation.RequestMappingHandlerAdapter.handleInternal(RequestMappingHandlerAdapter.java:797)
	at org.springframework.web.servlet.mvc.method.AbstractHandlerMethodAdapter.handle(AbstractHandlerMethodAdapter.java:87)
	at org.springframework.web.servlet.DispatcherServlet.doDispatch(DispatcherServlet.java:1081)
	at org.springframework.web.servlet.DispatcherServlet.doService(DispatcherServlet.java:974)
	at org.springframework.web.servlet.FrameworkServlet.processRequest(FrameworkServlet.java:1011)
	at org.springframework.web.servlet.FrameworkServlet.doPost(FrameworkServlet.java:914)
	at jakarta.servlet.http.HttpServlet.service(HttpServlet.java:590)
	at org.springframework.web.servlet.FrameworkServlet.service(FrameworkServlet.java:885)
	at jakarta.servlet.http.HttpServlet.service(HttpServlet.java:658)
	at org.apache.catalina.core.ApplicationFilterChain.internalDoFilter(ApplicationFilterChain.java:205)
	at org.apache.catalina.core.ApplicationFilterChain.doFilter(ApplicationFilterChain.java:149)
	at org.apache.tomcat.websocket.server.WsFilter.doFilter(WsFilter.java:51)
	at org.apache.catalina.core.ApplicationFilterChain.internalDoFilter(ApplicationFilterChain.java:174)
	at org.apache.catalina.core.ApplicationFilterChain.doFilter(ApplicationFilterChain.java:149)
	at org.springframework.security.web.FilterChainProxy.lambda$doFilterInternal$3(FilterChainProxy.java:231)
	at org.springframework.security.web.FilterChainProxy$VirtualFilterChain.doFilter(FilterChainProxy.java:365)
	at org.springframework.security.web.access.intercept.AuthorizationFilter.doFilter(AuthorizationFilter.java:100)
	at org.springframework.security.web.FilterChainProxy$VirtualFilterChain.doFilter(FilterChainProxy.java:374)
	at org.springframework.security.web.access.ExceptionTranslationFilter.doFilter(ExceptionTranslationFilter.java:126)
	at org.springframework.security.web.access.ExceptionTranslationFilter.doFilter(ExceptionTranslationFilter.java:120)
	at org.springframework.security.web.FilterChainProxy$VirtualFilterChain.doFilter(FilterChainProxy.java:374)
	at org.springframework.security.web.authentication.AnonymousAuthenticationFilter.doFilter(AnonymousAuthenticationFilter.java:100)
	at org.springframework.security.web.FilterChainProxy$VirtualFilterChain.doFilter(FilterChainProxy.java:374)
	at org.springframework.security.web.servletapi.SecurityContextHolderAwareRequestFilter.doFilter(SecurityContextHolderAwareRequestFilter.java:179)
	at org.springframework.security.web.FilterChainProxy$VirtualFilterChain.doFilter(FilterChainProxy.java:374)
	at org.springframework.security.web.savedrequest.RequestCacheAwareFilter.doFilter(RequestCacheAwareFilter.java:63)
	at org.springframework.security.web.FilterChainProxy$VirtualFilterChain.doFilter(FilterChainProxy.java:374)
	at org.springframework.security.web.authentication.logout.LogoutFilter.doFilter(LogoutFilter.java:107)
	at org.springframework.security.web.authentication.logout.LogoutFilter.doFilter(LogoutFilter.java:93)
	at org.springframework.security.web.FilterChainProxy$VirtualFilterChain.doFilter(FilterChainProxy.java:374)
	at org.springframework.security.web.header.HeaderWriterFilter.doHeadersAfter(HeaderWriterFilter.java:90)
	at org.springframework.security.web.header.HeaderWriterFilter.doFilterInternal(HeaderWriterFilter.java:75)
	at org.springframework.web.filter.OncePerRequestFilter.doFilter(OncePerRequestFilter.java:116)
	at org.springframework.security.web.FilterChainProxy$VirtualFilterChain.doFilter(FilterChainProxy.java:374)
	at org.springframework.security.web.context.SecurityContextHolderFilter.doFilter(SecurityContextHolderFilter.java:82)
	at org.springframework.security.web.context.SecurityContextHolderFilter.doFilter(SecurityContextHolderFilter.java:69)
	at org.springframework.security.web.FilterChainProxy$VirtualFilterChain.doFilter(FilterChainProxy.java:374)
	at org.springframework.security.web.context.request.async.WebAsyncManagerIntegrationFilter.doFilterInternal(WebAsyncManagerIntegrationFilter.java:62)
	at org.springframework.web.filter.OncePerRequestFilter.doFilter(OncePerRequestFilter.java:116)
	at org.springframework.security.web.FilterChainProxy$VirtualFilterChain.doFilter(FilterChainProxy.java:374)
	at org.springframework.security.web.session.DisableEncodeUrlFilter.doFilterInternal(DisableEncodeUrlFilter.java:42)
	at org.springframework.web.filter.OncePerRequestFilter.doFilter(OncePerRequestFilter.java:116)
	at org.springframework.security.web.FilterChainProxy$VirtualFilterChain.doFilter(FilterChainProxy.java:374)
	at org.springframework.security.web.FilterChainProxy.doFilterInternal(FilterChainProxy.java:233)
	at org.springframework.security.web.FilterChainProxy.doFilter(FilterChainProxy.java:191)
	at org.springframework.web.filter.DelegatingFilterProxy.invokeDelegate(DelegatingFilterProxy.java:352)
	at org.springframework.web.filter.DelegatingFilterProxy.doFilter(DelegatingFilterProxy.java:268)
	at org.apache.catalina.core.ApplicationFilterChain.internalDoFilter(ApplicationFilterChain.java:174)
	at org.apache.catalina.core.ApplicationFilterChain.doFilter(ApplicationFilterChain.java:149)
	at org.springframework.web.filter.RequestContextFilter.doFilterInternal(RequestContextFilter.java:100)
	at org.springframework.web.filter.OncePerRequestFilter.doFilter(OncePerRequestFilter.java:116)
	at org.apache.catalina.core.ApplicationFilterChain.internalDoFilter(ApplicationFilterChain.java:174)
	at org.apache.catalina.core.ApplicationFilterChain.doFilter(ApplicationFilterChain.java:149)
	at org.springframework.web.filter.FormContentFilter.doFilterInternal(FormContentFilter.java:93)
	at org.springframework.web.filter.OncePerRequestFilter.doFilter(OncePerRequestFilter.java:116)
	at org.apache.catalina.core.ApplicationFilterChain.internalDoFilter(ApplicationFilterChain.java:174)
	at org.apache.catalina.core.ApplicationFilterChain.doFilter(ApplicationFilterChain.java:149)
	at org.springframework.web.filter.CharacterEncodingFilter.doFilterInternal(CharacterEncodingFilter.java:201)
	at org.springframework.web.filter.OncePerRequestFilter.doFilter(OncePerRequestFilter.java:116)
	at org.apache.catalina.core.ApplicationFilterChain.internalDoFilter(ApplicationFilterChain.java:174)
	at org.apache.catalina.core.ApplicationFilterChain.doFilter(ApplicationFilterChain.java:149)
	at org.apache.catalina.core.StandardWrapperValve.invoke(StandardWrapperValve.java:166)
	at org.apache.catalina.core.StandardContextValve.invoke(StandardContextValve.java:90)
	at org.apache.catalina.authenticator.AuthenticatorBase.invoke(AuthenticatorBase.java:482)
	at org.apache.catalina.core.StandardHostValve.invoke(StandardHostValve.java:115)
	at org.apache.catalina.valves.ErrorReportValve.invoke(ErrorReportValve.java:93)
	at org.apache.catalina.core.StandardEngineValve.invoke(StandardEngineValve.java:74)
	at org.apache.catalina.connector.CoyoteAdapter.service(CoyoteAdapter.java:341)
	at org.apache.coyote.http11.Http11Processor.service(Http11Processor.java:390)
	at org.apache.coyote.AbstractProcessorLight.process(AbstractProcessorLight.java:63)
	at org.apache.coyote.AbstractProtocol$ConnectionHandler.process(AbstractProtocol.java:894)
	at org.apache.tomcat.util.net.NioEndpoint$SocketProcessor.doRun(NioEndpoint.java:1741)
	at org.apache.tomcat.util.net.SocketProcessorBase.run(SocketProcessorBase.java:52)
	at org.apache.tomcat.util.threads.ThreadPoolExecutor.runWorker(ThreadPoolExecutor.java:1191)
	at org.apache.tomcat.util.threads.ThreadPoolExecutor$Worker.run(ThreadPoolExecutor.java:659)
	at org.apache.tomcat.util.threads.TaskThread$WrappingRunnable.run(TaskThread.java:61)
	at java.base/java.lang.Thread.run(Thread.java:833)
2025-05-22 11:11:48.077 [http-nio-8080-exec-1] ERROR o.a.c.c.C.[.[.[.[dispatcherServlet] - Servlet.service() for servlet [dispatcherServlet] in context with path [] threw exception [Request processing failed: java.lang.RuntimeException: 处理凭证文件失败: Invalid bound statement (not found): com.paob.tms.mapper.TmsVoucherDetailMapper.updateById] with root cause
java.lang.RuntimeException: 处理凭证文件失败: Invalid bound statement (not found): com.paob.tms.mapper.TmsVoucherDetailMapper.updateById
	at com.paob.tms.util.VoucherFileUtil.processVoucherFiles(VoucherFileUtil.java:113)
	at com.paob.tms.service.impl.JournalServiceImpl.approveJournal(JournalServiceImpl.java:268)
	at java.base/jdk.internal.reflect.NativeMethodAccessorImpl.invoke0(Native Method)
	at java.base/jdk.internal.reflect.NativeMethodAccessorImpl.invoke(NativeMethodAccessorImpl.java:77)
	at java.base/jdk.internal.reflect.DelegatingMethodAccessorImpl.invoke(DelegatingMethodAccessorImpl.java:43)
	at java.base/java.lang.reflect.Method.invoke(Method.java:568)
	at org.springframework.aop.support.AopUtils.invokeJoinpointUsingReflection(AopUtils.java:343)
	at org.springframework.aop.framework.ReflectiveMethodInvocation.invokeJoinpoint(ReflectiveMethodInvocation.java:196)
	at org.springframework.aop.framework.ReflectiveMethodInvocation.proceed(ReflectiveMethodInvocation.java:163)
	at org.springframework.aop.framework.CglibAopProxy$CglibMethodInvocation.proceed(CglibAopProxy.java:750)
	at org.springframework.transaction.interceptor.TransactionInterceptor$1.proceedWithInvocation(TransactionInterceptor.java:123)
	at org.springframework.transaction.interceptor.TransactionAspectSupport.invokeWithinTransaction(TransactionAspectSupport.java:391)
	at org.springframework.transaction.interceptor.TransactionInterceptor.invoke(TransactionInterceptor.java:119)
	at org.springframework.aop.framework.ReflectiveMethodInvocation.proceed(ReflectiveMethodInvocation.java:184)
	at org.springframework.aop.framework.CglibAopProxy$CglibMethodInvocation.proceed(CglibAopProxy.java:750)
	at org.springframework.aop.framework.CglibAopProxy$DynamicAdvisedInterceptor.intercept(CglibAopProxy.java:702)
	at com.paob.tms.service.impl.JournalServiceImpl$$SpringCGLIB$$0.approveJournal(<generated>)
	at com.paob.tms.web.controller.JournalController.approveJournal(JournalController.java:49)
	at java.base/jdk.internal.reflect.NativeMethodAccessorImpl.invoke0(Native Method)
	at java.base/jdk.internal.reflect.NativeMethodAccessorImpl.invoke(NativeMethodAccessorImpl.java:77)
	at java.base/jdk.internal.reflect.DelegatingMethodAccessorImpl.invoke(DelegatingMethodAccessorImpl.java:43)
	at java.base/java.lang.reflect.Method.invoke(Method.java:568)
	at org.springframework.web.method.support.InvocableHandlerMethod.doInvoke(InvocableHandlerMethod.java:207)
	at org.springframework.web.method.support.InvocableHandlerMethod.invokeForRequest(InvocableHandlerMethod.java:152)
	at org.springframework.web.servlet.mvc.method.annotation.ServletInvocableHandlerMethod.invokeAndHandle(ServletInvocableHandlerMethod.java:118)
	at org.springframework.web.servlet.mvc.method.annotation.RequestMappingHandlerAdapter.invokeHandlerMethod(RequestMappingHandlerAdapter.java:884)
	at org.springframework.web.servlet.mvc.method.annotation.RequestMappingHandlerAdapter.handleInternal(RequestMappingHandlerAdapter.java:797)
	at org.springframework.web.servlet.mvc.method.AbstractHandlerMethodAdapter.handle(AbstractHandlerMethodAdapter.java:87)
	at org.springframework.web.servlet.DispatcherServlet.doDispatch(DispatcherServlet.java:1081)
	at org.springframework.web.servlet.DispatcherServlet.doService(DispatcherServlet.java:974)
	at org.springframework.web.servlet.FrameworkServlet.processRequest(FrameworkServlet.java:1011)
	at org.springframework.web.servlet.FrameworkServlet.doPost(FrameworkServlet.java:914)
	at jakarta.servlet.http.HttpServlet.service(HttpServlet.java:590)
	at org.springframework.web.servlet.FrameworkServlet.service(FrameworkServlet.java:885)
	at jakarta.servlet.http.HttpServlet.service(HttpServlet.java:658)
	at org.apache.catalina.core.ApplicationFilterChain.internalDoFilter(ApplicationFilterChain.java:205)
	at org.apache.catalina.core.ApplicationFilterChain.doFilter(ApplicationFilterChain.java:149)
	at org.apache.tomcat.websocket.server.WsFilter.doFilter(WsFilter.java:51)
	at org.apache.catalina.core.ApplicationFilterChain.internalDoFilter(ApplicationFilterChain.java:174)
	at org.apache.catalina.core.ApplicationFilterChain.doFilter(ApplicationFilterChain.java:149)
	at org.springframework.security.web.FilterChainProxy.lambda$doFilterInternal$3(FilterChainProxy.java:231)
	at org.springframework.security.web.FilterChainProxy$VirtualFilterChain.doFilter(FilterChainProxy.java:365)
	at org.springframework.security.web.access.intercept.AuthorizationFilter.doFilter(AuthorizationFilter.java:100)
	at org.springframework.security.web.FilterChainProxy$VirtualFilterChain.doFilter(FilterChainProxy.java:374)
	at org.springframework.security.web.access.ExceptionTranslationFilter.doFilter(ExceptionTranslationFilter.java:126)
	at org.springframework.security.web.access.ExceptionTranslationFilter.doFilter(ExceptionTranslationFilter.java:120)
	at org.springframework.security.web.FilterChainProxy$VirtualFilterChain.doFilter(FilterChainProxy.java:374)
	at org.springframework.security.web.authentication.AnonymousAuthenticationFilter.doFilter(AnonymousAuthenticationFilter.java:100)
	at org.springframework.security.web.FilterChainProxy$VirtualFilterChain.doFilter(FilterChainProxy.java:374)
	at org.springframework.security.web.servletapi.SecurityContextHolderAwareRequestFilter.doFilter(SecurityContextHolderAwareRequestFilter.java:179)
	at org.springframework.security.web.FilterChainProxy$VirtualFilterChain.doFilter(FilterChainProxy.java:374)
	at org.springframework.security.web.savedrequest.RequestCacheAwareFilter.doFilter(RequestCacheAwareFilter.java:63)
	at org.springframework.security.web.FilterChainProxy$VirtualFilterChain.doFilter(FilterChainProxy.java:374)
	at org.springframework.security.web.authentication.logout.LogoutFilter.doFilter(LogoutFilter.java:107)
	at org.springframework.security.web.authentication.logout.LogoutFilter.doFilter(LogoutFilter.java:93)
	at org.springframework.security.web.FilterChainProxy$VirtualFilterChain.doFilter(FilterChainProxy.java:374)
	at org.springframework.security.web.header.HeaderWriterFilter.doHeadersAfter(HeaderWriterFilter.java:90)
	at org.springframework.security.web.header.HeaderWriterFilter.doFilterInternal(HeaderWriterFilter.java:75)
	at org.springframework.web.filter.OncePerRequestFilter.doFilter(OncePerRequestFilter.java:116)
	at org.springframework.security.web.FilterChainProxy$VirtualFilterChain.doFilter(FilterChainProxy.java:374)
	at org.springframework.security.web.context.SecurityContextHolderFilter.doFilter(SecurityContextHolderFilter.java:82)
	at org.springframework.security.web.context.SecurityContextHolderFilter.doFilter(SecurityContextHolderFilter.java:69)
	at org.springframework.security.web.FilterChainProxy$VirtualFilterChain.doFilter(FilterChainProxy.java:374)
	at org.springframework.security.web.context.request.async.WebAsyncManagerIntegrationFilter.doFilterInternal(WebAsyncManagerIntegrationFilter.java:62)
	at org.springframework.web.filter.OncePerRequestFilter.doFilter(OncePerRequestFilter.java:116)
	at org.springframework.security.web.FilterChainProxy$VirtualFilterChain.doFilter(FilterChainProxy.java:374)
	at org.springframework.security.web.session.DisableEncodeUrlFilter.doFilterInternal(DisableEncodeUrlFilter.java:42)
	at org.springframework.web.filter.OncePerRequestFilter.doFilter(OncePerRequestFilter.java:116)
	at org.springframework.security.web.FilterChainProxy$VirtualFilterChain.doFilter(FilterChainProxy.java:374)
	at org.springframework.security.web.FilterChainProxy.doFilterInternal(FilterChainProxy.java:233)
	at org.springframework.security.web.FilterChainProxy.doFilter(FilterChainProxy.java:191)
	at org.springframework.web.filter.DelegatingFilterProxy.invokeDelegate(DelegatingFilterProxy.java:352)
	at org.springframework.web.filter.DelegatingFilterProxy.doFilter(DelegatingFilterProxy.java:268)
	at org.apache.catalina.core.ApplicationFilterChain.internalDoFilter(ApplicationFilterChain.java:174)
	at org.apache.catalina.core.ApplicationFilterChain.doFilter(ApplicationFilterChain.java:149)
	at org.springframework.web.filter.RequestContextFilter.doFilterInternal(RequestContextFilter.java:100)
	at org.springframework.web.filter.OncePerRequestFilter.doFilter(OncePerRequestFilter.java:116)
	at org.apache.catalina.core.ApplicationFilterChain.internalDoFilter(ApplicationFilterChain.java:174)
	at org.apache.catalina.core.ApplicationFilterChain.doFilter(ApplicationFilterChain.java:149)
	at org.springframework.web.filter.FormContentFilter.doFilterInternal(FormContentFilter.java:93)
	at org.springframework.web.filter.OncePerRequestFilter.doFilter(OncePerRequestFilter.java:116)
	at org.apache.catalina.core.ApplicationFilterChain.internalDoFilter(ApplicationFilterChain.java:174)
	at org.apache.catalina.core.ApplicationFilterChain.doFilter(ApplicationFilterChain.java:149)
	at org.springframework.web.filter.CharacterEncodingFilter.doFilterInternal(CharacterEncodingFilter.java:201)
	at org.springframework.web.filter.OncePerRequestFilter.doFilter(OncePerRequestFilter.java:116)
	at org.apache.catalina.core.ApplicationFilterChain.internalDoFilter(ApplicationFilterChain.java:174)
	at org.apache.catalina.core.ApplicationFilterChain.doFilter(ApplicationFilterChain.java:149)
	at org.apache.catalina.core.StandardWrapperValve.invoke(StandardWrapperValve.java:166)
	at org.apache.catalina.core.StandardContextValve.invoke(StandardContextValve.java:90)
	at org.apache.catalina.authenticator.AuthenticatorBase.invoke(AuthenticatorBase.java:482)
	at org.apache.catalina.core.StandardHostValve.invoke(StandardHostValve.java:115)
	at org.apache.catalina.valves.ErrorReportValve.invoke(ErrorReportValve.java:93)
	at org.apache.catalina.core.StandardEngineValve.invoke(StandardEngineValve.java:74)
	at org.apache.catalina.connector.CoyoteAdapter.service(CoyoteAdapter.java:341)
	at org.apache.coyote.http11.Http11Processor.service(Http11Processor.java:390)
	at org.apache.coyote.AbstractProcessorLight.process(AbstractProcessorLight.java:63)
	at org.apache.coyote.AbstractProtocol$ConnectionHandler.process(AbstractProtocol.java:894)
	at org.apache.tomcat.util.net.NioEndpoint$SocketProcessor.doRun(NioEndpoint.java:1741)
	at org.apache.tomcat.util.net.SocketProcessorBase.run(SocketProcessorBase.java:52)
	at org.apache.tomcat.util.threads.ThreadPoolExecutor.runWorker(ThreadPoolExecutor.java:1191)
	at org.apache.tomcat.util.threads.ThreadPoolExecutor$Worker.run(ThreadPoolExecutor.java:659)
	at org.apache.tomcat.util.threads.TaskThread$WrappingRunnable.run(TaskThread.java:61)
	at java.base/java.lang.Thread.run(Thread.java:833)
2025-05-22 11:18:49.985 [SpringApplicationShutdownHook] INFO  com.zaxxer.hikari.HikariDataSource - HikariPool-1 - Shutdown initiated...
2025-05-22 11:18:49.997 [SpringApplicationShutdownHook] INFO  com.zaxxer.hikari.HikariDataSource - HikariPool-1 - Shutdown completed.
2025-05-22 11:18:57.363 [background-preinit] INFO  o.h.validator.internal.util.Version - HV000001: Hibernate Validator 8.0.0.Final
2025-05-22 11:18:57.430 [main] INFO  com.paob.tms.TmsApplication - Starting TmsApplication using Java 17.0.0.1 with PID 17672 (D:\work\paob_tms1\target\classes started by wangxiaowen in D:\work\paob_tms1)
2025-05-22 11:18:57.430 [main] DEBUG com.paob.tms.TmsApplication - Running with Spring Boot v3.1.0, Spring v6.0.9
2025-05-22 11:18:57.443 [main] INFO  com.paob.tms.TmsApplication - The following 1 profile is active: "dev"
2025-05-22 11:19:00.765 [main] INFO  o.s.b.w.e.tomcat.TomcatWebServer - Tomcat initialized with port(s): 8080 (http)
2025-05-22 11:19:00.781 [main] INFO  o.a.coyote.http11.Http11NioProtocol - Initializing ProtocolHandler ["http-nio-8080"]
2025-05-22 11:19:00.781 [main] INFO  o.a.catalina.core.StandardService - Starting service [Tomcat]
2025-05-22 11:19:00.781 [main] INFO  o.a.catalina.core.StandardEngine - Starting Servlet engine: [Apache Tomcat/10.1.8]
2025-05-22 11:19:01.006 [main] INFO  o.a.c.c.C.[Tomcat].[localhost].[/] - Initializing Spring embedded WebApplicationContext
2025-05-22 11:19:01.006 [main] INFO  o.s.b.w.s.c.ServletWebServerApplicationContext - Root WebApplicationContext: initialization completed in 3476 ms
2025-05-22 11:19:02.060 [main] WARN  c.b.m.c.injector.DefaultSqlInjector - class com.paob.tms.model.FpsDwRepo ,Not found @TableId annotation, Cannot use Mybatis-Plus 'xxById' Method.
2025-05-22 11:19:02.088 [main] WARN  c.b.m.c.injector.DefaultSqlInjector - class com.paob.tms.model.RiskMonitoring ,Not found @TableId annotation, Cannot use Mybatis-Plus 'xxById' Method.
2025-05-22 11:19:02.124 [main] WARN  c.b.m.c.injector.DefaultSqlInjector - class com.paob.tms.dto.resp.SelectOptionResp ,Not found @TableId annotation, Cannot use Mybatis-Plus 'xxById' Method.
2025-05-22 11:19:02.169 [main] WARN  c.b.m.c.injector.DefaultSqlInjector - class com.paob.tms.dto.resp.SubjectBalanceDetailResp ,Not found @TableId annotation, Cannot use Mybatis-Plus 'xxById' Method.
2025-05-22 11:19:03.070 [main] WARN  c.b.m.c.injector.DefaultSqlInjector - class com.paob.tms.model.TmsVoucherDetail ,Not found @TableId annotation, Cannot use Mybatis-Plus 'xxById' Method.
2025-05-22 11:19:03.587 [main] WARN  o.s.b.a.s.s.UserDetailsServiceAutoConfiguration - 

Using generated security password: 6f801bb3-acab-44a1-b07d-e51365acbc4f

This generated password is for development use only. Your security configuration must be updated before running your application in production.

2025-05-22 11:19:04.202 [main] INFO  o.s.s.web.DefaultSecurityFilterChain - Will secure any request with [org.springframework.security.web.session.DisableEncodeUrlFilter@2d2fc130, org.springframework.security.web.context.request.async.WebAsyncManagerIntegrationFilter@7bbdb220, org.springframework.security.web.context.SecurityContextHolderFilter@23396fc0, org.springframework.security.web.header.HeaderWriterFilter@45bd4753, org.springframework.security.web.authentication.logout.LogoutFilter@5e51ec2e, org.springframework.security.web.savedrequest.RequestCacheAwareFilter@7e5e6573, org.springframework.security.web.servletapi.SecurityContextHolderAwareRequestFilter@50df37eb, org.springframework.security.web.authentication.AnonymousAuthenticationFilter@6d001fbe, org.springframework.security.web.access.ExceptionTranslationFilter@30c01c37, org.springframework.security.web.access.intercept.AuthorizationFilter@52909a97]
2025-05-22 11:19:04.668 [main] INFO  o.a.coyote.http11.Http11NioProtocol - Starting ProtocolHandler ["http-nio-8080"]
2025-05-22 11:19:04.730 [main] INFO  o.s.b.w.e.tomcat.TomcatWebServer - Tomcat started on port(s): 8080 (http) with context path ''
2025-05-22 11:19:04.747 [main] INFO  com.paob.tms.TmsApplication - Started TmsApplication in 8.503 seconds (process running for 9.414)
2025-05-22 11:19:22.045 [http-nio-8080-exec-1] INFO  o.a.c.c.C.[Tomcat].[localhost].[/] - Initializing Spring DispatcherServlet 'dispatcherServlet'
2025-05-22 11:19:22.045 [http-nio-8080-exec-1] INFO  o.s.web.servlet.DispatcherServlet - Initializing Servlet 'dispatcherServlet'
2025-05-22 11:19:22.047 [http-nio-8080-exec-1] INFO  o.s.web.servlet.DispatcherServlet - Completed initialization in 2 ms
2025-05-22 11:19:22.210 [http-nio-8080-exec-1] INFO  c.p.t.w.controller.JournalController - 复核通过，请求参数：JournalApproveReq(journalSequence=J20240101003)
2025-05-22 11:19:22.231 [http-nio-8080-exec-1] INFO  com.zaxxer.hikari.HikariDataSource - HikariPool-1 - Starting...
2025-05-22 11:19:22.662 [http-nio-8080-exec-1] INFO  com.zaxxer.hikari.pool.HikariPool - HikariPool-1 - Added connection org.postgresql.jdbc.PgConnection@968c683
2025-05-22 11:19:22.662 [http-nio-8080-exec-1] INFO  com.zaxxer.hikari.HikariDataSource - HikariPool-1 - Start completed.
2025-05-22 11:19:28.217 [http-nio-8080-exec-1] ERROR com.paob.tms.util.VoucherFileUtil - 处理凭证文件失败
java.nio.file.FileAlreadyExistsException: D:\work\paob_tms1\keys\A23_20250522_800000_100.tar.gz.OK
	at java.base/sun.nio.fs.WindowsException.translateToIOException(WindowsException.java:87)
	at java.base/sun.nio.fs.WindowsException.rethrowAsIOException(WindowsException.java:103)
	at java.base/sun.nio.fs.WindowsException.rethrowAsIOException(WindowsException.java:108)
	at java.base/sun.nio.fs.WindowsFileSystemProvider.newByteChannel(WindowsFileSystemProvider.java:236)
	at java.base/java.nio.file.Files.newByteChannel(Files.java:380)
	at java.base/java.nio.file.Files.createFile(Files.java:658)
	at com.paob.tms.util.VoucherFileUtil.createOkFile(VoucherFileUtil.java:180)
	at com.paob.tms.util.VoucherFileUtil.processVoucherFiles(VoucherFileUtil.java:93)
	at com.paob.tms.service.impl.JournalServiceImpl.approveJournal(JournalServiceImpl.java:268)
	at java.base/jdk.internal.reflect.NativeMethodAccessorImpl.invoke0(Native Method)
	at java.base/jdk.internal.reflect.NativeMethodAccessorImpl.invoke(NativeMethodAccessorImpl.java:77)
	at java.base/jdk.internal.reflect.DelegatingMethodAccessorImpl.invoke(DelegatingMethodAccessorImpl.java:43)
	at java.base/java.lang.reflect.Method.invoke(Method.java:568)
	at org.springframework.aop.support.AopUtils.invokeJoinpointUsingReflection(AopUtils.java:343)
	at org.springframework.aop.framework.ReflectiveMethodInvocation.invokeJoinpoint(ReflectiveMethodInvocation.java:196)
	at org.springframework.aop.framework.ReflectiveMethodInvocation.proceed(ReflectiveMethodInvocation.java:163)
	at org.springframework.aop.framework.CglibAopProxy$CglibMethodInvocation.proceed(CglibAopProxy.java:750)
	at org.springframework.transaction.interceptor.TransactionInterceptor$1.proceedWithInvocation(TransactionInterceptor.java:123)
	at org.springframework.transaction.interceptor.TransactionAspectSupport.invokeWithinTransaction(TransactionAspectSupport.java:391)
	at org.springframework.transaction.interceptor.TransactionInterceptor.invoke(TransactionInterceptor.java:119)
	at org.springframework.aop.framework.ReflectiveMethodInvocation.proceed(ReflectiveMethodInvocation.java:184)
	at org.springframework.aop.framework.CglibAopProxy$CglibMethodInvocation.proceed(CglibAopProxy.java:750)
	at org.springframework.aop.framework.CglibAopProxy$DynamicAdvisedInterceptor.intercept(CglibAopProxy.java:702)
	at com.paob.tms.service.impl.JournalServiceImpl$$SpringCGLIB$$0.approveJournal(<generated>)
	at com.paob.tms.web.controller.JournalController.approveJournal(JournalController.java:49)
	at java.base/jdk.internal.reflect.NativeMethodAccessorImpl.invoke0(Native Method)
	at java.base/jdk.internal.reflect.NativeMethodAccessorImpl.invoke(NativeMethodAccessorImpl.java:77)
	at java.base/jdk.internal.reflect.DelegatingMethodAccessorImpl.invoke(DelegatingMethodAccessorImpl.java:43)
	at java.base/java.lang.reflect.Method.invoke(Method.java:568)
	at org.springframework.web.method.support.InvocableHandlerMethod.doInvoke(InvocableHandlerMethod.java:207)
	at org.springframework.web.method.support.InvocableHandlerMethod.invokeForRequest(InvocableHandlerMethod.java:152)
	at org.springframework.web.servlet.mvc.method.annotation.ServletInvocableHandlerMethod.invokeAndHandle(ServletInvocableHandlerMethod.java:118)
	at org.springframework.web.servlet.mvc.method.annotation.RequestMappingHandlerAdapter.invokeHandlerMethod(RequestMappingHandlerAdapter.java:884)
	at org.springframework.web.servlet.mvc.method.annotation.RequestMappingHandlerAdapter.handleInternal(RequestMappingHandlerAdapter.java:797)
	at org.springframework.web.servlet.mvc.method.AbstractHandlerMethodAdapter.handle(AbstractHandlerMethodAdapter.java:87)
	at org.springframework.web.servlet.DispatcherServlet.doDispatch(DispatcherServlet.java:1081)
	at org.springframework.web.servlet.DispatcherServlet.doService(DispatcherServlet.java:974)
	at org.springframework.web.servlet.FrameworkServlet.processRequest(FrameworkServlet.java:1011)
	at org.springframework.web.servlet.FrameworkServlet.doPost(FrameworkServlet.java:914)
	at jakarta.servlet.http.HttpServlet.service(HttpServlet.java:590)
	at org.springframework.web.servlet.FrameworkServlet.service(FrameworkServlet.java:885)
	at jakarta.servlet.http.HttpServlet.service(HttpServlet.java:658)
	at org.apache.catalina.core.ApplicationFilterChain.internalDoFilter(ApplicationFilterChain.java:205)
	at org.apache.catalina.core.ApplicationFilterChain.doFilter(ApplicationFilterChain.java:149)
	at org.apache.tomcat.websocket.server.WsFilter.doFilter(WsFilter.java:51)
	at org.apache.catalina.core.ApplicationFilterChain.internalDoFilter(ApplicationFilterChain.java:174)
	at org.apache.catalina.core.ApplicationFilterChain.doFilter(ApplicationFilterChain.java:149)
	at org.springframework.security.web.FilterChainProxy.lambda$doFilterInternal$3(FilterChainProxy.java:231)
	at org.springframework.security.web.FilterChainProxy$VirtualFilterChain.doFilter(FilterChainProxy.java:365)
	at org.springframework.security.web.access.intercept.AuthorizationFilter.doFilter(AuthorizationFilter.java:100)
	at org.springframework.security.web.FilterChainProxy$VirtualFilterChain.doFilter(FilterChainProxy.java:374)
	at org.springframework.security.web.access.ExceptionTranslationFilter.doFilter(ExceptionTranslationFilter.java:126)
	at org.springframework.security.web.access.ExceptionTranslationFilter.doFilter(ExceptionTranslationFilter.java:120)
	at org.springframework.security.web.FilterChainProxy$VirtualFilterChain.doFilter(FilterChainProxy.java:374)
	at org.springframework.security.web.authentication.AnonymousAuthenticationFilter.doFilter(AnonymousAuthenticationFilter.java:100)
	at org.springframework.security.web.FilterChainProxy$VirtualFilterChain.doFilter(FilterChainProxy.java:374)
	at org.springframework.security.web.servletapi.SecurityContextHolderAwareRequestFilter.doFilter(SecurityContextHolderAwareRequestFilter.java:179)
	at org.springframework.security.web.FilterChainProxy$VirtualFilterChain.doFilter(FilterChainProxy.java:374)
	at org.springframework.security.web.savedrequest.RequestCacheAwareFilter.doFilter(RequestCacheAwareFilter.java:63)
	at org.springframework.security.web.FilterChainProxy$VirtualFilterChain.doFilter(FilterChainProxy.java:374)
	at org.springframework.security.web.authentication.logout.LogoutFilter.doFilter(LogoutFilter.java:107)
	at org.springframework.security.web.authentication.logout.LogoutFilter.doFilter(LogoutFilter.java:93)
	at org.springframework.security.web.FilterChainProxy$VirtualFilterChain.doFilter(FilterChainProxy.java:374)
	at org.springframework.security.web.header.HeaderWriterFilter.doHeadersAfter(HeaderWriterFilter.java:90)
	at org.springframework.security.web.header.HeaderWriterFilter.doFilterInternal(HeaderWriterFilter.java:75)
	at org.springframework.web.filter.OncePerRequestFilter.doFilter(OncePerRequestFilter.java:116)
	at org.springframework.security.web.FilterChainProxy$VirtualFilterChain.doFilter(FilterChainProxy.java:374)
	at org.springframework.security.web.context.SecurityContextHolderFilter.doFilter(SecurityContextHolderFilter.java:82)
	at org.springframework.security.web.context.SecurityContextHolderFilter.doFilter(SecurityContextHolderFilter.java:69)
	at org.springframework.security.web.FilterChainProxy$VirtualFilterChain.doFilter(FilterChainProxy.java:374)
	at org.springframework.security.web.context.request.async.WebAsyncManagerIntegrationFilter.doFilterInternal(WebAsyncManagerIntegrationFilter.java:62)
	at org.springframework.web.filter.OncePerRequestFilter.doFilter(OncePerRequestFilter.java:116)
	at org.springframework.security.web.FilterChainProxy$VirtualFilterChain.doFilter(FilterChainProxy.java:374)
	at org.springframework.security.web.session.DisableEncodeUrlFilter.doFilterInternal(DisableEncodeUrlFilter.java:42)
	at org.springframework.web.filter.OncePerRequestFilter.doFilter(OncePerRequestFilter.java:116)
	at org.springframework.security.web.FilterChainProxy$VirtualFilterChain.doFilter(FilterChainProxy.java:374)
	at org.springframework.security.web.FilterChainProxy.doFilterInternal(FilterChainProxy.java:233)
	at org.springframework.security.web.FilterChainProxy.doFilter(FilterChainProxy.java:191)
	at org.springframework.web.filter.DelegatingFilterProxy.invokeDelegate(DelegatingFilterProxy.java:352)
	at org.springframework.web.filter.DelegatingFilterProxy.doFilter(DelegatingFilterProxy.java:268)
	at org.apache.catalina.core.ApplicationFilterChain.internalDoFilter(ApplicationFilterChain.java:174)
	at org.apache.catalina.core.ApplicationFilterChain.doFilter(ApplicationFilterChain.java:149)
	at org.springframework.web.filter.RequestContextFilter.doFilterInternal(RequestContextFilter.java:100)
	at org.springframework.web.filter.OncePerRequestFilter.doFilter(OncePerRequestFilter.java:116)
	at org.apache.catalina.core.ApplicationFilterChain.internalDoFilter(ApplicationFilterChain.java:174)
	at org.apache.catalina.core.ApplicationFilterChain.doFilter(ApplicationFilterChain.java:149)
	at org.springframework.web.filter.FormContentFilter.doFilterInternal(FormContentFilter.java:93)
	at org.springframework.web.filter.OncePerRequestFilter.doFilter(OncePerRequestFilter.java:116)
	at org.apache.catalina.core.ApplicationFilterChain.internalDoFilter(ApplicationFilterChain.java:174)
	at org.apache.catalina.core.ApplicationFilterChain.doFilter(ApplicationFilterChain.java:149)
	at org.springframework.web.filter.CharacterEncodingFilter.doFilterInternal(CharacterEncodingFilter.java:201)
	at org.springframework.web.filter.OncePerRequestFilter.doFilter(OncePerRequestFilter.java:116)
	at org.apache.catalina.core.ApplicationFilterChain.internalDoFilter(ApplicationFilterChain.java:174)
	at org.apache.catalina.core.ApplicationFilterChain.doFilter(ApplicationFilterChain.java:149)
	at org.apache.catalina.core.StandardWrapperValve.invoke(StandardWrapperValve.java:166)
	at org.apache.catalina.core.StandardContextValve.invoke(StandardContextValve.java:90)
	at org.apache.catalina.authenticator.AuthenticatorBase.invoke(AuthenticatorBase.java:482)
	at org.apache.catalina.core.StandardHostValve.invoke(StandardHostValve.java:115)
	at org.apache.catalina.valves.ErrorReportValve.invoke(ErrorReportValve.java:93)
	at org.apache.catalina.core.StandardEngineValve.invoke(StandardEngineValve.java:74)
	at org.apache.catalina.connector.CoyoteAdapter.service(CoyoteAdapter.java:341)
	at org.apache.coyote.http11.Http11Processor.service(Http11Processor.java:390)
	at org.apache.coyote.AbstractProcessorLight.process(AbstractProcessorLight.java:63)
	at org.apache.coyote.AbstractProtocol$ConnectionHandler.process(AbstractProtocol.java:894)
	at org.apache.tomcat.util.net.NioEndpoint$SocketProcessor.doRun(NioEndpoint.java:1741)
	at org.apache.tomcat.util.net.SocketProcessorBase.run(SocketProcessorBase.java:52)
	at org.apache.tomcat.util.threads.ThreadPoolExecutor.runWorker(ThreadPoolExecutor.java:1191)
	at org.apache.tomcat.util.threads.ThreadPoolExecutor$Worker.run(ThreadPoolExecutor.java:659)
	at org.apache.tomcat.util.threads.TaskThread$WrappingRunnable.run(TaskThread.java:61)
	at java.base/java.lang.Thread.run(Thread.java:833)
2025-05-22 11:19:28.244 [http-nio-8080-exec-1] ERROR o.a.c.c.C.[.[.[.[dispatcherServlet] - Servlet.service() for servlet [dispatcherServlet] in context with path [] threw exception [Request processing failed: java.lang.RuntimeException: 处理凭证文件失败: D:\work\paob_tms1\keys\A23_20250522_800000_100.tar.gz.OK] with root cause
java.lang.RuntimeException: 处理凭证文件失败: D:\work\paob_tms1\keys\A23_20250522_800000_100.tar.gz.OK
	at com.paob.tms.util.VoucherFileUtil.processVoucherFiles(VoucherFileUtil.java:113)
	at com.paob.tms.service.impl.JournalServiceImpl.approveJournal(JournalServiceImpl.java:268)
	at java.base/jdk.internal.reflect.NativeMethodAccessorImpl.invoke0(Native Method)
	at java.base/jdk.internal.reflect.NativeMethodAccessorImpl.invoke(NativeMethodAccessorImpl.java:77)
	at java.base/jdk.internal.reflect.DelegatingMethodAccessorImpl.invoke(DelegatingMethodAccessorImpl.java:43)
	at java.base/java.lang.reflect.Method.invoke(Method.java:568)
	at org.springframework.aop.support.AopUtils.invokeJoinpointUsingReflection(AopUtils.java:343)
	at org.springframework.aop.framework.ReflectiveMethodInvocation.invokeJoinpoint(ReflectiveMethodInvocation.java:196)
	at org.springframework.aop.framework.ReflectiveMethodInvocation.proceed(ReflectiveMethodInvocation.java:163)
	at org.springframework.aop.framework.CglibAopProxy$CglibMethodInvocation.proceed(CglibAopProxy.java:750)
	at org.springframework.transaction.interceptor.TransactionInterceptor$1.proceedWithInvocation(TransactionInterceptor.java:123)
	at org.springframework.transaction.interceptor.TransactionAspectSupport.invokeWithinTransaction(TransactionAspectSupport.java:391)
	at org.springframework.transaction.interceptor.TransactionInterceptor.invoke(TransactionInterceptor.java:119)
	at org.springframework.aop.framework.ReflectiveMethodInvocation.proceed(ReflectiveMethodInvocation.java:184)
	at org.springframework.aop.framework.CglibAopProxy$CglibMethodInvocation.proceed(CglibAopProxy.java:750)
	at org.springframework.aop.framework.CglibAopProxy$DynamicAdvisedInterceptor.intercept(CglibAopProxy.java:702)
	at com.paob.tms.service.impl.JournalServiceImpl$$SpringCGLIB$$0.approveJournal(<generated>)
	at com.paob.tms.web.controller.JournalController.approveJournal(JournalController.java:49)
	at java.base/jdk.internal.reflect.NativeMethodAccessorImpl.invoke0(Native Method)
	at java.base/jdk.internal.reflect.NativeMethodAccessorImpl.invoke(NativeMethodAccessorImpl.java:77)
	at java.base/jdk.internal.reflect.DelegatingMethodAccessorImpl.invoke(DelegatingMethodAccessorImpl.java:43)
	at java.base/java.lang.reflect.Method.invoke(Method.java:568)
	at org.springframework.web.method.support.InvocableHandlerMethod.doInvoke(InvocableHandlerMethod.java:207)
	at org.springframework.web.method.support.InvocableHandlerMethod.invokeForRequest(InvocableHandlerMethod.java:152)
	at org.springframework.web.servlet.mvc.method.annotation.ServletInvocableHandlerMethod.invokeAndHandle(ServletInvocableHandlerMethod.java:118)
	at org.springframework.web.servlet.mvc.method.annotation.RequestMappingHandlerAdapter.invokeHandlerMethod(RequestMappingHandlerAdapter.java:884)
	at org.springframework.web.servlet.mvc.method.annotation.RequestMappingHandlerAdapter.handleInternal(RequestMappingHandlerAdapter.java:797)
	at org.springframework.web.servlet.mvc.method.AbstractHandlerMethodAdapter.handle(AbstractHandlerMethodAdapter.java:87)
	at org.springframework.web.servlet.DispatcherServlet.doDispatch(DispatcherServlet.java:1081)
	at org.springframework.web.servlet.DispatcherServlet.doService(DispatcherServlet.java:974)
	at org.springframework.web.servlet.FrameworkServlet.processRequest(FrameworkServlet.java:1011)
	at org.springframework.web.servlet.FrameworkServlet.doPost(FrameworkServlet.java:914)
	at jakarta.servlet.http.HttpServlet.service(HttpServlet.java:590)
	at org.springframework.web.servlet.FrameworkServlet.service(FrameworkServlet.java:885)
	at jakarta.servlet.http.HttpServlet.service(HttpServlet.java:658)
	at org.apache.catalina.core.ApplicationFilterChain.internalDoFilter(ApplicationFilterChain.java:205)
	at org.apache.catalina.core.ApplicationFilterChain.doFilter(ApplicationFilterChain.java:149)
	at org.apache.tomcat.websocket.server.WsFilter.doFilter(WsFilter.java:51)
	at org.apache.catalina.core.ApplicationFilterChain.internalDoFilter(ApplicationFilterChain.java:174)
	at org.apache.catalina.core.ApplicationFilterChain.doFilter(ApplicationFilterChain.java:149)
	at org.springframework.security.web.FilterChainProxy.lambda$doFilterInternal$3(FilterChainProxy.java:231)
	at org.springframework.security.web.FilterChainProxy$VirtualFilterChain.doFilter(FilterChainProxy.java:365)
	at org.springframework.security.web.access.intercept.AuthorizationFilter.doFilter(AuthorizationFilter.java:100)
	at org.springframework.security.web.FilterChainProxy$VirtualFilterChain.doFilter(FilterChainProxy.java:374)
	at org.springframework.security.web.access.ExceptionTranslationFilter.doFilter(ExceptionTranslationFilter.java:126)
	at org.springframework.security.web.access.ExceptionTranslationFilter.doFilter(ExceptionTranslationFilter.java:120)
	at org.springframework.security.web.FilterChainProxy$VirtualFilterChain.doFilter(FilterChainProxy.java:374)
	at org.springframework.security.web.authentication.AnonymousAuthenticationFilter.doFilter(AnonymousAuthenticationFilter.java:100)
	at org.springframework.security.web.FilterChainProxy$VirtualFilterChain.doFilter(FilterChainProxy.java:374)
	at org.springframework.security.web.servletapi.SecurityContextHolderAwareRequestFilter.doFilter(SecurityContextHolderAwareRequestFilter.java:179)
	at org.springframework.security.web.FilterChainProxy$VirtualFilterChain.doFilter(FilterChainProxy.java:374)
	at org.springframework.security.web.savedrequest.RequestCacheAwareFilter.doFilter(RequestCacheAwareFilter.java:63)
	at org.springframework.security.web.FilterChainProxy$VirtualFilterChain.doFilter(FilterChainProxy.java:374)
	at org.springframework.security.web.authentication.logout.LogoutFilter.doFilter(LogoutFilter.java:107)
	at org.springframework.security.web.authentication.logout.LogoutFilter.doFilter(LogoutFilter.java:93)
	at org.springframework.security.web.FilterChainProxy$VirtualFilterChain.doFilter(FilterChainProxy.java:374)
	at org.springframework.security.web.header.HeaderWriterFilter.doHeadersAfter(HeaderWriterFilter.java:90)
	at org.springframework.security.web.header.HeaderWriterFilter.doFilterInternal(HeaderWriterFilter.java:75)
	at org.springframework.web.filter.OncePerRequestFilter.doFilter(OncePerRequestFilter.java:116)
	at org.springframework.security.web.FilterChainProxy$VirtualFilterChain.doFilter(FilterChainProxy.java:374)
	at org.springframework.security.web.context.SecurityContextHolderFilter.doFilter(SecurityContextHolderFilter.java:82)
	at org.springframework.security.web.context.SecurityContextHolderFilter.doFilter(SecurityContextHolderFilter.java:69)
	at org.springframework.security.web.FilterChainProxy$VirtualFilterChain.doFilter(FilterChainProxy.java:374)
	at org.springframework.security.web.context.request.async.WebAsyncManagerIntegrationFilter.doFilterInternal(WebAsyncManagerIntegrationFilter.java:62)
	at org.springframework.web.filter.OncePerRequestFilter.doFilter(OncePerRequestFilter.java:116)
	at org.springframework.security.web.FilterChainProxy$VirtualFilterChain.doFilter(FilterChainProxy.java:374)
	at org.springframework.security.web.session.DisableEncodeUrlFilter.doFilterInternal(DisableEncodeUrlFilter.java:42)
	at org.springframework.web.filter.OncePerRequestFilter.doFilter(OncePerRequestFilter.java:116)
	at org.springframework.security.web.FilterChainProxy$VirtualFilterChain.doFilter(FilterChainProxy.java:374)
	at org.springframework.security.web.FilterChainProxy.doFilterInternal(FilterChainProxy.java:233)
	at org.springframework.security.web.FilterChainProxy.doFilter(FilterChainProxy.java:191)
	at org.springframework.web.filter.DelegatingFilterProxy.invokeDelegate(DelegatingFilterProxy.java:352)
	at org.springframework.web.filter.DelegatingFilterProxy.doFilter(DelegatingFilterProxy.java:268)
	at org.apache.catalina.core.ApplicationFilterChain.internalDoFilter(ApplicationFilterChain.java:174)
	at org.apache.catalina.core.ApplicationFilterChain.doFilter(ApplicationFilterChain.java:149)
	at org.springframework.web.filter.RequestContextFilter.doFilterInternal(RequestContextFilter.java:100)
	at org.springframework.web.filter.OncePerRequestFilter.doFilter(OncePerRequestFilter.java:116)
	at org.apache.catalina.core.ApplicationFilterChain.internalDoFilter(ApplicationFilterChain.java:174)
	at org.apache.catalina.core.ApplicationFilterChain.doFilter(ApplicationFilterChain.java:149)
	at org.springframework.web.filter.FormContentFilter.doFilterInternal(FormContentFilter.java:93)
	at org.springframework.web.filter.OncePerRequestFilter.doFilter(OncePerRequestFilter.java:116)
	at org.apache.catalina.core.ApplicationFilterChain.internalDoFilter(ApplicationFilterChain.java:174)
	at org.apache.catalina.core.ApplicationFilterChain.doFilter(ApplicationFilterChain.java:149)
	at org.springframework.web.filter.CharacterEncodingFilter.doFilterInternal(CharacterEncodingFilter.java:201)
	at org.springframework.web.filter.OncePerRequestFilter.doFilter(OncePerRequestFilter.java:116)
	at org.apache.catalina.core.ApplicationFilterChain.internalDoFilter(ApplicationFilterChain.java:174)
	at org.apache.catalina.core.ApplicationFilterChain.doFilter(ApplicationFilterChain.java:149)
	at org.apache.catalina.core.StandardWrapperValve.invoke(StandardWrapperValve.java:166)
	at org.apache.catalina.core.StandardContextValve.invoke(StandardContextValve.java:90)
	at org.apache.catalina.authenticator.AuthenticatorBase.invoke(AuthenticatorBase.java:482)
	at org.apache.catalina.core.StandardHostValve.invoke(StandardHostValve.java:115)
	at org.apache.catalina.valves.ErrorReportValve.invoke(ErrorReportValve.java:93)
	at org.apache.catalina.core.StandardEngineValve.invoke(StandardEngineValve.java:74)
	at org.apache.catalina.connector.CoyoteAdapter.service(CoyoteAdapter.java:341)
	at org.apache.coyote.http11.Http11Processor.service(Http11Processor.java:390)
	at org.apache.coyote.AbstractProcessorLight.process(AbstractProcessorLight.java:63)
	at org.apache.coyote.AbstractProtocol$ConnectionHandler.process(AbstractProtocol.java:894)
	at org.apache.tomcat.util.net.NioEndpoint$SocketProcessor.doRun(NioEndpoint.java:1741)
	at org.apache.tomcat.util.net.SocketProcessorBase.run(SocketProcessorBase.java:52)
	at org.apache.tomcat.util.threads.ThreadPoolExecutor.runWorker(ThreadPoolExecutor.java:1191)
	at org.apache.tomcat.util.threads.ThreadPoolExecutor$Worker.run(ThreadPoolExecutor.java:659)
	at org.apache.tomcat.util.threads.TaskThread$WrappingRunnable.run(TaskThread.java:61)
	at java.base/java.lang.Thread.run(Thread.java:833)
2025-05-22 11:23:07.262 [http-nio-8080-exec-2] INFO  c.p.t.w.controller.JournalController - 复核通过，请求参数：JournalApproveReq(journalSequence=J20240101003)
2025-05-22 11:23:11.880 [http-nio-8080-exec-2] ERROR com.paob.tms.util.VoucherFileUtil - 处理凭证文件失败
org.apache.ibatis.binding.BindingException: Invalid bound statement (not found): com.paob.tms.mapper.TmsVoucherDetailMapper.updateById
	at org.apache.ibatis.binding.MapperMethod$SqlCommand.<init>(MapperMethod.java:229)
	at com.baomidou.mybatisplus.core.override.MybatisMapperMethod.<init>(MybatisMapperMethod.java:50)
	at com.baomidou.mybatisplus.core.override.MybatisMapperProxy.lambda$cachedInvoker$0(MybatisMapperProxy.java:111)
	at java.base/java.util.concurrent.ConcurrentHashMap.computeIfAbsent(ConcurrentHashMap.java:1708)
	at com.baomidou.mybatisplus.core.toolkit.CollectionUtils.computeIfAbsent(CollectionUtils.java:157)
	at com.baomidou.mybatisplus.core.override.MybatisMapperProxy.cachedInvoker(MybatisMapperProxy.java:98)
	at com.baomidou.mybatisplus.core.override.MybatisMapperProxy.invoke(MybatisMapperProxy.java:89)
	at jdk.proxy2/jdk.proxy2.$Proxy105.updateById(Unknown Source)
	at com.paob.tms.util.VoucherFileUtil.processVoucherFiles(VoucherFileUtil.java:108)
	at com.paob.tms.service.impl.JournalServiceImpl.approveJournal(JournalServiceImpl.java:268)
	at java.base/jdk.internal.reflect.NativeMethodAccessorImpl.invoke0(Native Method)
	at java.base/jdk.internal.reflect.NativeMethodAccessorImpl.invoke(NativeMethodAccessorImpl.java:77)
	at java.base/jdk.internal.reflect.DelegatingMethodAccessorImpl.invoke(DelegatingMethodAccessorImpl.java:43)
	at java.base/java.lang.reflect.Method.invoke(Method.java:568)
	at org.springframework.aop.support.AopUtils.invokeJoinpointUsingReflection(AopUtils.java:343)
	at org.springframework.aop.framework.ReflectiveMethodInvocation.invokeJoinpoint(ReflectiveMethodInvocation.java:196)
	at org.springframework.aop.framework.ReflectiveMethodInvocation.proceed(ReflectiveMethodInvocation.java:163)
	at org.springframework.aop.framework.CglibAopProxy$CglibMethodInvocation.proceed(CglibAopProxy.java:750)
	at org.springframework.transaction.interceptor.TransactionInterceptor$1.proceedWithInvocation(TransactionInterceptor.java:123)
	at org.springframework.transaction.interceptor.TransactionAspectSupport.invokeWithinTransaction(TransactionAspectSupport.java:391)
	at org.springframework.transaction.interceptor.TransactionInterceptor.invoke(TransactionInterceptor.java:119)
	at org.springframework.aop.framework.ReflectiveMethodInvocation.proceed(ReflectiveMethodInvocation.java:184)
	at org.springframework.aop.framework.CglibAopProxy$CglibMethodInvocation.proceed(CglibAopProxy.java:750)
	at org.springframework.aop.framework.CglibAopProxy$DynamicAdvisedInterceptor.intercept(CglibAopProxy.java:702)
	at com.paob.tms.service.impl.JournalServiceImpl$$SpringCGLIB$$0.approveJournal(<generated>)
	at com.paob.tms.web.controller.JournalController.approveJournal(JournalController.java:49)
	at java.base/jdk.internal.reflect.NativeMethodAccessorImpl.invoke0(Native Method)
	at java.base/jdk.internal.reflect.NativeMethodAccessorImpl.invoke(NativeMethodAccessorImpl.java:77)
	at java.base/jdk.internal.reflect.DelegatingMethodAccessorImpl.invoke(DelegatingMethodAccessorImpl.java:43)
	at java.base/java.lang.reflect.Method.invoke(Method.java:568)
	at org.springframework.web.method.support.InvocableHandlerMethod.doInvoke(InvocableHandlerMethod.java:207)
	at org.springframework.web.method.support.InvocableHandlerMethod.invokeForRequest(InvocableHandlerMethod.java:152)
	at org.springframework.web.servlet.mvc.method.annotation.ServletInvocableHandlerMethod.invokeAndHandle(ServletInvocableHandlerMethod.java:118)
	at org.springframework.web.servlet.mvc.method.annotation.RequestMappingHandlerAdapter.invokeHandlerMethod(RequestMappingHandlerAdapter.java:884)
	at org.springframework.web.servlet.mvc.method.annotation.RequestMappingHandlerAdapter.handleInternal(RequestMappingHandlerAdapter.java:797)
	at org.springframework.web.servlet.mvc.method.AbstractHandlerMethodAdapter.handle(AbstractHandlerMethodAdapter.java:87)
	at org.springframework.web.servlet.DispatcherServlet.doDispatch(DispatcherServlet.java:1081)
	at org.springframework.web.servlet.DispatcherServlet.doService(DispatcherServlet.java:974)
	at org.springframework.web.servlet.FrameworkServlet.processRequest(FrameworkServlet.java:1011)
	at org.springframework.web.servlet.FrameworkServlet.doPost(FrameworkServlet.java:914)
	at jakarta.servlet.http.HttpServlet.service(HttpServlet.java:590)
	at org.springframework.web.servlet.FrameworkServlet.service(FrameworkServlet.java:885)
	at jakarta.servlet.http.HttpServlet.service(HttpServlet.java:658)
	at org.apache.catalina.core.ApplicationFilterChain.internalDoFilter(ApplicationFilterChain.java:205)
	at org.apache.catalina.core.ApplicationFilterChain.doFilter(ApplicationFilterChain.java:149)
	at org.apache.tomcat.websocket.server.WsFilter.doFilter(WsFilter.java:51)
	at org.apache.catalina.core.ApplicationFilterChain.internalDoFilter(ApplicationFilterChain.java:174)
	at org.apache.catalina.core.ApplicationFilterChain.doFilter(ApplicationFilterChain.java:149)
	at org.springframework.security.web.FilterChainProxy.lambda$doFilterInternal$3(FilterChainProxy.java:231)
	at org.springframework.security.web.FilterChainProxy$VirtualFilterChain.doFilter(FilterChainProxy.java:365)
	at org.springframework.security.web.access.intercept.AuthorizationFilter.doFilter(AuthorizationFilter.java:100)
	at org.springframework.security.web.FilterChainProxy$VirtualFilterChain.doFilter(FilterChainProxy.java:374)
	at org.springframework.security.web.access.ExceptionTranslationFilter.doFilter(ExceptionTranslationFilter.java:126)
	at org.springframework.security.web.access.ExceptionTranslationFilter.doFilter(ExceptionTranslationFilter.java:120)
	at org.springframework.security.web.FilterChainProxy$VirtualFilterChain.doFilter(FilterChainProxy.java:374)
	at org.springframework.security.web.authentication.AnonymousAuthenticationFilter.doFilter(AnonymousAuthenticationFilter.java:100)
	at org.springframework.security.web.FilterChainProxy$VirtualFilterChain.doFilter(FilterChainProxy.java:374)
	at org.springframework.security.web.servletapi.SecurityContextHolderAwareRequestFilter.doFilter(SecurityContextHolderAwareRequestFilter.java:179)
	at org.springframework.security.web.FilterChainProxy$VirtualFilterChain.doFilter(FilterChainProxy.java:374)
	at org.springframework.security.web.savedrequest.RequestCacheAwareFilter.doFilter(RequestCacheAwareFilter.java:63)
	at org.springframework.security.web.FilterChainProxy$VirtualFilterChain.doFilter(FilterChainProxy.java:374)
	at org.springframework.security.web.authentication.logout.LogoutFilter.doFilter(LogoutFilter.java:107)
	at org.springframework.security.web.authentication.logout.LogoutFilter.doFilter(LogoutFilter.java:93)
	at org.springframework.security.web.FilterChainProxy$VirtualFilterChain.doFilter(FilterChainProxy.java:374)
	at org.springframework.security.web.header.HeaderWriterFilter.doHeadersAfter(HeaderWriterFilter.java:90)
	at org.springframework.security.web.header.HeaderWriterFilter.doFilterInternal(HeaderWriterFilter.java:75)
	at org.springframework.web.filter.OncePerRequestFilter.doFilter(OncePerRequestFilter.java:116)
	at org.springframework.security.web.FilterChainProxy$VirtualFilterChain.doFilter(FilterChainProxy.java:374)
	at org.springframework.security.web.context.SecurityContextHolderFilter.doFilter(SecurityContextHolderFilter.java:82)
	at org.springframework.security.web.context.SecurityContextHolderFilter.doFilter(SecurityContextHolderFilter.java:69)
	at org.springframework.security.web.FilterChainProxy$VirtualFilterChain.doFilter(FilterChainProxy.java:374)
	at org.springframework.security.web.context.request.async.WebAsyncManagerIntegrationFilter.doFilterInternal(WebAsyncManagerIntegrationFilter.java:62)
	at org.springframework.web.filter.OncePerRequestFilter.doFilter(OncePerRequestFilter.java:116)
	at org.springframework.security.web.FilterChainProxy$VirtualFilterChain.doFilter(FilterChainProxy.java:374)
	at org.springframework.security.web.session.DisableEncodeUrlFilter.doFilterInternal(DisableEncodeUrlFilter.java:42)
	at org.springframework.web.filter.OncePerRequestFilter.doFilter(OncePerRequestFilter.java:116)
	at org.springframework.security.web.FilterChainProxy$VirtualFilterChain.doFilter(FilterChainProxy.java:374)
	at org.springframework.security.web.FilterChainProxy.doFilterInternal(FilterChainProxy.java:233)
	at org.springframework.security.web.FilterChainProxy.doFilter(FilterChainProxy.java:191)
	at org.springframework.web.filter.DelegatingFilterProxy.invokeDelegate(DelegatingFilterProxy.java:352)
	at org.springframework.web.filter.DelegatingFilterProxy.doFilter(DelegatingFilterProxy.java:268)
	at org.apache.catalina.core.ApplicationFilterChain.internalDoFilter(ApplicationFilterChain.java:174)
	at org.apache.catalina.core.ApplicationFilterChain.doFilter(ApplicationFilterChain.java:149)
	at org.springframework.web.filter.RequestContextFilter.doFilterInternal(RequestContextFilter.java:100)
	at org.springframework.web.filter.OncePerRequestFilter.doFilter(OncePerRequestFilter.java:116)
	at org.apache.catalina.core.ApplicationFilterChain.internalDoFilter(ApplicationFilterChain.java:174)
	at org.apache.catalina.core.ApplicationFilterChain.doFilter(ApplicationFilterChain.java:149)
	at org.springframework.web.filter.FormContentFilter.doFilterInternal(FormContentFilter.java:93)
	at org.springframework.web.filter.OncePerRequestFilter.doFilter(OncePerRequestFilter.java:116)
	at org.apache.catalina.core.ApplicationFilterChain.internalDoFilter(ApplicationFilterChain.java:174)
	at org.apache.catalina.core.ApplicationFilterChain.doFilter(ApplicationFilterChain.java:149)
	at org.springframework.web.filter.CharacterEncodingFilter.doFilterInternal(CharacterEncodingFilter.java:201)
	at org.springframework.web.filter.OncePerRequestFilter.doFilter(OncePerRequestFilter.java:116)
	at org.apache.catalina.core.ApplicationFilterChain.internalDoFilter(ApplicationFilterChain.java:174)
	at org.apache.catalina.core.ApplicationFilterChain.doFilter(ApplicationFilterChain.java:149)
	at org.apache.catalina.core.StandardWrapperValve.invoke(StandardWrapperValve.java:166)
	at org.apache.catalina.core.StandardContextValve.invoke(StandardContextValve.java:90)
	at org.apache.catalina.authenticator.AuthenticatorBase.invoke(AuthenticatorBase.java:482)
	at org.apache.catalina.core.StandardHostValve.invoke(StandardHostValve.java:115)
	at org.apache.catalina.valves.ErrorReportValve.invoke(ErrorReportValve.java:93)
	at org.apache.catalina.core.StandardEngineValve.invoke(StandardEngineValve.java:74)
	at org.apache.catalina.connector.CoyoteAdapter.service(CoyoteAdapter.java:341)
	at org.apache.coyote.http11.Http11Processor.service(Http11Processor.java:390)
	at org.apache.coyote.AbstractProcessorLight.process(AbstractProcessorLight.java:63)
	at org.apache.coyote.AbstractProtocol$ConnectionHandler.process(AbstractProtocol.java:894)
	at org.apache.tomcat.util.net.NioEndpoint$SocketProcessor.doRun(NioEndpoint.java:1741)
	at org.apache.tomcat.util.net.SocketProcessorBase.run(SocketProcessorBase.java:52)
	at org.apache.tomcat.util.threads.ThreadPoolExecutor.runWorker(ThreadPoolExecutor.java:1191)
	at org.apache.tomcat.util.threads.ThreadPoolExecutor$Worker.run(ThreadPoolExecutor.java:659)
	at org.apache.tomcat.util.threads.TaskThread$WrappingRunnable.run(TaskThread.java:61)
	at java.base/java.lang.Thread.run(Thread.java:833)
2025-05-22 11:23:11.882 [http-nio-8080-exec-2] ERROR o.a.c.c.C.[.[.[.[dispatcherServlet] - Servlet.service() for servlet [dispatcherServlet] in context with path [] threw exception [Request processing failed: java.lang.RuntimeException: 处理凭证文件失败: Invalid bound statement (not found): com.paob.tms.mapper.TmsVoucherDetailMapper.updateById] with root cause
java.lang.RuntimeException: 处理凭证文件失败: Invalid bound statement (not found): com.paob.tms.mapper.TmsVoucherDetailMapper.updateById
	at com.paob.tms.util.VoucherFileUtil.processVoucherFiles(VoucherFileUtil.java:113)
	at com.paob.tms.service.impl.JournalServiceImpl.approveJournal(JournalServiceImpl.java:268)
	at java.base/jdk.internal.reflect.NativeMethodAccessorImpl.invoke0(Native Method)
	at java.base/jdk.internal.reflect.NativeMethodAccessorImpl.invoke(NativeMethodAccessorImpl.java:77)
	at java.base/jdk.internal.reflect.DelegatingMethodAccessorImpl.invoke(DelegatingMethodAccessorImpl.java:43)
	at java.base/java.lang.reflect.Method.invoke(Method.java:568)
	at org.springframework.aop.support.AopUtils.invokeJoinpointUsingReflection(AopUtils.java:343)
	at org.springframework.aop.framework.ReflectiveMethodInvocation.invokeJoinpoint(ReflectiveMethodInvocation.java:196)
	at org.springframework.aop.framework.ReflectiveMethodInvocation.proceed(ReflectiveMethodInvocation.java:163)
	at org.springframework.aop.framework.CglibAopProxy$CglibMethodInvocation.proceed(CglibAopProxy.java:750)
	at org.springframework.transaction.interceptor.TransactionInterceptor$1.proceedWithInvocation(TransactionInterceptor.java:123)
	at org.springframework.transaction.interceptor.TransactionAspectSupport.invokeWithinTransaction(TransactionAspectSupport.java:391)
	at org.springframework.transaction.interceptor.TransactionInterceptor.invoke(TransactionInterceptor.java:119)
	at org.springframework.aop.framework.ReflectiveMethodInvocation.proceed(ReflectiveMethodInvocation.java:184)
	at org.springframework.aop.framework.CglibAopProxy$CglibMethodInvocation.proceed(CglibAopProxy.java:750)
	at org.springframework.aop.framework.CglibAopProxy$DynamicAdvisedInterceptor.intercept(CglibAopProxy.java:702)
	at com.paob.tms.service.impl.JournalServiceImpl$$SpringCGLIB$$0.approveJournal(<generated>)
	at com.paob.tms.web.controller.JournalController.approveJournal(JournalController.java:49)
	at java.base/jdk.internal.reflect.NativeMethodAccessorImpl.invoke0(Native Method)
	at java.base/jdk.internal.reflect.NativeMethodAccessorImpl.invoke(NativeMethodAccessorImpl.java:77)
	at java.base/jdk.internal.reflect.DelegatingMethodAccessorImpl.invoke(DelegatingMethodAccessorImpl.java:43)
	at java.base/java.lang.reflect.Method.invoke(Method.java:568)
	at org.springframework.web.method.support.InvocableHandlerMethod.doInvoke(InvocableHandlerMethod.java:207)
	at org.springframework.web.method.support.InvocableHandlerMethod.invokeForRequest(InvocableHandlerMethod.java:152)
	at org.springframework.web.servlet.mvc.method.annotation.ServletInvocableHandlerMethod.invokeAndHandle(ServletInvocableHandlerMethod.java:118)
	at org.springframework.web.servlet.mvc.method.annotation.RequestMappingHandlerAdapter.invokeHandlerMethod(RequestMappingHandlerAdapter.java:884)
	at org.springframework.web.servlet.mvc.method.annotation.RequestMappingHandlerAdapter.handleInternal(RequestMappingHandlerAdapter.java:797)
	at org.springframework.web.servlet.mvc.method.AbstractHandlerMethodAdapter.handle(AbstractHandlerMethodAdapter.java:87)
	at org.springframework.web.servlet.DispatcherServlet.doDispatch(DispatcherServlet.java:1081)
	at org.springframework.web.servlet.DispatcherServlet.doService(DispatcherServlet.java:974)
	at org.springframework.web.servlet.FrameworkServlet.processRequest(FrameworkServlet.java:1011)
	at org.springframework.web.servlet.FrameworkServlet.doPost(FrameworkServlet.java:914)
	at jakarta.servlet.http.HttpServlet.service(HttpServlet.java:590)
	at org.springframework.web.servlet.FrameworkServlet.service(FrameworkServlet.java:885)
	at jakarta.servlet.http.HttpServlet.service(HttpServlet.java:658)
	at org.apache.catalina.core.ApplicationFilterChain.internalDoFilter(ApplicationFilterChain.java:205)
	at org.apache.catalina.core.ApplicationFilterChain.doFilter(ApplicationFilterChain.java:149)
	at org.apache.tomcat.websocket.server.WsFilter.doFilter(WsFilter.java:51)
	at org.apache.catalina.core.ApplicationFilterChain.internalDoFilter(ApplicationFilterChain.java:174)
	at org.apache.catalina.core.ApplicationFilterChain.doFilter(ApplicationFilterChain.java:149)
	at org.springframework.security.web.FilterChainProxy.lambda$doFilterInternal$3(FilterChainProxy.java:231)
	at org.springframework.security.web.FilterChainProxy$VirtualFilterChain.doFilter(FilterChainProxy.java:365)
	at org.springframework.security.web.access.intercept.AuthorizationFilter.doFilter(AuthorizationFilter.java:100)
	at org.springframework.security.web.FilterChainProxy$VirtualFilterChain.doFilter(FilterChainProxy.java:374)
	at org.springframework.security.web.access.ExceptionTranslationFilter.doFilter(ExceptionTranslationFilter.java:126)
	at org.springframework.security.web.access.ExceptionTranslationFilter.doFilter(ExceptionTranslationFilter.java:120)
	at org.springframework.security.web.FilterChainProxy$VirtualFilterChain.doFilter(FilterChainProxy.java:374)
	at org.springframework.security.web.authentication.AnonymousAuthenticationFilter.doFilter(AnonymousAuthenticationFilter.java:100)
	at org.springframework.security.web.FilterChainProxy$VirtualFilterChain.doFilter(FilterChainProxy.java:374)
	at org.springframework.security.web.servletapi.SecurityContextHolderAwareRequestFilter.doFilter(SecurityContextHolderAwareRequestFilter.java:179)
	at org.springframework.security.web.FilterChainProxy$VirtualFilterChain.doFilter(FilterChainProxy.java:374)
	at org.springframework.security.web.savedrequest.RequestCacheAwareFilter.doFilter(RequestCacheAwareFilter.java:63)
	at org.springframework.security.web.FilterChainProxy$VirtualFilterChain.doFilter(FilterChainProxy.java:374)
	at org.springframework.security.web.authentication.logout.LogoutFilter.doFilter(LogoutFilter.java:107)
	at org.springframework.security.web.authentication.logout.LogoutFilter.doFilter(LogoutFilter.java:93)
	at org.springframework.security.web.FilterChainProxy$VirtualFilterChain.doFilter(FilterChainProxy.java:374)
	at org.springframework.security.web.header.HeaderWriterFilter.doHeadersAfter(HeaderWriterFilter.java:90)
	at org.springframework.security.web.header.HeaderWriterFilter.doFilterInternal(HeaderWriterFilter.java:75)
	at org.springframework.web.filter.OncePerRequestFilter.doFilter(OncePerRequestFilter.java:116)
	at org.springframework.security.web.FilterChainProxy$VirtualFilterChain.doFilter(FilterChainProxy.java:374)
	at org.springframework.security.web.context.SecurityContextHolderFilter.doFilter(SecurityContextHolderFilter.java:82)
	at org.springframework.security.web.context.SecurityContextHolderFilter.doFilter(SecurityContextHolderFilter.java:69)
	at org.springframework.security.web.FilterChainProxy$VirtualFilterChain.doFilter(FilterChainProxy.java:374)
	at org.springframework.security.web.context.request.async.WebAsyncManagerIntegrationFilter.doFilterInternal(WebAsyncManagerIntegrationFilter.java:62)
	at org.springframework.web.filter.OncePerRequestFilter.doFilter(OncePerRequestFilter.java:116)
	at org.springframework.security.web.FilterChainProxy$VirtualFilterChain.doFilter(FilterChainProxy.java:374)
	at org.springframework.security.web.session.DisableEncodeUrlFilter.doFilterInternal(DisableEncodeUrlFilter.java:42)
	at org.springframework.web.filter.OncePerRequestFilter.doFilter(OncePerRequestFilter.java:116)
	at org.springframework.security.web.FilterChainProxy$VirtualFilterChain.doFilter(FilterChainProxy.java:374)
	at org.springframework.security.web.FilterChainProxy.doFilterInternal(FilterChainProxy.java:233)
	at org.springframework.security.web.FilterChainProxy.doFilter(FilterChainProxy.java:191)
	at org.springframework.web.filter.DelegatingFilterProxy.invokeDelegate(DelegatingFilterProxy.java:352)
	at org.springframework.web.filter.DelegatingFilterProxy.doFilter(DelegatingFilterProxy.java:268)
	at org.apache.catalina.core.ApplicationFilterChain.internalDoFilter(ApplicationFilterChain.java:174)
	at org.apache.catalina.core.ApplicationFilterChain.doFilter(ApplicationFilterChain.java:149)
	at org.springframework.web.filter.RequestContextFilter.doFilterInternal(RequestContextFilter.java:100)
	at org.springframework.web.filter.OncePerRequestFilter.doFilter(OncePerRequestFilter.java:116)
	at org.apache.catalina.core.ApplicationFilterChain.internalDoFilter(ApplicationFilterChain.java:174)
	at org.apache.catalina.core.ApplicationFilterChain.doFilter(ApplicationFilterChain.java:149)
	at org.springframework.web.filter.FormContentFilter.doFilterInternal(FormContentFilter.java:93)
	at org.springframework.web.filter.OncePerRequestFilter.doFilter(OncePerRequestFilter.java:116)
	at org.apache.catalina.core.ApplicationFilterChain.internalDoFilter(ApplicationFilterChain.java:174)
	at org.apache.catalina.core.ApplicationFilterChain.doFilter(ApplicationFilterChain.java:149)
	at org.springframework.web.filter.CharacterEncodingFilter.doFilterInternal(CharacterEncodingFilter.java:201)
	at org.springframework.web.filter.OncePerRequestFilter.doFilter(OncePerRequestFilter.java:116)
	at org.apache.catalina.core.ApplicationFilterChain.internalDoFilter(ApplicationFilterChain.java:174)
	at org.apache.catalina.core.ApplicationFilterChain.doFilter(ApplicationFilterChain.java:149)
	at org.apache.catalina.core.StandardWrapperValve.invoke(StandardWrapperValve.java:166)
	at org.apache.catalina.core.StandardContextValve.invoke(StandardContextValve.java:90)
	at org.apache.catalina.authenticator.AuthenticatorBase.invoke(AuthenticatorBase.java:482)
	at org.apache.catalina.core.StandardHostValve.invoke(StandardHostValve.java:115)
	at org.apache.catalina.valves.ErrorReportValve.invoke(ErrorReportValve.java:93)
	at org.apache.catalina.core.StandardEngineValve.invoke(StandardEngineValve.java:74)
	at org.apache.catalina.connector.CoyoteAdapter.service(CoyoteAdapter.java:341)
	at org.apache.coyote.http11.Http11Processor.service(Http11Processor.java:390)
	at org.apache.coyote.AbstractProcessorLight.process(AbstractProcessorLight.java:63)
	at org.apache.coyote.AbstractProtocol$ConnectionHandler.process(AbstractProtocol.java:894)
	at org.apache.tomcat.util.net.NioEndpoint$SocketProcessor.doRun(NioEndpoint.java:1741)
	at org.apache.tomcat.util.net.SocketProcessorBase.run(SocketProcessorBase.java:52)
	at org.apache.tomcat.util.threads.ThreadPoolExecutor.runWorker(ThreadPoolExecutor.java:1191)
	at org.apache.tomcat.util.threads.ThreadPoolExecutor$Worker.run(ThreadPoolExecutor.java:659)
	at org.apache.tomcat.util.threads.TaskThread$WrappingRunnable.run(TaskThread.java:61)
	at java.base/java.lang.Thread.run(Thread.java:833)
2025-05-22 11:24:41.791 [SpringApplicationShutdownHook] INFO  com.zaxxer.hikari.HikariDataSource - HikariPool-1 - Shutdown initiated...
2025-05-22 11:24:41.797 [SpringApplicationShutdownHook] INFO  com.zaxxer.hikari.HikariDataSource - HikariPool-1 - Shutdown completed.
2025-05-22 11:25:13.987 [background-preinit] INFO  o.h.validator.internal.util.Version - HV000001: Hibernate Validator 8.0.0.Final
2025-05-22 11:25:14.064 [main] INFO  com.paob.tms.TmsApplication - Starting TmsApplication using Java 17.0.0.1 with PID 10316 (D:\work\paob_tms1\target\classes started by wangxiaowen in D:\work\paob_tms1)
2025-05-22 11:25:14.074 [main] DEBUG com.paob.tms.TmsApplication - Running with Spring Boot v3.1.0, Spring v6.0.9
2025-05-22 11:25:14.074 [main] INFO  com.paob.tms.TmsApplication - The following 1 profile is active: "dev"
2025-05-22 11:25:17.543 [main] INFO  o.s.b.w.e.tomcat.TomcatWebServer - Tomcat initialized with port(s): 8080 (http)
2025-05-22 11:25:17.559 [main] INFO  o.a.coyote.http11.Http11NioProtocol - Initializing ProtocolHandler ["http-nio-8080"]
2025-05-22 11:25:17.559 [main] INFO  o.a.catalina.core.StandardService - Starting service [Tomcat]
2025-05-22 11:25:17.559 [main] INFO  o.a.catalina.core.StandardEngine - Starting Servlet engine: [Apache Tomcat/10.1.8]
2025-05-22 11:25:17.781 [main] INFO  o.a.c.c.C.[Tomcat].[localhost].[/] - Initializing Spring embedded WebApplicationContext
2025-05-22 11:25:17.781 [main] INFO  o.s.b.w.s.c.ServletWebServerApplicationContext - Root WebApplicationContext: initialization completed in 3605 ms
2025-05-22 11:25:18.885 [main] WARN  c.b.m.c.injector.DefaultSqlInjector - class com.paob.tms.model.FpsDwRepo ,Not found @TableId annotation, Cannot use Mybatis-Plus 'xxById' Method.
2025-05-22 11:25:18.933 [main] WARN  c.b.m.c.injector.DefaultSqlInjector - class com.paob.tms.model.RiskMonitoring ,Not found @TableId annotation, Cannot use Mybatis-Plus 'xxById' Method.
2025-05-22 11:25:18.972 [main] WARN  c.b.m.c.injector.DefaultSqlInjector - class com.paob.tms.dto.resp.SelectOptionResp ,Not found @TableId annotation, Cannot use Mybatis-Plus 'xxById' Method.
2025-05-22 11:25:19.021 [main] WARN  c.b.m.c.injector.DefaultSqlInjector - class com.paob.tms.dto.resp.SubjectBalanceDetailResp ,Not found @TableId annotation, Cannot use Mybatis-Plus 'xxById' Method.
2025-05-22 11:25:19.957 [main] ERROR o.m.spring.mapper.MapperFactoryBean - Error while adding the mapper 'interface com.paob.tms.mapper.TmsVoucherDetailMapper' to configuration.
com.baomidou.mybatisplus.core.exceptions.MybatisPlusException: @TableId can't more than one in Class: "com.paob.tms.model.TmsVoucherDetail".
	at com.baomidou.mybatisplus.core.toolkit.ExceptionUtils.mpe(ExceptionUtils.java:49)
	at com.baomidou.mybatisplus.core.metadata.TableInfoHelper.initTableFields(TableInfoHelper.java:338)
	at com.baomidou.mybatisplus.core.metadata.TableInfoHelper.initTableInfo(TableInfoHelper.java:197)
	at com.baomidou.mybatisplus.core.metadata.TableInfoHelper.initTableInfo(TableInfoHelper.java:174)
	at com.baomidou.mybatisplus.core.injector.AbstractSqlInjector.inspectInject(AbstractSqlInjector.java:48)
	at com.baomidou.mybatisplus.core.MybatisMapperAnnotationBuilder.parserInjector(MybatisMapperAnnotationBuilder.java:133)
	at com.baomidou.mybatisplus.core.MybatisMapperAnnotationBuilder.parse(MybatisMapperAnnotationBuilder.java:123)
	at com.baomidou.mybatisplus.core.MybatisMapperRegistry.addMapper(MybatisMapperRegistry.java:95)
	at com.baomidou.mybatisplus.core.MybatisConfiguration.addMapper(MybatisConfiguration.java:129)
	at org.mybatis.spring.mapper.MapperFactoryBean.checkDaoConfig(MapperFactoryBean.java:80)
	at org.springframework.dao.support.DaoSupport.afterPropertiesSet(DaoSupport.java:44)
	at org.springframework.beans.factory.support.AbstractAutowireCapableBeanFactory.invokeInitMethods(AbstractAutowireCapableBeanFactory.java:1816)
	at org.springframework.beans.factory.support.AbstractAutowireCapableBeanFactory.initializeBean(AbstractAutowireCapableBeanFactory.java:1766)
	at org.springframework.beans.factory.support.AbstractAutowireCapableBeanFactory.doCreateBean(AbstractAutowireCapableBeanFactory.java:598)
	at org.springframework.beans.factory.support.AbstractAutowireCapableBeanFactory.createBean(AbstractAutowireCapableBeanFactory.java:520)
	at org.springframework.beans.factory.support.AbstractBeanFactory.lambda$doGetBean$0(AbstractBeanFactory.java:326)
	at org.springframework.beans.factory.support.DefaultSingletonBeanRegistry.getSingleton(DefaultSingletonBeanRegistry.java:234)
	at org.springframework.beans.factory.support.AbstractBeanFactory.doGetBean(AbstractBeanFactory.java:324)
	at org.springframework.beans.factory.support.AbstractBeanFactory.getBean(AbstractBeanFactory.java:200)
	at org.springframework.beans.factory.config.DependencyDescriptor.resolveCandidate(DependencyDescriptor.java:254)
	at org.springframework.beans.factory.support.DefaultListableBeanFactory.doResolveDependency(DefaultListableBeanFactory.java:1417)
	at org.springframework.beans.factory.support.DefaultListableBeanFactory.resolveDependency(DefaultListableBeanFactory.java:1337)
	at org.springframework.beans.factory.annotation.AutowiredAnnotationBeanPostProcessor$AutowiredFieldElement.resolveFieldValue(AutowiredAnnotationBeanPostProcessor.java:710)
	at org.springframework.beans.factory.annotation.AutowiredAnnotationBeanPostProcessor$AutowiredFieldElement.inject(AutowiredAnnotationBeanPostProcessor.java:693)
	at org.springframework.beans.factory.annotation.InjectionMetadata.inject(InjectionMetadata.java:133)
	at org.springframework.beans.factory.annotation.AutowiredAnnotationBeanPostProcessor.postProcessProperties(AutowiredAnnotationBeanPostProcessor.java:482)
	at org.springframework.beans.factory.support.AbstractAutowireCapableBeanFactory.populateBean(AbstractAutowireCapableBeanFactory.java:1416)
	at org.springframework.beans.factory.support.AbstractAutowireCapableBeanFactory.doCreateBean(AbstractAutowireCapableBeanFactory.java:597)
	at org.springframework.beans.factory.support.AbstractAutowireCapableBeanFactory.createBean(AbstractAutowireCapableBeanFactory.java:520)
	at org.springframework.beans.factory.support.AbstractBeanFactory.lambda$doGetBean$0(AbstractBeanFactory.java:326)
	at org.springframework.beans.factory.support.DefaultSingletonBeanRegistry.getSingleton(DefaultSingletonBeanRegistry.java:234)
	at org.springframework.beans.factory.support.AbstractBeanFactory.doGetBean(AbstractBeanFactory.java:324)
	at org.springframework.beans.factory.support.AbstractBeanFactory.getBean(AbstractBeanFactory.java:200)
	at org.springframework.beans.factory.support.DefaultListableBeanFactory.preInstantiateSingletons(DefaultListableBeanFactory.java:973)
	at org.springframework.context.support.AbstractApplicationContext.finishBeanFactoryInitialization(AbstractApplicationContext.java:941)
	at org.springframework.context.support.AbstractApplicationContext.refresh(AbstractApplicationContext.java:608)
	at org.springframework.boot.web.servlet.context.ServletWebServerApplicationContext.refresh(ServletWebServerApplicationContext.java:146)
	at org.springframework.boot.SpringApplication.refresh(SpringApplication.java:733)
	at org.springframework.boot.SpringApplication.refreshContext(SpringApplication.java:435)
	at org.springframework.boot.SpringApplication.run(SpringApplication.java:311)
	at org.springframework.boot.SpringApplication.run(SpringApplication.java:1305)
	at org.springframework.boot.SpringApplication.run(SpringApplication.java:1294)
	at com.paob.tms.TmsApplication.main(TmsApplication.java:14)
2025-05-22 11:25:19.966 [main] WARN  o.s.b.w.s.c.AnnotationConfigServletWebServerApplicationContext - Exception encountered during context initialization - cancelling refresh attempt: org.springframework.beans.factory.UnsatisfiedDependencyException: Error creating bean with name 'journalServiceImpl': Unsatisfied dependency expressed through field 'tmsVoucherDetailMapper': Error creating bean with name 'tmsVoucherDetailMapper' defined in file [D:\work\paob_tms1\target\classes\com\paob\tms\mapper\TmsVoucherDetailMapper.class]: com.baomidou.mybatisplus.core.exceptions.MybatisPlusException: @TableId can't more than one in Class: "com.paob.tms.model.TmsVoucherDetail".
2025-05-22 11:25:19.972 [main] INFO  o.a.catalina.core.StandardService - Stopping service [Tomcat]
2025-05-22 11:25:20.008 [main] INFO  o.s.b.a.l.ConditionEvaluationReportLogger - 

Error starting ApplicationContext. To display the condition evaluation report re-run your application with 'debug' enabled.
2025-05-22 11:25:20.154 [main] ERROR o.s.boot.SpringApplication - Application run failed
org.springframework.beans.factory.UnsatisfiedDependencyException: Error creating bean with name 'journalServiceImpl': Unsatisfied dependency expressed through field 'tmsVoucherDetailMapper': Error creating bean with name 'tmsVoucherDetailMapper' defined in file [D:\work\paob_tms1\target\classes\com\paob\tms\mapper\TmsVoucherDetailMapper.class]: com.baomidou.mybatisplus.core.exceptions.MybatisPlusException: @TableId can't more than one in Class: "com.paob.tms.model.TmsVoucherDetail".
	at org.springframework.beans.factory.annotation.AutowiredAnnotationBeanPostProcessor$AutowiredFieldElement.resolveFieldValue(AutowiredAnnotationBeanPostProcessor.java:713)
	at org.springframework.beans.factory.annotation.AutowiredAnnotationBeanPostProcessor$AutowiredFieldElement.inject(AutowiredAnnotationBeanPostProcessor.java:693)
	at org.springframework.beans.factory.annotation.InjectionMetadata.inject(InjectionMetadata.java:133)
	at org.springframework.beans.factory.annotation.AutowiredAnnotationBeanPostProcessor.postProcessProperties(AutowiredAnnotationBeanPostProcessor.java:482)
	at org.springframework.beans.factory.support.AbstractAutowireCapableBeanFactory.populateBean(AbstractAutowireCapableBeanFactory.java:1416)
	at org.springframework.beans.factory.support.AbstractAutowireCapableBeanFactory.doCreateBean(AbstractAutowireCapableBeanFactory.java:597)
	at org.springframework.beans.factory.support.AbstractAutowireCapableBeanFactory.createBean(AbstractAutowireCapableBeanFactory.java:520)
	at org.springframework.beans.factory.support.AbstractBeanFactory.lambda$doGetBean$0(AbstractBeanFactory.java:326)
	at org.springframework.beans.factory.support.DefaultSingletonBeanRegistry.getSingleton(DefaultSingletonBeanRegistry.java:234)
	at org.springframework.beans.factory.support.AbstractBeanFactory.doGetBean(AbstractBeanFactory.java:324)
	at org.springframework.beans.factory.support.AbstractBeanFactory.getBean(AbstractBeanFactory.java:200)
	at org.springframework.beans.factory.support.DefaultListableBeanFactory.preInstantiateSingletons(DefaultListableBeanFactory.java:973)
	at org.springframework.context.support.AbstractApplicationContext.finishBeanFactoryInitialization(AbstractApplicationContext.java:941)
	at org.springframework.context.support.AbstractApplicationContext.refresh(AbstractApplicationContext.java:608)
	at org.springframework.boot.web.servlet.context.ServletWebServerApplicationContext.refresh(ServletWebServerApplicationContext.java:146)
	at org.springframework.boot.SpringApplication.refresh(SpringApplication.java:733)
	at org.springframework.boot.SpringApplication.refreshContext(SpringApplication.java:435)
	at org.springframework.boot.SpringApplication.run(SpringApplication.java:311)
	at org.springframework.boot.SpringApplication.run(SpringApplication.java:1305)
	at org.springframework.boot.SpringApplication.run(SpringApplication.java:1294)
	at com.paob.tms.TmsApplication.main(TmsApplication.java:14)
Caused by: org.springframework.beans.factory.BeanCreationException: Error creating bean with name 'tmsVoucherDetailMapper' defined in file [D:\work\paob_tms1\target\classes\com\paob\tms\mapper\TmsVoucherDetailMapper.class]: com.baomidou.mybatisplus.core.exceptions.MybatisPlusException: @TableId can't more than one in Class: "com.paob.tms.model.TmsVoucherDetail".
	at org.springframework.beans.factory.support.AbstractAutowireCapableBeanFactory.initializeBean(AbstractAutowireCapableBeanFactory.java:1770)
	at org.springframework.beans.factory.support.AbstractAutowireCapableBeanFactory.doCreateBean(AbstractAutowireCapableBeanFactory.java:598)
	at org.springframework.beans.factory.support.AbstractAutowireCapableBeanFactory.createBean(AbstractAutowireCapableBeanFactory.java:520)
	at org.springframework.beans.factory.support.AbstractBeanFactory.lambda$doGetBean$0(AbstractBeanFactory.java:326)
	at org.springframework.beans.factory.support.DefaultSingletonBeanRegistry.getSingleton(DefaultSingletonBeanRegistry.java:234)
	at org.springframework.beans.factory.support.AbstractBeanFactory.doGetBean(AbstractBeanFactory.java:324)
	at org.springframework.beans.factory.support.AbstractBeanFactory.getBean(AbstractBeanFactory.java:200)
	at org.springframework.beans.factory.config.DependencyDescriptor.resolveCandidate(DependencyDescriptor.java:254)
	at org.springframework.beans.factory.support.DefaultListableBeanFactory.doResolveDependency(DefaultListableBeanFactory.java:1417)
	at org.springframework.beans.factory.support.DefaultListableBeanFactory.resolveDependency(DefaultListableBeanFactory.java:1337)
	at org.springframework.beans.factory.annotation.AutowiredAnnotationBeanPostProcessor$AutowiredFieldElement.resolveFieldValue(AutowiredAnnotationBeanPostProcessor.java:710)
	... 20 common frames omitted
Caused by: java.lang.IllegalArgumentException: com.baomidou.mybatisplus.core.exceptions.MybatisPlusException: @TableId can't more than one in Class: "com.paob.tms.model.TmsVoucherDetail".
	at org.mybatis.spring.mapper.MapperFactoryBean.checkDaoConfig(MapperFactoryBean.java:83)
	at org.springframework.dao.support.DaoSupport.afterPropertiesSet(DaoSupport.java:44)
	at org.springframework.beans.factory.support.AbstractAutowireCapableBeanFactory.invokeInitMethods(AbstractAutowireCapableBeanFactory.java:1816)
	at org.springframework.beans.factory.support.AbstractAutowireCapableBeanFactory.initializeBean(AbstractAutowireCapableBeanFactory.java:1766)
	... 30 common frames omitted
Caused by: com.baomidou.mybatisplus.core.exceptions.MybatisPlusException: @TableId can't more than one in Class: "com.paob.tms.model.TmsVoucherDetail".
	at com.baomidou.mybatisplus.core.toolkit.ExceptionUtils.mpe(ExceptionUtils.java:49)
	at com.baomidou.mybatisplus.core.metadata.TableInfoHelper.initTableFields(TableInfoHelper.java:338)
	at com.baomidou.mybatisplus.core.metadata.TableInfoHelper.initTableInfo(TableInfoHelper.java:197)
	at com.baomidou.mybatisplus.core.metadata.TableInfoHelper.initTableInfo(TableInfoHelper.java:174)
	at com.baomidou.mybatisplus.core.injector.AbstractSqlInjector.inspectInject(AbstractSqlInjector.java:48)
	at com.baomidou.mybatisplus.core.MybatisMapperAnnotationBuilder.parserInjector(MybatisMapperAnnotationBuilder.java:133)
	at com.baomidou.mybatisplus.core.MybatisMapperAnnotationBuilder.parse(MybatisMapperAnnotationBuilder.java:123)
	at com.baomidou.mybatisplus.core.MybatisMapperRegistry.addMapper(MybatisMapperRegistry.java:95)
	at com.baomidou.mybatisplus.core.MybatisConfiguration.addMapper(MybatisConfiguration.java:129)
	at org.mybatis.spring.mapper.MapperFactoryBean.checkDaoConfig(MapperFactoryBean.java:80)
	... 33 common frames omitted
2025-05-22 11:27:13.302 [background-preinit] INFO  o.h.validator.internal.util.Version - HV000001: Hibernate Validator 8.0.0.Final
2025-05-22 11:27:13.392 [main] INFO  com.paob.tms.TmsApplication - Starting TmsApplication using Java 17.0.0.1 with PID 3840 (D:\work\paob_tms1\target\classes started by wangxiaowen in D:\work\paob_tms1)
2025-05-22 11:27:13.392 [main] DEBUG com.paob.tms.TmsApplication - Running with Spring Boot v3.1.0, Spring v6.0.9
2025-05-22 11:27:13.395 [main] INFO  com.paob.tms.TmsApplication - The following 1 profile is active: "dev"
2025-05-22 11:27:16.943 [main] INFO  o.s.b.w.e.tomcat.TomcatWebServer - Tomcat initialized with port(s): 8080 (http)
2025-05-22 11:27:16.957 [main] INFO  o.a.coyote.http11.Http11NioProtocol - Initializing ProtocolHandler ["http-nio-8080"]
2025-05-22 11:27:16.957 [main] INFO  o.a.catalina.core.StandardService - Starting service [Tomcat]
2025-05-22 11:27:16.957 [main] INFO  o.a.catalina.core.StandardEngine - Starting Servlet engine: [Apache Tomcat/10.1.8]
2025-05-22 11:27:17.211 [main] INFO  o.a.c.c.C.[Tomcat].[localhost].[/] - Initializing Spring embedded WebApplicationContext
2025-05-22 11:27:17.215 [main] INFO  o.s.b.w.s.c.ServletWebServerApplicationContext - Root WebApplicationContext: initialization completed in 3688 ms
2025-05-22 11:27:18.337 [main] WARN  c.b.m.c.injector.DefaultSqlInjector - class com.paob.tms.model.FpsDwRepo ,Not found @TableId annotation, Cannot use Mybatis-Plus 'xxById' Method.
2025-05-22 11:27:18.371 [main] WARN  c.b.m.c.injector.DefaultSqlInjector - class com.paob.tms.model.RiskMonitoring ,Not found @TableId annotation, Cannot use Mybatis-Plus 'xxById' Method.
2025-05-22 11:27:18.416 [main] WARN  c.b.m.c.injector.DefaultSqlInjector - class com.paob.tms.dto.resp.SelectOptionResp ,Not found @TableId annotation, Cannot use Mybatis-Plus 'xxById' Method.
2025-05-22 11:27:18.452 [main] WARN  c.b.m.c.injector.DefaultSqlInjector - class com.paob.tms.dto.resp.SubjectBalanceDetailResp ,Not found @TableId annotation, Cannot use Mybatis-Plus 'xxById' Method.
2025-05-22 11:27:19.820 [main] WARN  o.s.b.a.s.s.UserDetailsServiceAutoConfiguration - 

Using generated security password: a1d6bd74-c4be-49b6-b22e-607a77d9a7b1

This generated password is for development use only. Your security configuration must be updated before running your application in production.

2025-05-22 11:27:20.425 [main] INFO  o.s.s.web.DefaultSecurityFilterChain - Will secure any request with [org.springframework.security.web.session.DisableEncodeUrlFilter@7ea3839e, org.springframework.security.web.context.request.async.WebAsyncManagerIntegrationFilter@16b76858, org.springframework.security.web.context.SecurityContextHolderFilter@7de5871d, org.springframework.security.web.header.HeaderWriterFilter@1214d23c, org.springframework.security.web.authentication.logout.LogoutFilter@74707df8, org.springframework.security.web.savedrequest.RequestCacheAwareFilter@4948daec, org.springframework.security.web.servletapi.SecurityContextHolderAwareRequestFilter@66715ca9, org.springframework.security.web.authentication.AnonymousAuthenticationFilter@d3cce46, org.springframework.security.web.access.ExceptionTranslationFilter@56b9d43f, org.springframework.security.web.access.intercept.AuthorizationFilter@2ab8589a]
2025-05-22 11:27:20.977 [main] INFO  o.a.coyote.http11.Http11NioProtocol - Starting ProtocolHandler ["http-nio-8080"]
2025-05-22 11:27:21.068 [main] INFO  o.s.b.w.e.tomcat.TomcatWebServer - Tomcat started on port(s): 8080 (http) with context path ''
2025-05-22 11:27:21.098 [main] INFO  com.paob.tms.TmsApplication - Started TmsApplication in 9.104 seconds (process running for 10.214)
2025-05-22 11:27:58.724 [http-nio-8080-exec-1] INFO  o.a.c.c.C.[Tomcat].[localhost].[/] - Initializing Spring DispatcherServlet 'dispatcherServlet'
2025-05-22 11:27:58.725 [http-nio-8080-exec-1] INFO  o.s.web.servlet.DispatcherServlet - Initializing Servlet 'dispatcherServlet'
2025-05-22 11:27:58.728 [http-nio-8080-exec-1] INFO  o.s.web.servlet.DispatcherServlet - Completed initialization in 3 ms
2025-05-22 11:27:58.981 [http-nio-8080-exec-1] INFO  c.p.t.w.controller.JournalController - 复核通过，请求参数：JournalApproveReq(journalSequence=J20240101003)
2025-05-22 11:27:58.995 [http-nio-8080-exec-1] INFO  com.zaxxer.hikari.HikariDataSource - HikariPool-1 - Starting...
2025-05-22 11:27:59.758 [http-nio-8080-exec-1] INFO  com.zaxxer.hikari.pool.HikariPool - HikariPool-1 - Added connection org.postgresql.jdbc.PgConnection@7452f9cb
2025-05-22 11:27:59.760 [http-nio-8080-exec-1] INFO  com.zaxxer.hikari.HikariDataSource - HikariPool-1 - Start completed.
2025-05-22 11:28:07.390 [http-nio-8080-exec-1] INFO  c.p.t.s.impl.JournalServiceImpl - 凭证复核通过成功，凭证编号：J20240101003
2025-05-22 11:44:08.015 [http-nio-8080-exec-5] INFO  c.p.t.w.controller.JournalController - 复核通过，请求参数：JournalApproveReq(journalSequence=J20240101003)
2025-05-22 11:44:14.087 [http-nio-8080-exec-5] INFO  c.p.t.s.impl.JournalServiceImpl - 凭证复核通过成功，凭证编号：J20240101003
2025-05-22 11:50:35.966 [SpringApplicationShutdownHook] INFO  com.zaxxer.hikari.HikariDataSource - HikariPool-1 - Shutdown initiated...
2025-05-22 11:50:35.994 [SpringApplicationShutdownHook] INFO  com.zaxxer.hikari.HikariDataSource - HikariPool-1 - Shutdown completed.
2025-05-22 11:50:52.415 [background-preinit] INFO  o.h.validator.internal.util.Version - HV000001: Hibernate Validator 8.0.0.Final
2025-05-22 11:50:52.539 [main] INFO  com.paob.tms.TmsApplication - Starting TmsApplication using Java 17.0.0.1 with PID 24728 (D:\work\paob_tms1\target\classes started by wangxiaowen in D:\work\paob_tms1)
2025-05-22 11:50:52.539 [main] DEBUG com.paob.tms.TmsApplication - Running with Spring Boot v3.1.0, Spring v6.0.9
2025-05-22 11:50:52.542 [main] INFO  com.paob.tms.TmsApplication - The following 1 profile is active: "dev"
2025-05-22 11:50:58.708 [main] INFO  o.s.b.w.e.tomcat.TomcatWebServer - Tomcat initialized with port(s): 8080 (http)
2025-05-22 11:50:58.737 [main] INFO  o.a.coyote.http11.Http11NioProtocol - Initializing ProtocolHandler ["http-nio-8080"]
2025-05-22 11:50:58.739 [main] INFO  o.a.catalina.core.StandardService - Starting service [Tomcat]
2025-05-22 11:50:58.739 [main] INFO  o.a.catalina.core.StandardEngine - Starting Servlet engine: [Apache Tomcat/10.1.8]
2025-05-22 11:50:59.093 [main] INFO  o.a.c.c.C.[Tomcat].[localhost].[/] - Initializing Spring embedded WebApplicationContext
2025-05-22 11:50:59.105 [main] INFO  o.s.b.w.s.c.ServletWebServerApplicationContext - Root WebApplicationContext: initialization completed in 6387 ms
2025-05-22 11:51:00.782 [main] WARN  c.b.m.c.injector.DefaultSqlInjector - class com.paob.tms.model.FpsDwRepo ,Not found @TableId annotation, Cannot use Mybatis-Plus 'xxById' Method.
2025-05-22 11:51:00.828 [main] WARN  c.b.m.c.injector.DefaultSqlInjector - class com.paob.tms.model.RiskMonitoring ,Not found @TableId annotation, Cannot use Mybatis-Plus 'xxById' Method.
2025-05-22 11:51:00.898 [main] WARN  c.b.m.c.injector.DefaultSqlInjector - class com.paob.tms.dto.resp.SelectOptionResp ,Not found @TableId annotation, Cannot use Mybatis-Plus 'xxById' Method.
2025-05-22 11:51:00.970 [main] WARN  c.b.m.c.injector.DefaultSqlInjector - class com.paob.tms.dto.resp.SubjectBalanceDetailResp ,Not found @TableId annotation, Cannot use Mybatis-Plus 'xxById' Method.
2025-05-22 11:51:02.976 [main] WARN  o.s.b.a.s.s.UserDetailsServiceAutoConfiguration - 

Using generated security password: a6810c07-33ca-4e82-9f1b-43ce7448d6a6

This generated password is for development use only. Your security configuration must be updated before running your application in production.

2025-05-22 11:51:03.850 [main] INFO  o.s.s.web.DefaultSecurityFilterChain - Will secure any request with [org.springframework.security.web.session.DisableEncodeUrlFilter@145e958f, org.springframework.security.web.context.request.async.WebAsyncManagerIntegrationFilter@2d2fc130, org.springframework.security.web.context.SecurityContextHolderFilter@25fd6d1e, org.springframework.security.web.header.HeaderWriterFilter@39a7eca5, org.springframework.security.web.authentication.logout.LogoutFilter@3d3930fe, org.springframework.security.web.savedrequest.RequestCacheAwareFilter@c11332b, org.springframework.security.web.servletapi.SecurityContextHolderAwareRequestFilter@5d27b4c1, org.springframework.security.web.authentication.AnonymousAuthenticationFilter@7bbdb220, org.springframework.security.web.access.ExceptionTranslationFilter@41a23470, org.springframework.security.web.access.intercept.AuthorizationFilter@57bdceaa]
2025-05-22 11:51:04.486 [main] INFO  o.a.coyote.http11.Http11NioProtocol - Starting ProtocolHandler ["http-nio-8080"]
2025-05-22 11:51:04.568 [main] INFO  o.s.b.w.e.tomcat.TomcatWebServer - Tomcat started on port(s): 8080 (http) with context path ''
2025-05-22 11:51:04.593 [main] INFO  com.paob.tms.TmsApplication - Started TmsApplication in 13.908 seconds (process running for 15.596)
2025-05-22 13:43:01.517 [background-preinit] INFO  o.h.validator.internal.util.Version - HV000001: Hibernate Validator 8.0.0.Final
2025-05-22 13:43:01.668 [main] INFO  com.paob.tms.TmsApplication - Starting TmsApplication using Java 17.0.0.1 with PID 25392 (D:\work\paob_tms1\target\classes started by wangxiaowen in D:\work\paob_tms1)
2025-05-22 13:43:01.670 [main] DEBUG com.paob.tms.TmsApplication - Running with Spring Boot v3.1.0, Spring v6.0.9
2025-05-22 13:43:01.672 [main] INFO  com.paob.tms.TmsApplication - The following 1 profile is active: "dev"
2025-05-22 13:43:08.726 [main] INFO  o.s.b.w.e.tomcat.TomcatWebServer - Tomcat initialized with port(s): 8080 (http)
2025-05-22 13:43:08.768 [main] INFO  o.a.coyote.http11.Http11NioProtocol - Initializing ProtocolHandler ["http-nio-8080"]
2025-05-22 13:43:08.770 [main] INFO  o.a.catalina.core.StandardService - Starting service [Tomcat]
2025-05-22 13:43:08.772 [main] INFO  o.a.catalina.core.StandardEngine - Starting Servlet engine: [Apache Tomcat/10.1.8]
2025-05-22 13:43:09.148 [main] INFO  o.a.c.c.C.[Tomcat].[localhost].[/] - Initializing Spring embedded WebApplicationContext
2025-05-22 13:43:09.151 [main] INFO  o.s.b.w.s.c.ServletWebServerApplicationContext - Root WebApplicationContext: initialization completed in 7309 ms
2025-05-22 13:43:10.621 [main] WARN  c.b.m.c.injector.DefaultSqlInjector - class com.paob.tms.model.FpsDwRepo ,Not found @TableId annotation, Cannot use Mybatis-Plus 'xxById' Method.
2025-05-22 13:43:10.675 [main] WARN  c.b.m.c.injector.DefaultSqlInjector - class com.paob.tms.model.RiskMonitoring ,Not found @TableId annotation, Cannot use Mybatis-Plus 'xxById' Method.
2025-05-22 13:43:10.749 [main] WARN  c.b.m.c.injector.DefaultSqlInjector - class com.paob.tms.dto.resp.SelectOptionResp ,Not found @TableId annotation, Cannot use Mybatis-Plus 'xxById' Method.
2025-05-22 13:43:10.816 [main] WARN  c.b.m.c.injector.DefaultSqlInjector - class com.paob.tms.dto.resp.SubjectBalanceDetailResp ,Not found @TableId annotation, Cannot use Mybatis-Plus 'xxById' Method.
2025-05-22 13:43:12.797 [main] WARN  o.s.b.a.s.s.UserDetailsServiceAutoConfiguration - 

Using generated security password: 4de97290-8044-4490-86ca-9352e46af323

This generated password is for development use only. Your security configuration must be updated before running your application in production.

2025-05-22 13:43:13.607 [main] INFO  o.s.s.web.DefaultSecurityFilterChain - Will secure any request with [org.springframework.security.web.session.DisableEncodeUrlFilter@d120d7c, org.springframework.security.web.context.request.async.WebAsyncManagerIntegrationFilter@5ee77baf, org.springframework.security.web.context.SecurityContextHolderFilter@3005623b, org.springframework.security.web.header.HeaderWriterFilter@23396fc0, org.springframework.security.web.authentication.logout.LogoutFilter@382faf51, org.springframework.security.web.savedrequest.RequestCacheAwareFilter@5d27b4c1, org.springframework.security.web.servletapi.SecurityContextHolderAwareRequestFilter@21f50d2c, org.springframework.security.web.authentication.AnonymousAuthenticationFilter@485deee1, org.springframework.security.web.access.ExceptionTranslationFilter@156cfa20, org.springframework.security.web.access.intercept.AuthorizationFilter@2d2fc130]
2025-05-22 13:43:14.266 [main] INFO  o.a.coyote.http11.Http11NioProtocol - Starting ProtocolHandler ["http-nio-8080"]
2025-05-22 13:43:14.339 [main] INFO  o.s.b.w.e.tomcat.TomcatWebServer - Tomcat started on port(s): 8080 (http) with context path ''
2025-05-22 13:43:14.360 [main] INFO  com.paob.tms.TmsApplication - Started TmsApplication in 15.046 seconds (process running for 16.954)
2025-05-22 13:44:04.685 [http-nio-8080-exec-2] INFO  o.a.c.c.C.[Tomcat].[localhost].[/] - Initializing Spring DispatcherServlet 'dispatcherServlet'
2025-05-22 13:44:04.687 [http-nio-8080-exec-2] INFO  o.s.web.servlet.DispatcherServlet - Initializing Servlet 'dispatcherServlet'
2025-05-22 13:44:04.697 [http-nio-8080-exec-2] INFO  o.s.web.servlet.DispatcherServlet - Completed initialization in 8 ms
2025-05-22 13:44:05.469 [http-nio-8080-exec-2] INFO  c.p.t.w.controller.JournalController - 复核通过，请求参数：JournalApproveReq(journalSequence=J20240101003)
2025-05-22 13:44:05.506 [http-nio-8080-exec-2] INFO  com.zaxxer.hikari.HikariDataSource - HikariPool-1 - Starting...
2025-05-22 13:44:06.527 [http-nio-8080-exec-2] INFO  com.zaxxer.hikari.pool.HikariPool - HikariPool-1 - Added connection org.postgresql.jdbc.PgConnection@7b74e047
2025-05-22 13:44:06.531 [http-nio-8080-exec-2] INFO  com.zaxxer.hikari.HikariDataSource - HikariPool-1 - Start completed.
2025-05-22 13:44:07.797 [http-nio-8080-exec-2] INFO  c.p.t.s.impl.JournalServiceImpl - 凭证复核通过成功，凭证编号：J20240101003
2025-05-22 14:26:48.855 [SpringApplicationShutdownHook] INFO  com.zaxxer.hikari.HikariDataSource - HikariPool-1 - Shutdown initiated...
2025-05-22 14:26:48.871 [SpringApplicationShutdownHook] INFO  com.zaxxer.hikari.HikariDataSource - HikariPool-1 - Shutdown completed.
2025-05-22 14:36:14.794 [background-preinit] INFO  o.h.validator.internal.util.Version - HV000001: Hibernate Validator 8.0.0.Final
2025-05-22 14:36:14.903 [main] INFO  com.paob.tms.TmsApplication - Starting TmsApplication using Java 17.0.0.1 with PID 6688 (D:\work\paob_tms1\target\classes started by wangxiaowen in D:\work\paob_tms1)
2025-05-22 14:36:14.906 [main] DEBUG com.paob.tms.TmsApplication - Running with Spring Boot v3.1.0, Spring v6.0.9
2025-05-22 14:36:14.908 [main] INFO  com.paob.tms.TmsApplication - The following 1 profile is active: "dev"
2025-05-22 14:36:20.096 [main] INFO  o.s.b.w.e.tomcat.TomcatWebServer - Tomcat initialized with port(s): 8080 (http)
2025-05-22 14:36:20.117 [main] INFO  o.a.coyote.http11.Http11NioProtocol - Initializing ProtocolHandler ["http-nio-8080"]
2025-05-22 14:36:20.119 [main] INFO  o.a.catalina.core.StandardService - Starting service [Tomcat]
2025-05-22 14:36:20.119 [main] INFO  o.a.catalina.core.StandardEngine - Starting Servlet engine: [Apache Tomcat/10.1.8]
2025-05-22 14:36:20.472 [main] INFO  o.a.c.c.C.[Tomcat].[localhost].[/] - Initializing Spring embedded WebApplicationContext
2025-05-22 14:36:20.476 [main] INFO  o.s.b.w.s.c.ServletWebServerApplicationContext - Root WebApplicationContext: initialization completed in 5446 ms
2025-05-22 14:36:21.683 [main] WARN  c.b.m.c.injector.DefaultSqlInjector - class com.paob.tms.model.FpsDwRepo ,Not found @TableId annotation, Cannot use Mybatis-Plus 'xxById' Method.
2025-05-22 14:36:21.729 [main] WARN  c.b.m.c.injector.DefaultSqlInjector - class com.paob.tms.model.RiskMonitoring ,Not found @TableId annotation, Cannot use Mybatis-Plus 'xxById' Method.
2025-05-22 14:36:21.783 [main] WARN  c.b.m.c.injector.DefaultSqlInjector - class com.paob.tms.dto.resp.SelectOptionResp ,Not found @TableId annotation, Cannot use Mybatis-Plus 'xxById' Method.
2025-05-22 14:36:21.822 [main] WARN  c.b.m.c.injector.DefaultSqlInjector - class com.paob.tms.dto.resp.SubjectBalanceDetailResp ,Not found @TableId annotation, Cannot use Mybatis-Plus 'xxById' Method.
2025-05-22 14:36:23.360 [main] WARN  o.s.b.a.s.s.UserDetailsServiceAutoConfiguration - 

Using generated security password: ed45ba4c-3870-4953-9bb7-2ba935fa30df

This generated password is for development use only. Your security configuration must be updated before running your application in production.

2025-05-22 14:36:24.076 [main] INFO  o.s.s.web.DefaultSecurityFilterChain - Will secure any request with [org.springframework.security.web.session.DisableEncodeUrlFilter@7afb9c93, org.springframework.security.web.context.request.async.WebAsyncManagerIntegrationFilter@30d15e4a, org.springframework.security.web.context.SecurityContextHolderFilter@21f50d2c, org.springframework.security.web.header.HeaderWriterFilter@50df37eb, org.springframework.security.web.authentication.logout.LogoutFilter@52909a97, org.springframework.security.web.savedrequest.RequestCacheAwareFilter@473847fb, org.springframework.security.web.servletapi.SecurityContextHolderAwareRequestFilter@43786627, org.springframework.security.web.authentication.AnonymousAuthenticationFilter@43a7203e, org.springframework.security.web.access.ExceptionTranslationFilter@58aa5c94, org.springframework.security.web.access.intercept.AuthorizationFilter@25cde5bb]
2025-05-22 14:36:24.619 [main] INFO  o.a.coyote.http11.Http11NioProtocol - Starting ProtocolHandler ["http-nio-8080"]
2025-05-22 14:36:24.675 [main] INFO  o.s.b.w.e.tomcat.TomcatWebServer - Tomcat started on port(s): 8080 (http) with context path ''
2025-05-22 14:36:24.686 [main] INFO  com.paob.tms.TmsApplication - Started TmsApplication in 11.452 seconds (process running for 12.843)
2025-05-22 14:37:08.027 [http-nio-8080-exec-1] INFO  o.a.c.c.C.[Tomcat].[localhost].[/] - Initializing Spring DispatcherServlet 'dispatcherServlet'
2025-05-22 14:37:08.027 [http-nio-8080-exec-1] INFO  o.s.web.servlet.DispatcherServlet - Initializing Servlet 'dispatcherServlet'
2025-05-22 14:37:08.032 [http-nio-8080-exec-1] INFO  o.s.web.servlet.DispatcherServlet - Completed initialization in 5 ms
2025-05-22 14:37:08.325 [http-nio-8080-exec-1] INFO  c.p.t.w.controller.JournalController - 复核通过，请求参数：JournalApproveReq(journalSequence=J20240101003)
2025-05-22 14:37:08.361 [http-nio-8080-exec-1] INFO  com.zaxxer.hikari.HikariDataSource - HikariPool-1 - Starting...
2025-05-22 14:37:09.350 [http-nio-8080-exec-1] INFO  com.zaxxer.hikari.pool.HikariPool - HikariPool-1 - Added connection org.postgresql.jdbc.PgConnection@968c683
2025-05-22 14:37:09.355 [http-nio-8080-exec-1] INFO  com.zaxxer.hikari.HikariDataSource - HikariPool-1 - Start completed.
2025-05-22 14:37:11.199 [http-nio-8080-exec-1] INFO  c.p.t.s.impl.JournalServiceImpl - 凭证复核通过成功，凭证编号：J20240101003
2025-05-22 14:55:44.063 [SpringApplicationShutdownHook] INFO  com.zaxxer.hikari.HikariDataSource - HikariPool-1 - Shutdown initiated...
2025-05-22 14:55:44.074 [SpringApplicationShutdownHook] INFO  com.zaxxer.hikari.HikariDataSource - HikariPool-1 - Shutdown completed.
2025-05-22 14:55:56.259 [background-preinit] INFO  o.h.validator.internal.util.Version - HV000001: Hibernate Validator 8.0.0.Final
2025-05-22 14:55:56.366 [main] INFO  com.paob.tms.TmsApplication - Starting TmsApplication using Java 17.0.0.1 with PID 14860 (D:\work\paob_tms1\target\classes started by wangxiaowen in D:\work\paob_tms1)
2025-05-22 14:55:56.368 [main] DEBUG com.paob.tms.TmsApplication - Running with Spring Boot v3.1.0, Spring v6.0.9
2025-05-22 14:55:56.370 [main] INFO  com.paob.tms.TmsApplication - The following 1 profile is active: "dev"
2025-05-22 14:56:01.295 [main] INFO  o.s.b.w.e.tomcat.TomcatWebServer - Tomcat initialized with port(s): 8080 (http)
2025-05-22 14:56:01.324 [main] INFO  o.a.coyote.http11.Http11NioProtocol - Initializing ProtocolHandler ["http-nio-8080"]
2025-05-22 14:56:01.324 [main] INFO  o.a.catalina.core.StandardService - Starting service [Tomcat]
2025-05-22 14:56:01.324 [main] INFO  o.a.catalina.core.StandardEngine - Starting Servlet engine: [Apache Tomcat/10.1.8]
2025-05-22 14:56:01.579 [main] INFO  o.a.c.c.C.[Tomcat].[localhost].[/] - Initializing Spring embedded WebApplicationContext
2025-05-22 14:56:01.579 [main] INFO  o.s.b.w.s.c.ServletWebServerApplicationContext - Root WebApplicationContext: initialization completed in 5081 ms
2025-05-22 14:56:02.850 [main] WARN  c.b.m.c.injector.DefaultSqlInjector - class com.paob.tms.model.FpsDwRepo ,Not found @TableId annotation, Cannot use Mybatis-Plus 'xxById' Method.
2025-05-22 14:56:02.877 [main] WARN  c.b.m.c.injector.DefaultSqlInjector - class com.paob.tms.model.RiskMonitoring ,Not found @TableId annotation, Cannot use Mybatis-Plus 'xxById' Method.
2025-05-22 14:56:02.942 [main] WARN  c.b.m.c.injector.DefaultSqlInjector - class com.paob.tms.dto.resp.SelectOptionResp ,Not found @TableId annotation, Cannot use Mybatis-Plus 'xxById' Method.
2025-05-22 14:56:02.979 [main] WARN  c.b.m.c.injector.DefaultSqlInjector - class com.paob.tms.dto.resp.SubjectBalanceDetailResp ,Not found @TableId annotation, Cannot use Mybatis-Plus 'xxById' Method.
2025-05-22 14:56:04.499 [main] WARN  o.s.b.a.s.s.UserDetailsServiceAutoConfiguration - 

Using generated security password: 65ac916f-c13a-4b11-b195-240cb5dfcc6d

This generated password is for development use only. Your security configuration must be updated before running your application in production.

2025-05-22 14:56:05.132 [main] INFO  o.s.s.web.DefaultSecurityFilterChain - Will secure any request with [org.springframework.security.web.session.DisableEncodeUrlFilter@a5e8260, org.springframework.security.web.context.request.async.WebAsyncManagerIntegrationFilter@30c7be6f, org.springframework.security.web.context.SecurityContextHolderFilter@2e1add6f, org.springframework.security.web.header.HeaderWriterFilter@8bc0696, org.springframework.security.web.authentication.logout.LogoutFilter@7bbdb220, org.springframework.security.web.savedrequest.RequestCacheAwareFilter@43786627, org.springframework.security.web.servletapi.SecurityContextHolderAwareRequestFilter@74707df8, org.springframework.security.web.authentication.AnonymousAuthenticationFilter@4a9bce99, org.springframework.security.web.access.ExceptionTranslationFilter@41143873, org.springframework.security.web.access.intercept.AuthorizationFilter@30d15e4a]
2025-05-22 14:56:05.614 [main] INFO  o.a.coyote.http11.Http11NioProtocol - Starting ProtocolHandler ["http-nio-8080"]
2025-05-22 14:56:05.701 [main] INFO  o.s.b.w.e.tomcat.TomcatWebServer - Tomcat started on port(s): 8080 (http) with context path ''
2025-05-22 14:56:05.723 [main] INFO  com.paob.tms.TmsApplication - Started TmsApplication in 10.847 seconds (process running for 12.095)
2025-05-22 14:57:21.501 [http-nio-8080-exec-1] INFO  o.a.c.c.C.[Tomcat].[localhost].[/] - Initializing Spring DispatcherServlet 'dispatcherServlet'
2025-05-22 14:57:21.501 [http-nio-8080-exec-1] INFO  o.s.web.servlet.DispatcherServlet - Initializing Servlet 'dispatcherServlet'
2025-05-22 14:57:21.501 [http-nio-8080-exec-1] INFO  o.s.web.servlet.DispatcherServlet - Completed initialization in 0 ms
2025-05-22 14:57:21.749 [http-nio-8080-exec-1] INFO  c.p.t.w.controller.JournalController - 批量复核通过请求参数：JournalBatchApproveReq(journalSequence=[J20240101002, J20240101003])
2025-05-22 14:57:21.771 [http-nio-8080-exec-1] INFO  com.zaxxer.hikari.HikariDataSource - HikariPool-1 - Starting...
2025-05-22 14:57:22.300 [http-nio-8080-exec-1] INFO  com.zaxxer.hikari.pool.HikariPool - HikariPool-1 - Added connection org.postgresql.jdbc.PgConnection@24682f35
2025-05-22 14:57:22.308 [http-nio-8080-exec-1] INFO  com.zaxxer.hikari.HikariDataSource - HikariPool-1 - Start completed.
2025-05-22 14:57:22.808 [http-nio-8080-exec-1] INFO  c.p.t.s.impl.JournalServiceImpl - 凭证复核通过成功，凭证编号：J20240101002
2025-05-22 14:57:22.854 [http-nio-8080-exec-1] INFO  c.p.t.s.impl.JournalServiceImpl - 凭证复核通过成功，凭证编号：J20240101003
2025-05-22 15:36:47.662 [http-nio-8080-exec-3] INFO  c.p.t.w.controller.JournalController - 批量复核通过请求参数：JournalBatchApproveReq(journalSequence=[J20240101002, J20240101003])
2025-05-22 15:36:48.072 [http-nio-8080-exec-3] INFO  c.p.t.s.impl.JournalServiceImpl - 凭证复核通过成功，凭证编号：J20240101002
2025-05-22 15:36:48.171 [http-nio-8080-exec-3] INFO  c.p.t.s.impl.JournalServiceImpl - 凭证复核通过成功，凭证编号：J20240101003
2025-05-22 15:38:00.206 [http-nio-8080-exec-7] INFO  c.p.t.w.controller.JournalController - 批量复核通过请求参数：JournalBatchApproveReq(journalSequence=[J20240101002, J20240101003])
2025-05-22 15:38:00.280 [http-nio-8080-exec-7] INFO  c.p.t.s.impl.JournalServiceImpl - 凭证复核通过成功，凭证编号：J20240101002
2025-05-22 15:38:00.311 [http-nio-8080-exec-7] INFO  c.p.t.s.impl.JournalServiceImpl - 凭证复核通过成功，凭证编号：J20240101003
2025-05-22 15:39:28.482 [SpringApplicationShutdownHook] INFO  com.zaxxer.hikari.HikariDataSource - HikariPool-1 - Shutdown initiated...
2025-05-22 15:39:28.489 [SpringApplicationShutdownHook] INFO  com.zaxxer.hikari.HikariDataSource - HikariPool-1 - Shutdown completed.
2025-05-22 15:39:40.200 [background-preinit] INFO  o.h.validator.internal.util.Version - HV000001: Hibernate Validator 8.0.0.Final
2025-05-22 15:39:40.286 [main] INFO  com.paob.tms.TmsApplication - Starting TmsApplication using Java 17.0.0.1 with PID 10236 (D:\work\paob_tms1\target\classes started by wangxiaowen in D:\work\paob_tms1)
2025-05-22 15:39:40.288 [main] DEBUG com.paob.tms.TmsApplication - Running with Spring Boot v3.1.0, Spring v6.0.9
2025-05-22 15:39:40.290 [main] INFO  com.paob.tms.TmsApplication - The following 1 profile is active: "dev"
2025-05-22 15:39:45.944 [main] INFO  o.s.b.w.e.tomcat.TomcatWebServer - Tomcat initialized with port(s): 8080 (http)
2025-05-22 15:39:45.970 [main] INFO  o.a.coyote.http11.Http11NioProtocol - Initializing ProtocolHandler ["http-nio-8080"]
2025-05-22 15:39:45.971 [main] INFO  o.a.catalina.core.StandardService - Starting service [Tomcat]
2025-05-22 15:39:45.972 [main] INFO  o.a.catalina.core.StandardEngine - Starting Servlet engine: [Apache Tomcat/10.1.8]
2025-05-22 15:39:46.259 [main] INFO  o.a.c.c.C.[Tomcat].[localhost].[/] - Initializing Spring embedded WebApplicationContext
2025-05-22 15:39:46.264 [main] INFO  o.s.b.w.s.c.ServletWebServerApplicationContext - Root WebApplicationContext: initialization completed in 5812 ms
2025-05-22 15:39:47.565 [main] WARN  c.b.m.c.injector.DefaultSqlInjector - class com.paob.tms.model.FpsDwRepo ,Not found @TableId annotation, Cannot use Mybatis-Plus 'xxById' Method.
2025-05-22 15:39:47.610 [main] WARN  c.b.m.c.injector.DefaultSqlInjector - class com.paob.tms.model.RiskMonitoring ,Not found @TableId annotation, Cannot use Mybatis-Plus 'xxById' Method.
2025-05-22 15:39:47.764 [main] WARN  c.b.m.c.injector.DefaultSqlInjector - class com.paob.tms.dto.resp.SelectOptionResp ,Not found @TableId annotation, Cannot use Mybatis-Plus 'xxById' Method.
2025-05-22 15:39:47.842 [main] WARN  c.b.m.c.injector.DefaultSqlInjector - class com.paob.tms.dto.resp.SubjectBalanceDetailResp ,Not found @TableId annotation, Cannot use Mybatis-Plus 'xxById' Method.
2025-05-22 15:39:50.045 [main] WARN  o.s.b.a.s.s.UserDetailsServiceAutoConfiguration - 

Using generated security password: eec295ca-ab14-4fce-a799-4844bca96c5b

This generated password is for development use only. Your security configuration must be updated before running your application in production.

2025-05-22 15:39:50.751 [main] INFO  o.s.s.web.DefaultSecurityFilterChain - Will secure any request with [org.springframework.security.web.session.DisableEncodeUrlFilter@65e620b0, org.springframework.security.web.context.request.async.WebAsyncManagerIntegrationFilter@74b97416, org.springframework.security.web.context.SecurityContextHolderFilter@144a5e6e, org.springframework.security.web.header.HeaderWriterFilter@d66502, org.springframework.security.web.authentication.logout.LogoutFilter@5d27b4c1, org.springframework.security.web.savedrequest.RequestCacheAwareFilter@7de3206d, org.springframework.security.web.servletapi.SecurityContextHolderAwareRequestFilter@5635bcd2, org.springframework.security.web.authentication.AnonymousAuthenticationFilter@74707df8, org.springframework.security.web.access.ExceptionTranslationFilter@65753724, org.springframework.security.web.access.intercept.AuthorizationFilter@467af68c]
2025-05-22 15:39:51.322 [main] INFO  o.a.coyote.http11.Http11NioProtocol - Starting ProtocolHandler ["http-nio-8080"]
2025-05-22 15:39:51.390 [main] INFO  o.s.b.w.e.tomcat.TomcatWebServer - Tomcat started on port(s): 8080 (http) with context path ''
2025-05-22 15:39:51.413 [main] INFO  com.paob.tms.TmsApplication - Started TmsApplication in 12.657 seconds (process running for 13.936)
2025-05-22 15:40:06.211 [http-nio-8080-exec-1] INFO  o.a.c.c.C.[Tomcat].[localhost].[/] - Initializing Spring DispatcherServlet 'dispatcherServlet'
2025-05-22 15:40:06.211 [http-nio-8080-exec-1] INFO  o.s.web.servlet.DispatcherServlet - Initializing Servlet 'dispatcherServlet'
2025-05-22 15:40:06.211 [http-nio-8080-exec-1] INFO  o.s.web.servlet.DispatcherServlet - Completed initialization in 0 ms
2025-05-22 15:40:06.447 [http-nio-8080-exec-1] INFO  c.p.t.w.controller.JournalController - 批量复核通过请求参数：JournalBatchApproveReq(journalSequence=[J20240101002, J20240101003])
2025-05-22 15:40:06.460 [http-nio-8080-exec-1] INFO  com.zaxxer.hikari.HikariDataSource - HikariPool-1 - Starting...
2025-05-22 15:40:06.892 [http-nio-8080-exec-1] INFO  com.zaxxer.hikari.pool.HikariPool - HikariPool-1 - Added connection org.postgresql.jdbc.PgConnection@207d383b
2025-05-22 15:40:06.909 [http-nio-8080-exec-1] INFO  com.zaxxer.hikari.HikariDataSource - HikariPool-1 - Start completed.
2025-05-22 15:44:15.007 [HikariPool-1 housekeeper] WARN  com.zaxxer.hikari.pool.HikariPool - HikariPool-1 - Thread starvation or clock leap detected (housekeeper delta=4m7s985ms558µs400ns).
2025-05-22 15:44:18.641 [http-nio-8080-exec-1] INFO  c.p.t.s.impl.JournalServiceImpl - 凭证复核通过成功，凭证编号：J20240101002
2025-05-22 15:44:18.909 [http-nio-8080-exec-1] INFO  c.p.t.s.impl.JournalServiceImpl - 凭证复核通过成功，凭证编号：J20240101003
2025-05-22 16:09:55.582 [http-nio-8080-exec-3] INFO  c.p.t.w.controller.JournalController - 复核通过，请求参数：JournalApproveReq(journalSequence=J20240101001)
2025-05-22 16:09:56.272 [http-nio-8080-exec-3] INFO  c.p.t.s.impl.JournalServiceImpl - 凭证复核通过成功，凭证编号：J20240101001
2025-05-22 17:42:01.484 [HikariPool-1 housekeeper] WARN  com.zaxxer.hikari.pool.HikariPool - HikariPool-1 - Thread starvation or clock leap detected (housekeeper delta=7m14s869ms430µs500ns).
2025-05-22 19:18:14.993 [SpringApplicationShutdownHook] INFO  com.zaxxer.hikari.HikariDataSource - HikariPool-1 - Shutdown initiated...
2025-05-22 19:18:15.071 [SpringApplicationShutdownHook] INFO  com.zaxxer.hikari.HikariDataSource - HikariPool-1 - Shutdown completed.
2025-05-22 19:18:38.715 [background-preinit] INFO  o.h.validator.internal.util.Version - HV000001: Hibernate Validator 8.0.0.Final
2025-05-22 19:18:38.885 [main] INFO  com.paob.tms.TmsApplication - Starting TmsApplication using Java 17.0.0.1 with PID 18760 (D:\work\paob_tms1\target\classes started by wangxiaowen in D:\work\paob_tms1)
2025-05-22 19:18:38.887 [main] DEBUG com.paob.tms.TmsApplication - Running with Spring Boot v3.1.0, Spring v6.0.9
2025-05-22 19:18:38.887 [main] INFO  com.paob.tms.TmsApplication - The following 1 profile is active: "dev"
2025-05-22 19:18:45.887 [main] INFO  o.s.b.w.e.tomcat.TomcatWebServer - Tomcat initialized with port(s): 8080 (http)
2025-05-22 19:18:45.909 [main] INFO  o.a.coyote.http11.Http11NioProtocol - Initializing ProtocolHandler ["http-nio-8080"]
2025-05-22 19:18:45.911 [main] INFO  o.a.catalina.core.StandardService - Starting service [Tomcat]
2025-05-22 19:18:45.911 [main] INFO  o.a.catalina.core.StandardEngine - Starting Servlet engine: [Apache Tomcat/10.1.8]
2025-05-22 19:18:46.208 [main] INFO  o.a.c.c.C.[Tomcat].[localhost].[/] - Initializing Spring embedded WebApplicationContext
2025-05-22 19:18:46.212 [main] INFO  o.s.b.w.s.c.ServletWebServerApplicationContext - Root WebApplicationContext: initialization completed in 6997 ms
2025-05-22 19:18:47.706 [main] WARN  c.b.m.c.injector.DefaultSqlInjector - class com.paob.tms.model.FpsDwRepo ,Not found @TableId annotation, Cannot use Mybatis-Plus 'xxById' Method.
2025-05-22 19:18:47.763 [main] WARN  c.b.m.c.injector.DefaultSqlInjector - class com.paob.tms.model.RiskMonitoring ,Not found @TableId annotation, Cannot use Mybatis-Plus 'xxById' Method.
2025-05-22 19:18:47.823 [main] WARN  c.b.m.c.injector.DefaultSqlInjector - class com.paob.tms.dto.resp.SelectOptionResp ,Not found @TableId annotation, Cannot use Mybatis-Plus 'xxById' Method.
2025-05-22 19:18:47.879 [main] WARN  c.b.m.c.injector.DefaultSqlInjector - class com.paob.tms.dto.resp.SubjectBalanceDetailResp ,Not found @TableId annotation, Cannot use Mybatis-Plus 'xxById' Method.
2025-05-22 19:18:49.951 [main] WARN  o.s.b.a.s.s.UserDetailsServiceAutoConfiguration - 

Using generated security password: c6275519-cc55-482d-825b-5391457e35ea

This generated password is for development use only. Your security configuration must be updated before running your application in production.

2025-05-22 19:18:50.786 [main] INFO  o.s.s.web.DefaultSecurityFilterChain - Will secure any request with [org.springframework.security.web.session.DisableEncodeUrlFilter@6c27e700, org.springframework.security.web.context.request.async.WebAsyncManagerIntegrationFilter@56b9d43f, org.springframework.security.web.context.SecurityContextHolderFilter@3e8b8f0, org.springframework.security.web.header.HeaderWriterFilter@5731caaf, org.springframework.security.web.authentication.logout.LogoutFilter@2bc16fe2, org.springframework.security.web.savedrequest.RequestCacheAwareFilter@1a345298, org.springframework.security.web.servletapi.SecurityContextHolderAwareRequestFilter@45796b2a, org.springframework.security.web.authentication.AnonymousAuthenticationFilter@2d913116, org.springframework.security.web.access.ExceptionTranslationFilter@ce655b9, org.springframework.security.web.access.intercept.AuthorizationFilter@32b112a1]
2025-05-22 19:18:51.647 [main] INFO  o.a.coyote.http11.Http11NioProtocol - Starting ProtocolHandler ["http-nio-8080"]
2025-05-22 19:18:51.731 [main] INFO  o.s.b.w.e.tomcat.TomcatWebServer - Tomcat started on port(s): 8080 (http) with context path ''
2025-05-22 19:18:51.767 [main] INFO  com.paob.tms.TmsApplication - Started TmsApplication in 15.203 seconds (process running for 17.975)
2025-05-22 19:23:54.697 [background-preinit] INFO  o.h.validator.internal.util.Version - HV000001: Hibernate Validator 8.0.0.Final
2025-05-22 19:23:54.813 [main] INFO  com.paob.tms.TmsApplication - Starting TmsApplication using Java 17.0.0.1 with PID 7864 (D:\work\paob_tms1\target\classes started by wangxiaowen in D:\work\paob_tms1)
2025-05-22 19:23:54.813 [main] DEBUG com.paob.tms.TmsApplication - Running with Spring Boot v3.1.0, Spring v6.0.9
2025-05-22 19:23:54.813 [main] INFO  com.paob.tms.TmsApplication - The following 1 profile is active: "dev"
2025-05-22 19:23:59.546 [main] INFO  o.s.b.w.e.tomcat.TomcatWebServer - Tomcat initialized with port(s): 8080 (http)
2025-05-22 19:23:59.585 [main] INFO  o.a.coyote.http11.Http11NioProtocol - Initializing ProtocolHandler ["http-nio-8080"]
2025-05-22 19:23:59.588 [main] INFO  o.a.catalina.core.StandardService - Starting service [Tomcat]
2025-05-22 19:23:59.590 [main] INFO  o.a.catalina.core.StandardEngine - Starting Servlet engine: [Apache Tomcat/10.1.8]
2025-05-22 19:23:59.960 [main] INFO  o.a.c.c.C.[Tomcat].[localhost].[/] - Initializing Spring embedded WebApplicationContext
2025-05-22 19:23:59.972 [main] INFO  o.s.b.w.s.c.ServletWebServerApplicationContext - Root WebApplicationContext: initialization completed in 4975 ms
2025-05-22 19:24:01.336 [main] WARN  c.b.m.c.injector.DefaultSqlInjector - class com.paob.tms.model.FpsDwRepo ,Not found @TableId annotation, Cannot use Mybatis-Plus 'xxById' Method.
2025-05-22 19:24:01.386 [main] WARN  c.b.m.c.injector.DefaultSqlInjector - class com.paob.tms.model.RiskMonitoring ,Not found @TableId annotation, Cannot use Mybatis-Plus 'xxById' Method.
2025-05-22 19:24:01.435 [main] WARN  c.b.m.c.injector.DefaultSqlInjector - class com.paob.tms.dto.resp.SelectOptionResp ,Not found @TableId annotation, Cannot use Mybatis-Plus 'xxById' Method.
2025-05-22 19:24:01.473 [main] WARN  c.b.m.c.injector.DefaultSqlInjector - class com.paob.tms.dto.resp.SubjectBalanceDetailResp ,Not found @TableId annotation, Cannot use Mybatis-Plus 'xxById' Method.
2025-05-22 19:24:03.331 [main] WARN  o.s.b.a.s.s.UserDetailsServiceAutoConfiguration - 

Using generated security password: 95713131-8303-47c6-8ef2-750a0850d2d0

This generated password is for development use only. Your security configuration must be updated before running your application in production.

2025-05-22 19:24:04.106 [main] INFO  o.s.s.web.DefaultSecurityFilterChain - Will secure any request with [org.springframework.security.web.session.DisableEncodeUrlFilter@6249a08d, org.springframework.security.web.context.request.async.WebAsyncManagerIntegrationFilter@36525ab, org.springframework.security.web.context.SecurityContextHolderFilter@261275ae, org.springframework.security.web.header.HeaderWriterFilter@7f012923, org.springframework.security.web.authentication.logout.LogoutFilter@6dd20ec9, org.springframework.security.web.savedrequest.RequestCacheAwareFilter@49986178, org.springframework.security.web.servletapi.SecurityContextHolderAwareRequestFilter@1f71e024, org.springframework.security.web.authentication.AnonymousAuthenticationFilter@27438750, org.springframework.security.web.access.ExceptionTranslationFilter@314f59b, org.springframework.security.web.access.intercept.AuthorizationFilter@21280cbb]
2025-05-22 19:24:04.789 [main] INFO  o.a.coyote.http11.Http11NioProtocol - Starting ProtocolHandler ["http-nio-8080"]
2025-05-22 19:24:04.858 [main] INFO  o.s.b.w.e.tomcat.TomcatWebServer - Tomcat started on port(s): 8080 (http) with context path ''
2025-05-22 19:24:04.883 [main] INFO  com.paob.tms.TmsApplication - Started TmsApplication in 11.885 seconds (process running for 13.459)
2025-05-22 19:25:00.008 [pool-2-thread-1] INFO  com.paob.tms.task.VoucherScanTask - 开始扫描凭证文件，文件路径：D:/work/paob_tms1/keys
2025-05-22 19:25:12.194 [pool-2-thread-1] INFO  com.zaxxer.hikari.HikariDataSource - HikariPool-1 - Starting...
2025-05-22 19:25:16.551 [pool-2-thread-1] INFO  com.zaxxer.hikari.pool.HikariPool - HikariPool-1 - Added connection org.postgresql.jdbc.PgConnection@4d7acdbe
2025-05-22 19:25:16.564 [pool-2-thread-1] INFO  com.zaxxer.hikari.HikariDataSource - HikariPool-1 - Start completed.
2025-05-22 19:25:21.603 [pool-2-thread-1] INFO  com.paob.tms.task.VoucherScanTask - 查询到6条待处理的凭证记录
2025-05-22 19:25:27.471 [pool-2-thread-1] INFO  com.paob.tms.task.VoucherScanTask - 按file_index分组后共有2组数据
2025-05-22 19:26:04.021 [pool-2-thread-1] INFO  com.paob.tms.task.VoucherScanTask - 处理文件：A23_20250522_800000_103_return.txt
2025-05-22 19:26:39.288 [pool-2-thread-1] INFO  com.paob.tms.task.VoucherScanTask - 文件内容：[10|20240101002|关键性字段验证无效|产品|, 10|20240101002|关键性字段验证无效|产品|, 10|20240101002|关键性字段验证无效|科目|, 10|20240101003|关键性字段验证无效|产品|, 10|20240101003|关键性字段验证无效|子目|, 10|20240101003|关键性字段验证无效|科目|, 20|6]
2025-05-22 19:26:51.432 [pool-2-thread-1] INFO  com.paob.tms.task.VoucherScanTask - 文件验证不通过，更新状态为3
2025-05-22 19:27:28.910 [pool-2-thread-1] INFO  com.paob.tms.task.VoucherScanTask - 解析错误信息 - key: 20240101002, value: 关键性字段验证无效:产品
2025-05-22 19:27:34.328 [pool-2-thread-1] INFO  com.paob.tms.task.VoucherScanTask - 解析错误信息 - key: 20240101002, value: 关键性字段验证无效:产品
2025-05-22 19:27:56.876 [pool-2-thread-1] INFO  com.paob.tms.task.VoucherScanTask - 解析错误信息 - key: 20240101002, value: 关键性字段验证无效:科目
2025-05-22 19:28:09.749 [pool-2-thread-1] INFO  com.paob.tms.task.VoucherScanTask - 解析错误信息 - key: 20240101003, value: 关键性字段验证无效:产品
2025-05-22 19:28:11.578 [pool-2-thread-1] INFO  com.paob.tms.task.VoucherScanTask - 解析错误信息 - key: 20240101003, value: 关键性字段验证无效:子目
2025-05-22 19:28:14.010 [pool-2-thread-1] INFO  com.paob.tms.task.VoucherScanTask - 解析错误信息 - key: 20240101003, value: 关键性字段验证无效:科目
2025-05-22 19:28:17.248 [pool-2-thread-1] INFO  com.paob.tms.task.VoucherScanTask - 更新tms_voucher_detail表 - id: 3, status: 3, 更新结果: 成功
2025-05-22 19:28:17.648 [pool-2-thread-1] INFO  com.paob.tms.task.VoucherScanTask - 更新tms_cit_journal表 - id: 3, status: 3, 更新结果: 成功
2025-05-22 19:28:17.671 [pool-2-thread-1] INFO  com.paob.tms.task.VoucherScanTask - 更新tms_voucher_detail表 - id: 4, status: 3, 更新结果: 成功
2025-05-22 19:28:17.735 [pool-2-thread-1] INFO  com.paob.tms.task.VoucherScanTask - 更新tms_cit_journal表 - id: 4, status: 3, 更新结果: 成功
2025-05-22 19:28:17.773 [pool-2-thread-1] INFO  com.paob.tms.task.VoucherScanTask - 更新tms_voucher_detail表 - id: 5, status: 3, 更新结果: 成功
2025-05-22 19:28:17.814 [pool-2-thread-1] INFO  com.paob.tms.task.VoucherScanTask - 更新tms_cit_journal表 - id: 5, status: 3, 更新结果: 成功
2025-05-22 19:28:17.867 [pool-2-thread-1] INFO  com.paob.tms.task.VoucherScanTask - 更新tms_voucher_detail表 - id: 6, status: 3, 更新结果: 成功
2025-05-22 19:28:17.909 [pool-2-thread-1] INFO  com.paob.tms.task.VoucherScanTask - 更新tms_cit_journal表 - id: 6, status: 3, 更新结果: 成功
2025-05-22 19:28:26.134 [pool-2-thread-1] INFO  com.paob.tms.task.VoucherScanTask - 处理文件：A23_20250522_800000_104_return.txt
2025-05-22 19:28:30.236 [pool-2-thread-1] INFO  com.paob.tms.task.VoucherScanTask - 文件不存在: A23_20250522_800000_104_return.txt
2025-05-22 19:29:00.009 [pool-2-thread-1] INFO  com.paob.tms.task.VoucherScanTask - 开始扫描凭证文件，文件路径：D:/work/paob_tms1/keys
2025-05-22 19:29:07.187 [pool-2-thread-1] INFO  com.paob.tms.task.VoucherScanTask - 查询到2条待处理的凭证记录
2025-05-22 19:29:07.187 [pool-2-thread-1] INFO  com.paob.tms.task.VoucherScanTask - 按file_index分组后共有1组数据
2025-05-22 19:29:07.187 [pool-2-thread-1] INFO  com.paob.tms.task.VoucherScanTask - 处理文件：A23_20250522_800000_104_return.txt
2025-05-22 19:29:07.189 [pool-2-thread-1] INFO  com.paob.tms.task.VoucherScanTask - 文件不存在: A23_20250522_800000_104_return.txt
2025-05-22 19:30:00.009 [pool-2-thread-2] INFO  com.paob.tms.task.VoucherScanTask - 开始扫描凭证文件，文件路径：D:/work/paob_tms1/keys
2025-05-22 19:30:00.009 [pool-2-thread-2] INFO  com.paob.tms.task.VoucherScanTask - 查询到2条待处理的凭证记录
2025-05-22 19:30:00.009 [pool-2-thread-2] INFO  com.paob.tms.task.VoucherScanTask - 按file_index分组后共有1组数据
2025-05-22 19:30:00.009 [pool-2-thread-2] INFO  com.paob.tms.task.VoucherScanTask - 处理文件：A23_20250522_800000_104_return.txt
2025-05-22 19:30:00.009 [pool-2-thread-2] INFO  com.paob.tms.task.VoucherScanTask - 文件不存在: A23_20250522_800000_104_return.txt
2025-05-22 19:31:00.013 [pool-2-thread-2] INFO  com.paob.tms.task.VoucherScanTask - 开始扫描凭证文件，文件路径：D:/work/paob_tms1/keys
2025-05-22 19:31:00.035 [pool-2-thread-2] INFO  com.paob.tms.task.VoucherScanTask - 查询到2条待处理的凭证记录
2025-05-22 19:31:00.035 [pool-2-thread-2] INFO  com.paob.tms.task.VoucherScanTask - 按file_index分组后共有1组数据
2025-05-22 19:31:00.038 [pool-2-thread-2] INFO  com.paob.tms.task.VoucherScanTask - 处理文件：A23_20250522_800000_104_return.txt
2025-05-22 19:31:00.040 [pool-2-thread-2] INFO  com.paob.tms.task.VoucherScanTask - 文件不存在: A23_20250522_800000_104_return.txt
2025-05-22 19:32:00.004 [pool-2-thread-3] INFO  com.paob.tms.task.VoucherScanTask - 开始扫描凭证文件，文件路径：D:/work/paob_tms1/keys
2025-05-22 19:32:00.119 [pool-2-thread-3] INFO  com.paob.tms.task.VoucherScanTask - 查询到2条待处理的凭证记录
2025-05-22 19:32:00.121 [pool-2-thread-3] INFO  com.paob.tms.task.VoucherScanTask - 按file_index分组后共有1组数据
2025-05-22 19:32:00.121 [pool-2-thread-3] INFO  com.paob.tms.task.VoucherScanTask - 处理文件：A23_20250522_800000_104_return.txt
2025-05-22 19:32:00.121 [pool-2-thread-3] INFO  com.paob.tms.task.VoucherScanTask - 文件不存在: A23_20250522_800000_104_return.txt
2025-05-22 19:33:00.016 [pool-2-thread-3] INFO  com.paob.tms.task.VoucherScanTask - 开始扫描凭证文件，文件路径：D:/work/paob_tms1/keys
2025-05-22 19:33:00.063 [pool-2-thread-3] INFO  com.paob.tms.task.VoucherScanTask - 查询到6条待处理的凭证记录
2025-05-22 19:33:00.066 [pool-2-thread-3] INFO  com.paob.tms.task.VoucherScanTask - 按file_index分组后共有2组数据
2025-05-22 19:33:00.066 [pool-2-thread-3] INFO  com.paob.tms.task.VoucherScanTask - 处理文件：A23_20250522_800000_103_return.txt
2025-05-22 19:33:00.068 [pool-2-thread-3] INFO  com.paob.tms.task.VoucherScanTask - 文件内容：[10|20240101002|关键性字段验证无效|产品|, 10|20240101002|关键性字段验证无效|产品|, 10|20240101002|关键性字段验证无效|科目|, 10|20240101003|关键性字段验证无效|产品|, 10|20240101003|关键性字段验证无效|子目|, 10|20240101003|关键性字段验证无效|科目|, 20|6]
2025-05-22 19:33:00.068 [pool-2-thread-3] INFO  com.paob.tms.task.VoucherScanTask - 文件验证不通过，更新状态为3
2025-05-22 19:33:04.960 [pool-2-thread-3] INFO  com.paob.tms.task.VoucherScanTask - 解析错误信息 - key: 20240101002, value: 关键性字段验证无效:产品
2025-05-22 19:33:06.511 [pool-2-thread-3] INFO  com.paob.tms.task.VoucherScanTask - 解析错误信息 - key: 20240101002, value: 关键性字段验证无效:产品
2025-05-22 19:33:08.031 [pool-2-thread-3] INFO  com.paob.tms.task.VoucherScanTask - 解析错误信息 - key: 20240101002, value: 关键性字段验证无效:科目
2025-05-22 19:33:09.945 [pool-2-thread-3] INFO  com.paob.tms.task.VoucherScanTask - 解析错误信息 - key: 20240101003, value: 关键性字段验证无效:产品
2025-05-22 19:33:12.333 [pool-2-thread-3] INFO  com.paob.tms.task.VoucherScanTask - 解析错误信息 - key: 20240101003, value: 关键性字段验证无效:子目
2025-05-22 19:33:15.260 [pool-2-thread-3] INFO  com.paob.tms.task.VoucherScanTask - 解析错误信息 - key: 20240101003, value: 关键性字段验证无效:科目
2025-05-22 19:35:58.570 [HikariPool-1 housekeeper] WARN  com.zaxxer.hikari.pool.HikariPool - HikariPool-1 - Thread starvation or clock leap detected (housekeeper delta=2m26s397ms408µs500ns).
2025-05-22 19:35:58.648 [pool-2-thread-3] INFO  com.paob.tms.task.VoucherScanTask - 更新tms_voucher_detail表 - id: 3, status: 3, 更新结果: 成功
2025-05-22 19:35:58.784 [pool-2-thread-3] INFO  com.paob.tms.task.VoucherScanTask - 更新tms_cit_journal表 - id: 3, status: 3, 更新结果: 成功
2025-05-22 19:35:58.838 [pool-2-thread-3] INFO  com.paob.tms.task.VoucherScanTask - 更新tms_voucher_detail表 - id: 4, status: 3, 更新结果: 成功
2025-05-22 19:35:58.914 [pool-2-thread-3] INFO  com.paob.tms.task.VoucherScanTask - 更新tms_cit_journal表 - id: 4, status: 3, 更新结果: 成功
2025-05-22 19:35:58.949 [pool-2-thread-3] INFO  com.paob.tms.task.VoucherScanTask - 更新tms_voucher_detail表 - id: 5, status: 3, 更新结果: 成功
2025-05-22 19:35:59.018 [pool-2-thread-3] INFO  com.paob.tms.task.VoucherScanTask - 更新tms_cit_journal表 - id: 5, status: 3, 更新结果: 成功
2025-05-22 19:35:59.201 [pool-2-thread-3] INFO  com.paob.tms.task.VoucherScanTask - 更新tms_voucher_detail表 - id: 6, status: 3, 更新结果: 成功
2025-05-22 19:35:59.292 [pool-2-thread-3] INFO  com.paob.tms.task.VoucherScanTask - 更新tms_cit_journal表 - id: 6, status: 3, 更新结果: 成功
2025-05-22 19:35:59.295 [pool-2-thread-3] INFO  com.paob.tms.task.VoucherScanTask - 处理文件：A23_20250522_800000_104_return.txt
2025-05-22 19:35:59.302 [pool-2-thread-3] INFO  com.paob.tms.task.VoucherScanTask - 文件不存在: A23_20250522_800000_104_return.txt
2025-05-22 19:36:00.011 [pool-2-thread-3] INFO  com.paob.tms.task.VoucherScanTask - 开始扫描凭证文件，文件路径：D:/work/paob_tms1/keys
2025-05-22 19:36:00.025 [pool-2-thread-3] INFO  com.paob.tms.task.VoucherScanTask - 查询到2条待处理的凭证记录
2025-05-22 19:36:00.025 [pool-2-thread-3] INFO  com.paob.tms.task.VoucherScanTask - 按file_index分组后共有1组数据
2025-05-22 19:36:00.026 [pool-2-thread-3] INFO  com.paob.tms.task.VoucherScanTask - 处理文件：A23_20250522_800000_104_return.txt
2025-05-22 19:36:00.027 [pool-2-thread-3] INFO  com.paob.tms.task.VoucherScanTask - 文件不存在: A23_20250522_800000_104_return.txt
2025-05-22 19:37:00.009 [pool-2-thread-3] INFO  com.paob.tms.task.VoucherScanTask - 开始扫描凭证文件，文件路径：D:/work/paob_tms1/keys
2025-05-22 19:37:00.027 [pool-2-thread-3] INFO  com.paob.tms.task.VoucherScanTask - 查询到6条待处理的凭证记录
2025-05-22 19:37:00.027 [pool-2-thread-3] INFO  com.paob.tms.task.VoucherScanTask - 按file_index分组后共有2组数据
2025-05-22 19:37:00.027 [pool-2-thread-3] INFO  com.paob.tms.task.VoucherScanTask - 处理文件：A23_20250522_800000_103_return.txt
2025-05-22 19:37:00.029 [pool-2-thread-3] INFO  com.paob.tms.task.VoucherScanTask - 文件内容：[10|J20240101002|关键性字段验证无效|产品|, 10|J20240101002|关键性字段验证无效|产品|, 10|J20240101002|关键性字段验证无效|科目|, 10|J20240101003|关键性字段验证无效|产品|, 10|J20240101003|关键性字段验证无效|子目|, 10|J20240101003|关键性字段验证无效|科目|, 20|6]
2025-05-22 19:37:00.029 [pool-2-thread-3] INFO  com.paob.tms.task.VoucherScanTask - 文件验证不通过，更新状态为3
2025-05-22 19:37:15.531 [pool-2-thread-3] INFO  com.paob.tms.task.VoucherScanTask - 解析错误信息 - key: J20240101002, value: 关键性字段验证无效:产品
2025-05-22 19:37:15.534 [pool-2-thread-3] INFO  com.paob.tms.task.VoucherScanTask - 解析错误信息 - key: J20240101002, value: 关键性字段验证无效:产品
2025-05-22 19:37:15.538 [pool-2-thread-3] INFO  com.paob.tms.task.VoucherScanTask - 解析错误信息 - key: J20240101002, value: 关键性字段验证无效:科目
2025-05-22 19:37:15.540 [pool-2-thread-3] INFO  com.paob.tms.task.VoucherScanTask - 解析错误信息 - key: J20240101003, value: 关键性字段验证无效:产品
2025-05-22 19:37:15.542 [pool-2-thread-3] INFO  com.paob.tms.task.VoucherScanTask - 解析错误信息 - key: J20240101003, value: 关键性字段验证无效:子目
2025-05-22 19:37:15.546 [pool-2-thread-3] INFO  com.paob.tms.task.VoucherScanTask - 解析错误信息 - key: J20240101003, value: 关键性字段验证无效:科目
2025-05-22 19:37:18.952 [pool-2-thread-3] INFO  com.paob.tms.task.VoucherScanTask - 更新tms_voucher_detail表 - id: 4, status: 3, 更新结果: 成功
2025-05-22 19:37:19.038 [pool-2-thread-3] INFO  com.paob.tms.task.VoucherScanTask - 更新tms_cit_journal表 - id: 4, status: 3, 更新结果: 成功
2025-05-22 19:37:19.054 [pool-2-thread-3] INFO  com.paob.tms.task.VoucherScanTask - 更新tms_voucher_detail表 - id: 5, status: 3, 更新结果: 成功
2025-05-22 19:37:19.068 [pool-2-thread-3] INFO  com.paob.tms.task.VoucherScanTask - 更新tms_cit_journal表 - id: 5, status: 3, 更新结果: 成功
2025-05-22 19:37:19.075 [pool-2-thread-3] INFO  com.paob.tms.task.VoucherScanTask - 更新tms_voucher_detail表 - id: 6, status: 3, 更新结果: 成功
2025-05-22 19:37:19.075 [pool-2-thread-3] INFO  com.paob.tms.task.VoucherScanTask - 更新tms_cit_journal表 - id: 6, status: 3, 更新结果: 成功
2025-05-22 19:37:19.085 [pool-2-thread-3] INFO  com.paob.tms.task.VoucherScanTask - 更新tms_voucher_detail表 - id: 3, status: 3, 更新结果: 成功
2025-05-22 19:37:19.099 [pool-2-thread-3] INFO  com.paob.tms.task.VoucherScanTask - 更新tms_cit_journal表 - id: 3, status: 3, 更新结果: 成功
2025-05-22 19:37:19.100 [pool-2-thread-3] INFO  com.paob.tms.task.VoucherScanTask - 处理文件：A23_20250522_800000_104_return.txt
2025-05-22 19:37:19.100 [pool-2-thread-3] INFO  com.paob.tms.task.VoucherScanTask - 文件不存在: A23_20250522_800000_104_return.txt
2025-05-22 19:38:00.010 [pool-2-thread-5] INFO  com.paob.tms.task.VoucherScanTask - 开始扫描凭证文件，文件路径：D:/work/paob_tms1/keys
2025-05-22 19:38:00.024 [pool-2-thread-5] INFO  com.paob.tms.task.VoucherScanTask - 查询到2条待处理的凭证记录
2025-05-22 19:38:00.025 [pool-2-thread-5] INFO  com.paob.tms.task.VoucherScanTask - 按file_index分组后共有1组数据
2025-05-22 19:38:00.025 [pool-2-thread-5] INFO  com.paob.tms.task.VoucherScanTask - 处理文件：A23_20250522_800000_104_return.txt
2025-05-22 19:38:00.025 [pool-2-thread-5] INFO  com.paob.tms.task.VoucherScanTask - 文件不存在: A23_20250522_800000_104_return.txt
2025-05-22 19:39:00.015 [pool-2-thread-5] INFO  com.paob.tms.task.VoucherScanTask - 开始扫描凭证文件，文件路径：D:/work/paob_tms1/keys
2025-05-22 19:39:00.030 [pool-2-thread-5] INFO  com.paob.tms.task.VoucherScanTask - 查询到2条待处理的凭证记录
2025-05-22 19:39:00.031 [pool-2-thread-5] INFO  com.paob.tms.task.VoucherScanTask - 按file_index分组后共有1组数据
2025-05-22 19:39:00.031 [pool-2-thread-5] INFO  com.paob.tms.task.VoucherScanTask - 处理文件：A23_20250522_800000_104_return.txt
2025-05-22 19:39:00.034 [pool-2-thread-5] INFO  com.paob.tms.task.VoucherScanTask - 文件不存在: A23_20250522_800000_104_return.txt
2025-05-22 19:40:00.012 [pool-2-thread-5] INFO  com.paob.tms.task.VoucherScanTask - 开始扫描凭证文件，文件路径：D:/work/paob_tms1/keys
2025-05-22 19:40:00.020 [pool-2-thread-5] INFO  com.paob.tms.task.VoucherScanTask - 查询到2条待处理的凭证记录
2025-05-22 19:40:00.020 [pool-2-thread-5] INFO  com.paob.tms.task.VoucherScanTask - 按file_index分组后共有1组数据
2025-05-22 19:40:00.020 [pool-2-thread-5] INFO  com.paob.tms.task.VoucherScanTask - 处理文件：A23_20250522_800000_104_return.txt
2025-05-22 19:40:00.020 [pool-2-thread-5] INFO  com.paob.tms.task.VoucherScanTask - 文件不存在: A23_20250522_800000_104_return.txt
2025-05-22 19:41:00.006 [pool-2-thread-5] INFO  com.paob.tms.task.VoucherScanTask - 开始扫描凭证文件，文件路径：D:/work/paob_tms1/keys
2025-05-22 19:41:00.025 [pool-2-thread-5] INFO  com.paob.tms.task.VoucherScanTask - 查询到2条待处理的凭证记录
2025-05-22 19:41:00.025 [pool-2-thread-5] INFO  com.paob.tms.task.VoucherScanTask - 按file_index分组后共有1组数据
2025-05-22 19:41:00.026 [pool-2-thread-5] INFO  com.paob.tms.task.VoucherScanTask - 处理文件：A23_20250522_800000_104_return.txt
2025-05-22 19:41:00.026 [pool-2-thread-5] INFO  com.paob.tms.task.VoucherScanTask - 文件不存在: A23_20250522_800000_104_return.txt
2025-05-22 19:42:00.014 [pool-2-thread-3] INFO  com.paob.tms.task.VoucherScanTask - 开始扫描凭证文件，文件路径：D:/work/paob_tms1/keys
2025-05-22 19:42:00.032 [pool-2-thread-3] INFO  com.paob.tms.task.VoucherScanTask - 查询到2条待处理的凭证记录
2025-05-22 19:42:00.034 [pool-2-thread-3] INFO  com.paob.tms.task.VoucherScanTask - 按file_index分组后共有1组数据
2025-05-22 19:42:00.034 [pool-2-thread-3] INFO  com.paob.tms.task.VoucherScanTask - 处理文件：A23_20250522_800000_104_return.txt
2025-05-22 19:42:00.034 [pool-2-thread-3] INFO  com.paob.tms.task.VoucherScanTask - 文件不存在: A23_20250522_800000_104_return.txt
2025-05-22 19:42:59.568 [SpringApplicationShutdownHook] INFO  com.zaxxer.hikari.HikariDataSource - HikariPool-1 - Shutdown initiated...
2025-05-22 19:42:59.572 [SpringApplicationShutdownHook] INFO  com.zaxxer.hikari.HikariDataSource - HikariPool-1 - Shutdown completed.
2025-05-22 19:43:11.623 [background-preinit] INFO  o.h.validator.internal.util.Version - HV000001: Hibernate Validator 8.0.0.Final
2025-05-22 19:43:11.741 [main] INFO  com.paob.tms.TmsApplication - Starting TmsApplication using Java 17.0.0.1 with PID 15208 (D:\work\paob_tms1\target\classes started by wangxiaowen in D:\work\paob_tms1)
2025-05-22 19:43:11.744 [main] DEBUG com.paob.tms.TmsApplication - Running with Spring Boot v3.1.0, Spring v6.0.9
2025-05-22 19:43:11.746 [main] INFO  com.paob.tms.TmsApplication - The following 1 profile is active: "dev"
2025-05-22 19:43:16.863 [main] INFO  o.s.b.w.e.tomcat.TomcatWebServer - Tomcat initialized with port(s): 8080 (http)
2025-05-22 19:43:16.892 [main] INFO  o.a.coyote.http11.Http11NioProtocol - Initializing ProtocolHandler ["http-nio-8080"]
2025-05-22 19:43:16.892 [main] INFO  o.a.catalina.core.StandardService - Starting service [Tomcat]
2025-05-22 19:43:16.892 [main] INFO  o.a.catalina.core.StandardEngine - Starting Servlet engine: [Apache Tomcat/10.1.8]
2025-05-22 19:43:17.217 [main] INFO  o.a.c.c.C.[Tomcat].[localhost].[/] - Initializing Spring embedded WebApplicationContext
2025-05-22 19:43:17.221 [main] INFO  o.s.b.w.s.c.ServletWebServerApplicationContext - Root WebApplicationContext: initialization completed in 5326 ms
2025-05-22 19:43:18.598 [main] WARN  c.b.m.c.injector.DefaultSqlInjector - class com.paob.tms.model.FpsDwRepo ,Not found @TableId annotation, Cannot use Mybatis-Plus 'xxById' Method.
2025-05-22 19:43:18.649 [main] WARN  c.b.m.c.injector.DefaultSqlInjector - class com.paob.tms.model.RiskMonitoring ,Not found @TableId annotation, Cannot use Mybatis-Plus 'xxById' Method.
2025-05-22 19:43:18.717 [main] WARN  c.b.m.c.injector.DefaultSqlInjector - class com.paob.tms.dto.resp.SelectOptionResp ,Not found @TableId annotation, Cannot use Mybatis-Plus 'xxById' Method.
2025-05-22 19:43:18.753 [main] WARN  c.b.m.c.injector.DefaultSqlInjector - class com.paob.tms.dto.resp.SubjectBalanceDetailResp ,Not found @TableId annotation, Cannot use Mybatis-Plus 'xxById' Method.
2025-05-22 19:43:20.728 [main] WARN  o.s.b.a.s.s.UserDetailsServiceAutoConfiguration - 

Using generated security password: e7eea3ae-d7c1-42f7-bfe6-8dd617bf7935

This generated password is for development use only. Your security configuration must be updated before running your application in production.

2025-05-22 19:43:21.745 [main] INFO  o.s.s.web.DefaultSecurityFilterChain - Will secure any request with [org.springframework.security.web.session.DisableEncodeUrlFilter@382d549a, org.springframework.security.web.context.request.async.WebAsyncManagerIntegrationFilter@2eb6d34a, org.springframework.security.web.context.SecurityContextHolderFilter@6451a288, org.springframework.security.web.header.HeaderWriterFilter@71ad959b, org.springframework.security.web.authentication.logout.LogoutFilter@261275ae, org.springframework.security.web.savedrequest.RequestCacheAwareFilter@8851ec, org.springframework.security.web.servletapi.SecurityContextHolderAwareRequestFilter@25109608, org.springframework.security.web.authentication.AnonymousAuthenticationFilter@2d73e8c4, org.springframework.security.web.access.ExceptionTranslationFilter@e521067, org.springframework.security.web.access.intercept.AuthorizationFilter@2c674d58]
2025-05-22 19:43:22.679 [main] INFO  o.a.coyote.http11.Http11NioProtocol - Starting ProtocolHandler ["http-nio-8080"]
2025-05-22 19:43:22.773 [main] INFO  o.s.b.w.e.tomcat.TomcatWebServer - Tomcat started on port(s): 8080 (http) with context path ''
2025-05-22 19:43:22.836 [main] INFO  com.paob.tms.TmsApplication - Started TmsApplication in 12.579 seconds (process running for 13.874)
2025-05-22 19:44:00.010 [pool-2-thread-1] INFO  com.paob.tms.task.VoucherScanTask - 开始扫描凭证文件，文件路径：D:/work/paob_tms1/keys
2025-05-22 19:44:00.129 [pool-2-thread-1] INFO  com.zaxxer.hikari.HikariDataSource - HikariPool-1 - Starting...
2025-05-22 19:44:00.615 [pool-2-thread-1] INFO  com.zaxxer.hikari.pool.HikariPool - HikariPool-1 - Added connection org.postgresql.jdbc.PgConnection@184495cb
2025-05-22 19:44:00.622 [pool-2-thread-1] INFO  com.zaxxer.hikari.HikariDataSource - HikariPool-1 - Start completed.
2025-05-22 19:44:00.748 [pool-2-thread-1] INFO  com.paob.tms.task.VoucherScanTask - 查询到6条待处理的凭证记录
2025-05-22 19:44:00.748 [pool-2-thread-1] INFO  com.paob.tms.task.VoucherScanTask - 按file_index分组后共有2组数据
2025-05-22 19:44:00.748 [pool-2-thread-1] INFO  com.paob.tms.task.VoucherScanTask - 处理文件：A23_20250522_800000_103_return.txt
2025-05-22 19:44:00.748 [pool-2-thread-1] INFO  com.paob.tms.task.VoucherScanTask - 文件内容：[10|J20240101002|关键性字段验证无效|产品|, 10|J20240101002|关键性字段验证无效|产品|, 10|J20240101002|关键性字段验证无效|科目|, 10|J20240101003|关键性字段验证无效|产品|, 10|J20240101003|关键性字段验证无效|子目|, 10|J20240101003|关键性字段验证无效|科目|, 20|6]
2025-05-22 19:44:00.748 [pool-2-thread-1] INFO  com.paob.tms.task.VoucherScanTask - 文件验证不通过，更新状态为3
2025-05-22 19:44:00.748 [pool-2-thread-1] INFO  com.paob.tms.task.VoucherScanTask - 解析错误信息 - key: J20240101002, value: 关键性字段验证无效:产品
2025-05-22 19:44:00.754 [pool-2-thread-1] INFO  com.paob.tms.task.VoucherScanTask - 解析错误信息 - key: J20240101002, value: 关键性字段验证无效:产品
2025-05-22 19:44:00.754 [pool-2-thread-1] INFO  com.paob.tms.task.VoucherScanTask - 解析错误信息 - key: J20240101002, value: 关键性字段验证无效:产品;关键性字段验证无效:科目
2025-05-22 19:44:00.754 [pool-2-thread-1] INFO  com.paob.tms.task.VoucherScanTask - 解析错误信息 - key: J20240101003, value: 关键性字段验证无效:产品
2025-05-22 19:44:00.756 [pool-2-thread-1] INFO  com.paob.tms.task.VoucherScanTask - 解析错误信息 - key: J20240101003, value: 关键性字段验证无效:产品;关键性字段验证无效:子目
2025-05-22 19:44:00.756 [pool-2-thread-1] INFO  com.paob.tms.task.VoucherScanTask - 解析错误信息 - key: J20240101003, value: 关键性字段验证无效:产品;关键性字段验证无效:子目;关键性字段验证无效:科目
2025-05-22 19:44:00.815 [pool-2-thread-1] INFO  com.paob.tms.task.VoucherScanTask - 更新tms_voucher_detail表 - id: 4, status: 3, 更新结果: 成功
2025-05-22 19:44:00.871 [pool-2-thread-1] INFO  com.paob.tms.task.VoucherScanTask - 更新tms_cit_journal表 - id: 4, status: 3, 更新结果: 成功
2025-05-22 19:44:00.877 [pool-2-thread-1] INFO  com.paob.tms.task.VoucherScanTask - 更新tms_voucher_detail表 - id: 5, status: 3, 更新结果: 成功
2025-05-22 19:44:01.173 [pool-2-thread-1] ERROR com.paob.tms.task.VoucherScanTask - 更新状态失败 - id: 5, status: 3
org.springframework.dao.DataIntegrityViolationException: 
### Error updating database.  Cause: org.postgresql.util.PSQLException: 错误: 对于可变字符类型来说，值太长了(25)
### The error may exist in com/paob/tms/mapper/TmsCitJournalMapper.java (best guess)
### The error may involve com.paob.tms.mapper.TmsCitJournalMapper.updateById-Inline
### The error occurred while setting parameters
### SQL: UPDATE tms_cit_journal  SET journal_status=?,                     msg=?  WHERE tms_cit_journal_id=?
### Cause: org.postgresql.util.PSQLException: 错误: 对于可变字符类型来说，值太长了(25)
; 错误: 对于可变字符类型来说，值太长了(25)
	at org.springframework.jdbc.support.SQLStateSQLExceptionTranslator.doTranslate(SQLStateSQLExceptionTranslator.java:105)
	at org.springframework.jdbc.support.AbstractFallbackSQLExceptionTranslator.translate(AbstractFallbackSQLExceptionTranslator.java:70)
	at org.springframework.jdbc.support.AbstractFallbackSQLExceptionTranslator.translate(AbstractFallbackSQLExceptionTranslator.java:79)
	at org.springframework.jdbc.support.AbstractFallbackSQLExceptionTranslator.translate(AbstractFallbackSQLExceptionTranslator.java:79)
	at org.mybatis.spring.MyBatisExceptionTranslator.translateExceptionIfPossible(MyBatisExceptionTranslator.java:92)
	at org.mybatis.spring.SqlSessionTemplate$SqlSessionInterceptor.invoke(SqlSessionTemplate.java:439)
	at jdk.proxy2/jdk.proxy2.$Proxy95.update(Unknown Source)
	at org.mybatis.spring.SqlSessionTemplate.update(SqlSessionTemplate.java:288)
	at com.baomidou.mybatisplus.core.override.MybatisMapperMethod.execute(MybatisMapperMethod.java:64)
	at com.baomidou.mybatisplus.core.override.MybatisMapperProxy$PlainMethodInvoker.invoke(MybatisMapperProxy.java:152)
	at com.baomidou.mybatisplus.core.override.MybatisMapperProxy.invoke(MybatisMapperProxy.java:89)
	at jdk.proxy2/jdk.proxy2.$Proxy103.updateById(Unknown Source)
	at com.paob.tms.task.VoucherScanTask.updateVoucherStatus(VoucherScanTask.java:166)
	at com.paob.tms.task.VoucherScanTask.scanVoucherFiles(VoucherScanTask.java:96)
	at java.base/jdk.internal.reflect.NativeMethodAccessorImpl.invoke0(Native Method)
	at java.base/jdk.internal.reflect.NativeMethodAccessorImpl.invoke(NativeMethodAccessorImpl.java:77)
	at java.base/jdk.internal.reflect.DelegatingMethodAccessorImpl.invoke(DelegatingMethodAccessorImpl.java:43)
	at java.base/java.lang.reflect.Method.invoke(Method.java:568)
	at org.springframework.scheduling.support.ScheduledMethodRunnable.run(ScheduledMethodRunnable.java:84)
	at org.springframework.scheduling.support.DelegatingErrorHandlingRunnable.run(DelegatingErrorHandlingRunnable.java:54)
	at org.springframework.scheduling.concurrent.ReschedulingRunnable.run(ReschedulingRunnable.java:96)
	at java.base/java.util.concurrent.Executors$RunnableAdapter.call(Executors.java:539)
	at java.base/java.util.concurrent.FutureTask.run$$$capture(FutureTask.java:264)
	at java.base/java.util.concurrent.FutureTask.run(FutureTask.java)
	at java.base/java.util.concurrent.ScheduledThreadPoolExecutor$ScheduledFutureTask.run(ScheduledThreadPoolExecutor.java:304)
	at java.base/java.util.concurrent.ThreadPoolExecutor.runWorker(ThreadPoolExecutor.java:1136)
	at java.base/java.util.concurrent.ThreadPoolExecutor$Worker.run(ThreadPoolExecutor.java:635)
	at java.base/java.lang.Thread.run(Thread.java:833)
Caused by: org.postgresql.util.PSQLException: 错误: 对于可变字符类型来说，值太长了(25)
	at org.postgresql.core.v3.QueryExecutorImpl.receiveErrorResponse(QueryExecutorImpl.java:2676)
	at org.postgresql.core.v3.QueryExecutorImpl.processResults(QueryExecutorImpl.java:2366)
	at org.postgresql.core.v3.QueryExecutorImpl.execute(QueryExecutorImpl.java:356)
	at org.postgresql.jdbc.PgStatement.executeInternal(PgStatement.java:496)
	at org.postgresql.jdbc.PgStatement.execute(PgStatement.java:413)
	at org.postgresql.jdbc.PgPreparedStatement.executeWithFlags(PgPreparedStatement.java:190)
	at org.postgresql.jdbc.PgPreparedStatement.execute(PgPreparedStatement.java:177)
	at com.zaxxer.hikari.pool.ProxyPreparedStatement.execute(ProxyPreparedStatement.java:44)
	at com.zaxxer.hikari.pool.HikariProxyPreparedStatement.execute(HikariProxyPreparedStatement.java)
	at java.base/jdk.internal.reflect.NativeMethodAccessorImpl.invoke0(Native Method)
	at java.base/jdk.internal.reflect.NativeMethodAccessorImpl.invoke(NativeMethodAccessorImpl.java:77)
	at java.base/jdk.internal.reflect.DelegatingMethodAccessorImpl.invoke(DelegatingMethodAccessorImpl.java:43)
	at java.base/java.lang.reflect.Method.invoke(Method.java:568)
	at org.apache.ibatis.logging.jdbc.PreparedStatementLogger.invoke(PreparedStatementLogger.java:58)
	at jdk.proxy3/jdk.proxy3.$Proxy137.execute(Unknown Source)
	at org.apache.ibatis.executor.statement.PreparedStatementHandler.update(PreparedStatementHandler.java:48)
	at org.apache.ibatis.executor.statement.RoutingStatementHandler.update(RoutingStatementHandler.java:75)
	at java.base/jdk.internal.reflect.NativeMethodAccessorImpl.invoke0(Native Method)
	at java.base/jdk.internal.reflect.NativeMethodAccessorImpl.invoke(NativeMethodAccessorImpl.java:77)
	at java.base/jdk.internal.reflect.DelegatingMethodAccessorImpl.invoke(DelegatingMethodAccessorImpl.java:43)
	at java.base/java.lang.reflect.Method.invoke(Method.java:568)
	at org.apache.ibatis.plugin.Plugin.invoke(Plugin.java:61)
	at jdk.proxy2/jdk.proxy2.$Proxy134.update(Unknown Source)
	at org.apache.ibatis.executor.SimpleExecutor.doUpdate(SimpleExecutor.java:50)
	at org.apache.ibatis.executor.BaseExecutor.update(BaseExecutor.java:117)
	at org.apache.ibatis.executor.CachingExecutor.update(CachingExecutor.java:76)
	at java.base/jdk.internal.reflect.NativeMethodAccessorImpl.invoke0(Native Method)
	at java.base/jdk.internal.reflect.NativeMethodAccessorImpl.invoke(NativeMethodAccessorImpl.java:77)
	at java.base/jdk.internal.reflect.DelegatingMethodAccessorImpl.invoke(DelegatingMethodAccessorImpl.java:43)
	at java.base/java.lang.reflect.Method.invoke(Method.java:568)
	at org.apache.ibatis.plugin.Invocation.proceed(Invocation.java:49)
	at com.baomidou.mybatisplus.extension.plugins.MybatisPlusInterceptor.intercept(MybatisPlusInterceptor.java:106)
	at org.apache.ibatis.plugin.Plugin.invoke(Plugin.java:59)
	at jdk.proxy2/jdk.proxy2.$Proxy133.update(Unknown Source)
	at org.apache.ibatis.session.defaults.DefaultSqlSession.update(DefaultSqlSession.java:197)
	at java.base/jdk.internal.reflect.NativeMethodAccessorImpl.invoke0(Native Method)
	at java.base/jdk.internal.reflect.NativeMethodAccessorImpl.invoke(NativeMethodAccessorImpl.java:77)
	at java.base/jdk.internal.reflect.DelegatingMethodAccessorImpl.invoke(DelegatingMethodAccessorImpl.java:43)
	at java.base/java.lang.reflect.Method.invoke(Method.java:568)
	at org.mybatis.spring.SqlSessionTemplate$SqlSessionInterceptor.invoke(SqlSessionTemplate.java:425)
	... 22 common frames omitted
2025-05-22 19:44:01.206 [pool-2-thread-1] INFO  com.paob.tms.task.VoucherScanTask - 更新tms_voucher_detail表 - id: 6, status: 3, 更新结果: 成功
2025-05-22 19:44:01.213 [pool-2-thread-1] ERROR com.paob.tms.task.VoucherScanTask - 更新状态失败 - id: 6, status: 3
org.springframework.dao.DataIntegrityViolationException: 
### Error updating database.  Cause: org.postgresql.util.PSQLException: 错误: 对于可变字符类型来说，值太长了(25)
### The error may exist in com/paob/tms/mapper/TmsCitJournalMapper.java (best guess)
### The error may involve com.paob.tms.mapper.TmsCitJournalMapper.updateById-Inline
### The error occurred while setting parameters
### SQL: UPDATE tms_cit_journal  SET journal_status=?,                     msg=?  WHERE tms_cit_journal_id=?
### Cause: org.postgresql.util.PSQLException: 错误: 对于可变字符类型来说，值太长了(25)
; 错误: 对于可变字符类型来说，值太长了(25)
	at org.springframework.jdbc.support.SQLStateSQLExceptionTranslator.doTranslate(SQLStateSQLExceptionTranslator.java:105)
	at org.springframework.jdbc.support.AbstractFallbackSQLExceptionTranslator.translate(AbstractFallbackSQLExceptionTranslator.java:70)
	at org.springframework.jdbc.support.AbstractFallbackSQLExceptionTranslator.translate(AbstractFallbackSQLExceptionTranslator.java:79)
	at org.springframework.jdbc.support.AbstractFallbackSQLExceptionTranslator.translate(AbstractFallbackSQLExceptionTranslator.java:79)
	at org.mybatis.spring.MyBatisExceptionTranslator.translateExceptionIfPossible(MyBatisExceptionTranslator.java:92)
	at org.mybatis.spring.SqlSessionTemplate$SqlSessionInterceptor.invoke(SqlSessionTemplate.java:439)
	at jdk.proxy2/jdk.proxy2.$Proxy95.update(Unknown Source)
	at org.mybatis.spring.SqlSessionTemplate.update(SqlSessionTemplate.java:288)
	at com.baomidou.mybatisplus.core.override.MybatisMapperMethod.execute(MybatisMapperMethod.java:64)
	at com.baomidou.mybatisplus.core.override.MybatisMapperProxy$PlainMethodInvoker.invoke(MybatisMapperProxy.java:152)
	at com.baomidou.mybatisplus.core.override.MybatisMapperProxy.invoke(MybatisMapperProxy.java:89)
	at jdk.proxy2/jdk.proxy2.$Proxy103.updateById(Unknown Source)
	at com.paob.tms.task.VoucherScanTask.updateVoucherStatus(VoucherScanTask.java:166)
	at com.paob.tms.task.VoucherScanTask.scanVoucherFiles(VoucherScanTask.java:96)
	at java.base/jdk.internal.reflect.NativeMethodAccessorImpl.invoke0(Native Method)
	at java.base/jdk.internal.reflect.NativeMethodAccessorImpl.invoke(NativeMethodAccessorImpl.java:77)
	at java.base/jdk.internal.reflect.DelegatingMethodAccessorImpl.invoke(DelegatingMethodAccessorImpl.java:43)
	at java.base/java.lang.reflect.Method.invoke(Method.java:568)
	at org.springframework.scheduling.support.ScheduledMethodRunnable.run(ScheduledMethodRunnable.java:84)
	at org.springframework.scheduling.support.DelegatingErrorHandlingRunnable.run(DelegatingErrorHandlingRunnable.java:54)
	at org.springframework.scheduling.concurrent.ReschedulingRunnable.run(ReschedulingRunnable.java:96)
	at java.base/java.util.concurrent.Executors$RunnableAdapter.call(Executors.java:539)
	at java.base/java.util.concurrent.FutureTask.run$$$capture(FutureTask.java:264)
	at java.base/java.util.concurrent.FutureTask.run(FutureTask.java)
	at java.base/java.util.concurrent.ScheduledThreadPoolExecutor$ScheduledFutureTask.run(ScheduledThreadPoolExecutor.java:304)
	at java.base/java.util.concurrent.ThreadPoolExecutor.runWorker(ThreadPoolExecutor.java:1136)
	at java.base/java.util.concurrent.ThreadPoolExecutor$Worker.run(ThreadPoolExecutor.java:635)
	at java.base/java.lang.Thread.run(Thread.java:833)
Caused by: org.postgresql.util.PSQLException: 错误: 对于可变字符类型来说，值太长了(25)
	at org.postgresql.core.v3.QueryExecutorImpl.receiveErrorResponse(QueryExecutorImpl.java:2676)
	at org.postgresql.core.v3.QueryExecutorImpl.processResults(QueryExecutorImpl.java:2366)
	at org.postgresql.core.v3.QueryExecutorImpl.execute(QueryExecutorImpl.java:356)
	at org.postgresql.jdbc.PgStatement.executeInternal(PgStatement.java:496)
	at org.postgresql.jdbc.PgStatement.execute(PgStatement.java:413)
	at org.postgresql.jdbc.PgPreparedStatement.executeWithFlags(PgPreparedStatement.java:190)
	at org.postgresql.jdbc.PgPreparedStatement.execute(PgPreparedStatement.java:177)
	at com.zaxxer.hikari.pool.ProxyPreparedStatement.execute(ProxyPreparedStatement.java:44)
	at com.zaxxer.hikari.pool.HikariProxyPreparedStatement.execute(HikariProxyPreparedStatement.java)
	at java.base/jdk.internal.reflect.NativeMethodAccessorImpl.invoke0(Native Method)
	at java.base/jdk.internal.reflect.NativeMethodAccessorImpl.invoke(NativeMethodAccessorImpl.java:77)
	at java.base/jdk.internal.reflect.DelegatingMethodAccessorImpl.invoke(DelegatingMethodAccessorImpl.java:43)
	at java.base/java.lang.reflect.Method.invoke(Method.java:568)
	at org.apache.ibatis.logging.jdbc.PreparedStatementLogger.invoke(PreparedStatementLogger.java:58)
	at jdk.proxy3/jdk.proxy3.$Proxy137.execute(Unknown Source)
	at org.apache.ibatis.executor.statement.PreparedStatementHandler.update(PreparedStatementHandler.java:48)
	at org.apache.ibatis.executor.statement.RoutingStatementHandler.update(RoutingStatementHandler.java:75)
	at java.base/jdk.internal.reflect.NativeMethodAccessorImpl.invoke0(Native Method)
	at java.base/jdk.internal.reflect.NativeMethodAccessorImpl.invoke(NativeMethodAccessorImpl.java:77)
	at java.base/jdk.internal.reflect.DelegatingMethodAccessorImpl.invoke(DelegatingMethodAccessorImpl.java:43)
	at java.base/java.lang.reflect.Method.invoke(Method.java:568)
	at org.apache.ibatis.plugin.Plugin.invoke(Plugin.java:61)
	at jdk.proxy2/jdk.proxy2.$Proxy134.update(Unknown Source)
	at org.apache.ibatis.executor.SimpleExecutor.doUpdate(SimpleExecutor.java:50)
	at org.apache.ibatis.executor.BaseExecutor.update(BaseExecutor.java:117)
	at org.apache.ibatis.executor.CachingExecutor.update(CachingExecutor.java:76)
	at java.base/jdk.internal.reflect.NativeMethodAccessorImpl.invoke0(Native Method)
	at java.base/jdk.internal.reflect.NativeMethodAccessorImpl.invoke(NativeMethodAccessorImpl.java:77)
	at java.base/jdk.internal.reflect.DelegatingMethodAccessorImpl.invoke(DelegatingMethodAccessorImpl.java:43)
	at java.base/java.lang.reflect.Method.invoke(Method.java:568)
	at org.apache.ibatis.plugin.Invocation.proceed(Invocation.java:49)
	at com.baomidou.mybatisplus.extension.plugins.MybatisPlusInterceptor.intercept(MybatisPlusInterceptor.java:106)
	at org.apache.ibatis.plugin.Plugin.invoke(Plugin.java:59)
	at jdk.proxy2/jdk.proxy2.$Proxy133.update(Unknown Source)
	at org.apache.ibatis.session.defaults.DefaultSqlSession.update(DefaultSqlSession.java:197)
	at java.base/jdk.internal.reflect.NativeMethodAccessorImpl.invoke0(Native Method)
	at java.base/jdk.internal.reflect.NativeMethodAccessorImpl.invoke(NativeMethodAccessorImpl.java:77)
	at java.base/jdk.internal.reflect.DelegatingMethodAccessorImpl.invoke(DelegatingMethodAccessorImpl.java:43)
	at java.base/java.lang.reflect.Method.invoke(Method.java:568)
	at org.mybatis.spring.SqlSessionTemplate$SqlSessionInterceptor.invoke(SqlSessionTemplate.java:425)
	... 22 common frames omitted
2025-05-22 19:44:01.231 [pool-2-thread-1] INFO  com.paob.tms.task.VoucherScanTask - 更新tms_voucher_detail表 - id: 3, status: 3, 更新结果: 成功
2025-05-22 19:44:01.236 [pool-2-thread-1] INFO  com.paob.tms.task.VoucherScanTask - 更新tms_cit_journal表 - id: 3, status: 3, 更新结果: 成功
2025-05-22 19:44:01.236 [pool-2-thread-1] INFO  com.paob.tms.task.VoucherScanTask - 处理文件：A23_20250522_800000_104_return.txt
2025-05-22 19:44:01.241 [pool-2-thread-1] INFO  com.paob.tms.task.VoucherScanTask - 文件不存在: A23_20250522_800000_104_return.txt
2025-05-22 19:45:00.003 [pool-2-thread-1] INFO  com.paob.tms.task.VoucherScanTask - 开始扫描凭证文件，文件路径：D:/work/paob_tms1/keys
2025-05-22 19:45:00.011 [pool-2-thread-1] INFO  com.paob.tms.task.VoucherScanTask - 查询到2条待处理的凭证记录
2025-05-22 19:45:00.011 [pool-2-thread-1] INFO  com.paob.tms.task.VoucherScanTask - 按file_index分组后共有1组数据
2025-05-22 19:45:00.011 [pool-2-thread-1] INFO  com.paob.tms.task.VoucherScanTask - 处理文件：A23_20250522_800000_104_return.txt
2025-05-22 19:45:00.011 [pool-2-thread-1] INFO  com.paob.tms.task.VoucherScanTask - 文件不存在: A23_20250522_800000_104_return.txt
2025-05-22 19:46:00.010 [pool-2-thread-2] INFO  com.paob.tms.task.VoucherScanTask - 开始扫描凭证文件，文件路径：D:/work/paob_tms1/keys
2025-05-22 19:46:00.026 [pool-2-thread-2] INFO  com.paob.tms.task.VoucherScanTask - 查询到6条待处理的凭证记录
2025-05-22 19:46:00.028 [pool-2-thread-2] INFO  com.paob.tms.task.VoucherScanTask - 按file_index分组后共有2组数据
2025-05-22 19:46:00.028 [pool-2-thread-2] INFO  com.paob.tms.task.VoucherScanTask - 处理文件：A23_20250522_800000_103_return.txt
2025-05-22 19:46:00.028 [pool-2-thread-2] INFO  com.paob.tms.task.VoucherScanTask - 文件内容：[30|ok]
2025-05-22 19:46:00.028 [pool-2-thread-2] INFO  com.paob.tms.task.VoucherScanTask - 文件验证通过，更新状态为4
2025-05-22 19:46:00.034 [pool-2-thread-2] INFO  com.paob.tms.task.VoucherScanTask - 更新tms_voucher_detail表 - id: 5, status: 4, 更新结果: 成功
2025-05-22 19:46:00.038 [pool-2-thread-2] INFO  com.paob.tms.task.VoucherScanTask - 更新tms_cit_journal表 - id: 5, status: 4, 更新结果: 成功
2025-05-22 19:46:00.042 [pool-2-thread-2] INFO  com.paob.tms.task.VoucherScanTask - 更新tms_voucher_detail表 - id: 6, status: 4, 更新结果: 成功
2025-05-22 19:46:00.049 [pool-2-thread-2] INFO  com.paob.tms.task.VoucherScanTask - 更新tms_cit_journal表 - id: 6, status: 4, 更新结果: 成功
2025-05-22 19:46:00.057 [pool-2-thread-2] INFO  com.paob.tms.task.VoucherScanTask - 更新tms_voucher_detail表 - id: 3, status: 4, 更新结果: 成功
2025-05-22 19:46:00.061 [pool-2-thread-2] INFO  com.paob.tms.task.VoucherScanTask - 更新tms_cit_journal表 - id: 3, status: 4, 更新结果: 成功
2025-05-22 19:46:00.168 [pool-2-thread-2] INFO  com.paob.tms.task.VoucherScanTask - 更新tms_voucher_detail表 - id: 4, status: 4, 更新结果: 成功
2025-05-22 19:46:00.183 [pool-2-thread-2] INFO  com.paob.tms.task.VoucherScanTask - 更新tms_cit_journal表 - id: 4, status: 4, 更新结果: 成功
2025-05-22 19:46:00.183 [pool-2-thread-2] INFO  com.paob.tms.task.VoucherScanTask - 处理文件：A23_20250522_800000_104_return.txt
2025-05-22 19:46:00.183 [pool-2-thread-2] INFO  com.paob.tms.task.VoucherScanTask - 文件不存在: A23_20250522_800000_104_return.txt
2025-05-22 19:47:00.007 [pool-2-thread-1] INFO  com.paob.tms.task.VoucherScanTask - 开始扫描凭证文件，文件路径：D:/work/paob_tms1/keys
2025-05-22 19:47:00.023 [pool-2-thread-1] INFO  com.paob.tms.task.VoucherScanTask - 查询到2条待处理的凭证记录
2025-05-22 19:47:00.023 [pool-2-thread-1] INFO  com.paob.tms.task.VoucherScanTask - 按file_index分组后共有1组数据
2025-05-22 19:47:00.023 [pool-2-thread-1] INFO  com.paob.tms.task.VoucherScanTask - 处理文件：A23_20250522_800000_104_return.txt
2025-05-22 19:47:00.023 [pool-2-thread-1] INFO  com.paob.tms.task.VoucherScanTask - 文件不存在: A23_20250522_800000_104_return.txt
2025-05-22 19:48:00.013 [pool-2-thread-3] INFO  com.paob.tms.task.VoucherScanTask - 开始扫描凭证文件，文件路径：D:/work/paob_tms1/keys
2025-05-22 19:48:00.023 [pool-2-thread-3] INFO  com.paob.tms.task.VoucherScanTask - 查询到2条待处理的凭证记录
2025-05-22 19:48:00.024 [pool-2-thread-3] INFO  com.paob.tms.task.VoucherScanTask - 按file_index分组后共有1组数据
2025-05-22 19:48:00.024 [pool-2-thread-3] INFO  com.paob.tms.task.VoucherScanTask - 处理文件：A23_20250522_800000_104_return.txt
2025-05-22 19:48:00.025 [pool-2-thread-3] INFO  com.paob.tms.task.VoucherScanTask - 文件不存在: A23_20250522_800000_104_return.txt
2025-05-22 19:49:00.014 [pool-2-thread-3] INFO  com.paob.tms.task.VoucherScanTask - 开始扫描凭证文件，文件路径：D:/work/paob_tms1/keys
2025-05-22 19:49:00.332 [pool-2-thread-3] INFO  com.paob.tms.task.VoucherScanTask - 查询到2条待处理的凭证记录
2025-05-22 19:49:00.332 [pool-2-thread-3] INFO  com.paob.tms.task.VoucherScanTask - 按file_index分组后共有1组数据
2025-05-22 19:49:00.332 [pool-2-thread-3] INFO  com.paob.tms.task.VoucherScanTask - 处理文件：A23_20250522_800000_104_return.txt
2025-05-22 19:49:00.332 [pool-2-thread-3] INFO  com.paob.tms.task.VoucherScanTask - 文件不存在: A23_20250522_800000_104_return.txt
2025-05-22 19:50:00.008 [pool-2-thread-3] INFO  com.paob.tms.task.VoucherScanTask - 开始扫描凭证文件，文件路径：D:/work/paob_tms1/keys
2025-05-22 19:50:00.015 [pool-2-thread-3] INFO  com.paob.tms.task.VoucherScanTask - 查询到2条待处理的凭证记录
2025-05-22 19:50:00.015 [pool-2-thread-3] INFO  com.paob.tms.task.VoucherScanTask - 按file_index分组后共有1组数据
2025-05-22 19:50:00.015 [pool-2-thread-3] INFO  com.paob.tms.task.VoucherScanTask - 处理文件：A23_20250522_800000_104_return.txt
2025-05-22 19:50:00.016 [pool-2-thread-3] INFO  com.paob.tms.task.VoucherScanTask - 文件不存在: A23_20250522_800000_104_return.txt
2025-05-22 19:51:00.012 [pool-2-thread-3] INFO  com.paob.tms.task.VoucherScanTask - 开始扫描凭证文件，文件路径：D:/work/paob_tms1/keys
2025-05-22 19:51:00.020 [pool-2-thread-3] INFO  com.paob.tms.task.VoucherScanTask - 查询到2条待处理的凭证记录
2025-05-22 19:51:00.022 [pool-2-thread-3] INFO  com.paob.tms.task.VoucherScanTask - 按file_index分组后共有1组数据
2025-05-22 19:51:00.022 [pool-2-thread-3] INFO  com.paob.tms.task.VoucherScanTask - 处理文件：A23_20250522_800000_104_return.txt
2025-05-22 19:51:00.022 [pool-2-thread-3] INFO  com.paob.tms.task.VoucherScanTask - 文件不存在: A23_20250522_800000_104_return.txt
2025-05-22 19:52:00.007 [pool-2-thread-3] INFO  com.paob.tms.task.VoucherScanTask - 开始扫描凭证文件，文件路径：D:/work/paob_tms1/keys
2025-05-22 19:52:00.015 [pool-2-thread-3] INFO  com.paob.tms.task.VoucherScanTask - 查询到2条待处理的凭证记录
2025-05-22 19:52:00.015 [pool-2-thread-3] INFO  com.paob.tms.task.VoucherScanTask - 按file_index分组后共有1组数据
2025-05-22 19:52:00.015 [pool-2-thread-3] INFO  com.paob.tms.task.VoucherScanTask - 处理文件：A23_20250522_800000_104_return.txt
2025-05-22 19:52:00.015 [pool-2-thread-3] INFO  com.paob.tms.task.VoucherScanTask - 文件不存在: A23_20250522_800000_104_return.txt
2025-05-22 19:53:00.010 [pool-2-thread-3] INFO  com.paob.tms.task.VoucherScanTask - 开始扫描凭证文件，文件路径：D:/work/paob_tms1/keys
2025-05-22 19:53:00.026 [pool-2-thread-3] INFO  com.paob.tms.task.VoucherScanTask - 查询到2条待处理的凭证记录
2025-05-22 19:53:00.026 [pool-2-thread-3] INFO  com.paob.tms.task.VoucherScanTask - 按file_index分组后共有1组数据
2025-05-22 19:53:00.026 [pool-2-thread-3] INFO  com.paob.tms.task.VoucherScanTask - 处理文件：A23_20250522_800000_104_return.txt
2025-05-22 19:53:00.028 [pool-2-thread-3] INFO  com.paob.tms.task.VoucherScanTask - 文件不存在: A23_20250522_800000_104_return.txt
2025-05-22 19:54:00.003 [pool-2-thread-3] INFO  com.paob.tms.task.VoucherScanTask - 开始扫描凭证文件，文件路径：D:/work/paob_tms1/keys
2025-05-22 19:54:00.011 [pool-2-thread-3] INFO  com.paob.tms.task.VoucherScanTask - 查询到2条待处理的凭证记录
2025-05-22 19:54:00.011 [pool-2-thread-3] INFO  com.paob.tms.task.VoucherScanTask - 按file_index分组后共有1组数据
2025-05-22 19:54:00.011 [pool-2-thread-3] INFO  com.paob.tms.task.VoucherScanTask - 处理文件：A23_20250522_800000_104_return.txt
2025-05-22 19:54:00.011 [pool-2-thread-3] INFO  com.paob.tms.task.VoucherScanTask - 文件不存在: A23_20250522_800000_104_return.txt
2025-05-22 19:55:00.008 [pool-2-thread-1] INFO  com.paob.tms.task.VoucherScanTask - 开始扫描凭证文件，文件路径：D:/work/paob_tms1/keys
2025-05-22 19:55:00.012 [pool-2-thread-1] INFO  com.paob.tms.task.VoucherScanTask - 查询到2条待处理的凭证记录
2025-05-22 19:55:00.012 [pool-2-thread-1] INFO  com.paob.tms.task.VoucherScanTask - 按file_index分组后共有1组数据
2025-05-22 19:55:00.023 [pool-2-thread-1] INFO  com.paob.tms.task.VoucherScanTask - 处理文件：A23_20250522_800000_104_return.txt
2025-05-22 19:55:00.136 [pool-2-thread-1] INFO  com.paob.tms.task.VoucherScanTask - 文件不存在: A23_20250522_800000_104_return.txt
2025-05-22 19:56:00.012 [pool-2-thread-1] INFO  com.paob.tms.task.VoucherScanTask - 开始扫描凭证文件，文件路径：D:/work/paob_tms1/keys
2025-05-22 19:56:00.027 [pool-2-thread-1] INFO  com.paob.tms.task.VoucherScanTask - 查询到2条待处理的凭证记录
2025-05-22 19:56:00.028 [pool-2-thread-1] INFO  com.paob.tms.task.VoucherScanTask - 按file_index分组后共有1组数据
2025-05-22 19:56:00.028 [pool-2-thread-1] INFO  com.paob.tms.task.VoucherScanTask - 处理文件：A23_20250522_800000_104_return.txt
2025-05-22 19:56:00.028 [pool-2-thread-1] INFO  com.paob.tms.task.VoucherScanTask - 文件不存在: A23_20250522_800000_104_return.txt
2025-05-22 19:57:00.009 [pool-2-thread-1] INFO  com.paob.tms.task.VoucherScanTask - 开始扫描凭证文件，文件路径：D:/work/paob_tms1/keys
2025-05-22 19:57:00.014 [pool-2-thread-1] INFO  com.paob.tms.task.VoucherScanTask - 查询到2条待处理的凭证记录
2025-05-22 19:57:00.014 [pool-2-thread-1] INFO  com.paob.tms.task.VoucherScanTask - 按file_index分组后共有1组数据
2025-05-22 19:57:00.014 [pool-2-thread-1] INFO  com.paob.tms.task.VoucherScanTask - 处理文件：A23_20250522_800000_104_return.txt
2025-05-22 19:57:00.014 [pool-2-thread-1] INFO  com.paob.tms.task.VoucherScanTask - 文件不存在: A23_20250522_800000_104_return.txt
2025-05-22 19:58:00.008 [pool-2-thread-1] INFO  com.paob.tms.task.VoucherScanTask - 开始扫描凭证文件，文件路径：D:/work/paob_tms1/keys
2025-05-22 19:58:00.015 [pool-2-thread-1] INFO  com.paob.tms.task.VoucherScanTask - 查询到2条待处理的凭证记录
2025-05-22 19:58:00.015 [pool-2-thread-1] INFO  com.paob.tms.task.VoucherScanTask - 按file_index分组后共有1组数据
2025-05-22 19:58:00.016 [pool-2-thread-1] INFO  com.paob.tms.task.VoucherScanTask - 处理文件：A23_20250522_800000_104_return.txt
2025-05-22 19:58:00.017 [pool-2-thread-1] INFO  com.paob.tms.task.VoucherScanTask - 文件不存在: A23_20250522_800000_104_return.txt
2025-05-22 19:59:00.024 [pool-2-thread-1] INFO  com.paob.tms.task.VoucherScanTask - 开始扫描凭证文件，文件路径：D:/work/paob_tms1/keys
2025-05-22 19:59:00.072 [pool-2-thread-1] INFO  com.paob.tms.task.VoucherScanTask - 查询到2条待处理的凭证记录
2025-05-22 19:59:00.072 [pool-2-thread-1] INFO  com.paob.tms.task.VoucherScanTask - 按file_index分组后共有1组数据
2025-05-22 19:59:00.076 [pool-2-thread-1] INFO  com.paob.tms.task.VoucherScanTask - 处理文件：A23_20250522_800000_104_return.txt
2025-05-22 19:59:00.076 [pool-2-thread-1] INFO  com.paob.tms.task.VoucherScanTask - 文件不存在: A23_20250522_800000_104_return.txt
2025-05-22 20:00:00.014 [pool-2-thread-1] INFO  com.paob.tms.task.VoucherScanTask - 开始扫描凭证文件，文件路径：D:/work/paob_tms1/keys
2025-05-22 20:00:00.023 [pool-2-thread-1] INFO  com.paob.tms.task.VoucherScanTask - 查询到2条待处理的凭证记录
2025-05-22 20:00:00.023 [pool-2-thread-1] INFO  com.paob.tms.task.VoucherScanTask - 按file_index分组后共有1组数据
2025-05-22 20:00:00.023 [pool-2-thread-1] INFO  com.paob.tms.task.VoucherScanTask - 处理文件：A23_20250522_800000_104_return.txt
2025-05-22 20:00:00.025 [pool-2-thread-1] INFO  com.paob.tms.task.VoucherScanTask - 文件不存在: A23_20250522_800000_104_return.txt
