2025-05-23 08:40:44.230 [pool-2-thread-1] INFO  com.paob.tms.task.VoucherScanTask - 开始扫描凭证文件，文件路径：D:/work/paob_tms1/keys
2025-05-23 08:40:44.270 [HikariPool-1 housekeeper] WARN  com.zaxxer.hikari.pool.HikariPool - HikariPool-1 - Thread starvation or clock leap detected (housekeeper delta=12h40m15s231ms937µs200ns).
2025-05-23 08:40:46.401 [pool-2-thread-1] INFO  com.paob.tms.task.VoucherScanTask - 查询到2条待处理的凭证记录
2025-05-23 08:40:46.401 [pool-2-thread-1] INFO  com.paob.tms.task.VoucherScanTask - 按file_index分组后共有1组数据
2025-05-23 08:40:46.401 [pool-2-thread-1] INFO  com.paob.tms.task.VoucherScanTask - 处理文件：A23_20250522_800000_104_return.txt
2025-05-23 08:40:46.418 [pool-2-thread-1] INFO  com.paob.tms.task.VoucherScanTask - 文件不存在: A23_20250522_800000_104_return.txt
2025-05-23 08:41:00.010 [pool-2-thread-1] INFO  com.paob.tms.task.VoucherScanTask - 开始扫描凭证文件，文件路径：D:/work/paob_tms1/keys
2025-05-23 08:41:00.056 [pool-2-thread-1] INFO  com.paob.tms.task.VoucherScanTask - 查询到2条待处理的凭证记录
2025-05-23 08:41:00.058 [pool-2-thread-1] INFO  com.paob.tms.task.VoucherScanTask - 按file_index分组后共有1组数据
2025-05-23 08:41:00.059 [pool-2-thread-1] INFO  com.paob.tms.task.VoucherScanTask - 处理文件：A23_20250522_800000_104_return.txt
2025-05-23 08:41:00.061 [pool-2-thread-1] INFO  com.paob.tms.task.VoucherScanTask - 文件不存在: A23_20250522_800000_104_return.txt
2025-05-23 08:42:00.014 [pool-2-thread-1] INFO  com.paob.tms.task.VoucherScanTask - 开始扫描凭证文件，文件路径：D:/work/paob_tms1/keys
2025-05-23 08:42:00.276 [pool-2-thread-1] INFO  com.paob.tms.task.VoucherScanTask - 查询到2条待处理的凭证记录
2025-05-23 08:42:00.277 [pool-2-thread-1] INFO  com.paob.tms.task.VoucherScanTask - 按file_index分组后共有1组数据
2025-05-23 08:42:00.278 [pool-2-thread-1] INFO  com.paob.tms.task.VoucherScanTask - 处理文件：A23_20250522_800000_104_return.txt
2025-05-23 08:42:00.291 [pool-2-thread-1] INFO  com.paob.tms.task.VoucherScanTask - 文件不存在: A23_20250522_800000_104_return.txt
2025-05-23 08:43:00.006 [pool-2-thread-5] INFO  com.paob.tms.task.VoucherScanTask - 开始扫描凭证文件，文件路径：D:/work/paob_tms1/keys
2025-05-23 08:43:00.033 [pool-2-thread-5] INFO  com.paob.tms.task.VoucherScanTask - 查询到2条待处理的凭证记录
2025-05-23 08:43:00.034 [pool-2-thread-5] INFO  com.paob.tms.task.VoucherScanTask - 按file_index分组后共有1组数据
2025-05-23 08:43:00.034 [pool-2-thread-5] INFO  com.paob.tms.task.VoucherScanTask - 处理文件：A23_20250522_800000_104_return.txt
2025-05-23 08:43:00.036 [pool-2-thread-5] INFO  com.paob.tms.task.VoucherScanTask - 文件不存在: A23_20250522_800000_104_return.txt
2025-05-23 08:44:00.001 [pool-2-thread-5] INFO  com.paob.tms.task.VoucherScanTask - 开始扫描凭证文件，文件路径：D:/work/paob_tms1/keys
2025-05-23 08:44:00.018 [pool-2-thread-5] INFO  com.paob.tms.task.VoucherScanTask - 查询到2条待处理的凭证记录
2025-05-23 08:44:00.018 [pool-2-thread-5] INFO  com.paob.tms.task.VoucherScanTask - 按file_index分组后共有1组数据
2025-05-23 08:44:00.018 [pool-2-thread-5] INFO  com.paob.tms.task.VoucherScanTask - 处理文件：A23_20250522_800000_104_return.txt
2025-05-23 08:44:00.020 [pool-2-thread-5] INFO  com.paob.tms.task.VoucherScanTask - 文件不存在: A23_20250522_800000_104_return.txt
2025-05-23 08:45:00.005 [pool-2-thread-5] INFO  com.paob.tms.task.VoucherScanTask - 开始扫描凭证文件，文件路径：D:/work/paob_tms1/keys
2025-05-23 08:45:00.330 [pool-2-thread-5] INFO  com.paob.tms.task.VoucherScanTask - 查询到2条待处理的凭证记录
2025-05-23 08:45:00.331 [pool-2-thread-5] INFO  com.paob.tms.task.VoucherScanTask - 按file_index分组后共有1组数据
2025-05-23 08:45:00.331 [pool-2-thread-5] INFO  com.paob.tms.task.VoucherScanTask - 处理文件：A23_20250522_800000_104_return.txt
2025-05-23 08:45:00.331 [pool-2-thread-5] INFO  com.paob.tms.task.VoucherScanTask - 文件不存在: A23_20250522_800000_104_return.txt
2025-05-23 08:46:00.015 [pool-2-thread-5] INFO  com.paob.tms.task.VoucherScanTask - 开始扫描凭证文件，文件路径：D:/work/paob_tms1/keys
2025-05-23 08:46:00.153 [pool-2-thread-5] INFO  com.paob.tms.task.VoucherScanTask - 查询到2条待处理的凭证记录
2025-05-23 08:46:00.153 [pool-2-thread-5] INFO  com.paob.tms.task.VoucherScanTask - 按file_index分组后共有1组数据
2025-05-23 08:46:00.153 [pool-2-thread-5] INFO  com.paob.tms.task.VoucherScanTask - 处理文件：A23_20250522_800000_104_return.txt
2025-05-23 08:46:00.153 [pool-2-thread-5] INFO  com.paob.tms.task.VoucherScanTask - 文件不存在: A23_20250522_800000_104_return.txt
2025-05-23 08:47:00.020 [pool-2-thread-1] INFO  com.paob.tms.task.VoucherScanTask - 开始扫描凭证文件，文件路径：D:/work/paob_tms1/keys
2025-05-23 08:47:00.040 [pool-2-thread-1] INFO  com.paob.tms.task.VoucherScanTask - 查询到2条待处理的凭证记录
2025-05-23 08:47:00.040 [pool-2-thread-1] INFO  com.paob.tms.task.VoucherScanTask - 按file_index分组后共有1组数据
2025-05-23 08:47:00.040 [pool-2-thread-1] INFO  com.paob.tms.task.VoucherScanTask - 处理文件：A23_20250522_800000_104_return.txt
2025-05-23 08:47:00.045 [pool-2-thread-1] INFO  com.paob.tms.task.VoucherScanTask - 文件不存在: A23_20250522_800000_104_return.txt
2025-05-23 08:48:00.003 [pool-2-thread-1] INFO  com.paob.tms.task.VoucherScanTask - 开始扫描凭证文件，文件路径：D:/work/paob_tms1/keys
2025-05-23 08:48:00.014 [pool-2-thread-1] INFO  com.paob.tms.task.VoucherScanTask - 查询到2条待处理的凭证记录
2025-05-23 08:48:00.015 [pool-2-thread-1] INFO  com.paob.tms.task.VoucherScanTask - 按file_index分组后共有1组数据
2025-05-23 08:48:00.015 [pool-2-thread-1] INFO  com.paob.tms.task.VoucherScanTask - 处理文件：A23_20250522_800000_104_return.txt
2025-05-23 08:48:00.016 [pool-2-thread-1] INFO  com.paob.tms.task.VoucherScanTask - 文件不存在: A23_20250522_800000_104_return.txt
2025-05-23 08:49:00.002 [pool-2-thread-1] INFO  com.paob.tms.task.VoucherScanTask - 开始扫描凭证文件，文件路径：D:/work/paob_tms1/keys
2025-05-23 08:49:00.015 [pool-2-thread-1] INFO  com.paob.tms.task.VoucherScanTask - 查询到2条待处理的凭证记录
2025-05-23 08:49:00.016 [pool-2-thread-1] INFO  com.paob.tms.task.VoucherScanTask - 按file_index分组后共有1组数据
2025-05-23 08:49:00.016 [pool-2-thread-1] INFO  com.paob.tms.task.VoucherScanTask - 处理文件：A23_20250522_800000_104_return.txt
2025-05-23 08:49:00.017 [pool-2-thread-1] INFO  com.paob.tms.task.VoucherScanTask - 文件不存在: A23_20250522_800000_104_return.txt
2025-05-23 08:50:00.012 [pool-2-thread-1] INFO  com.paob.tms.task.VoucherScanTask - 开始扫描凭证文件，文件路径：D:/work/paob_tms1/keys
2025-05-23 08:50:00.056 [pool-2-thread-1] INFO  com.paob.tms.task.VoucherScanTask - 查询到2条待处理的凭证记录
2025-05-23 08:50:00.056 [pool-2-thread-1] INFO  com.paob.tms.task.VoucherScanTask - 按file_index分组后共有1组数据
2025-05-23 08:50:00.057 [pool-2-thread-1] INFO  com.paob.tms.task.VoucherScanTask - 处理文件：A23_20250522_800000_104_return.txt
2025-05-23 08:50:00.058 [pool-2-thread-1] INFO  com.paob.tms.task.VoucherScanTask - 文件不存在: A23_20250522_800000_104_return.txt
2025-05-23 08:51:00.013 [pool-2-thread-1] INFO  com.paob.tms.task.VoucherScanTask - 开始扫描凭证文件，文件路径：D:/work/paob_tms1/keys
2025-05-23 08:51:00.027 [pool-2-thread-1] INFO  com.paob.tms.task.VoucherScanTask - 查询到2条待处理的凭证记录
2025-05-23 08:51:00.027 [pool-2-thread-1] INFO  com.paob.tms.task.VoucherScanTask - 按file_index分组后共有1组数据
2025-05-23 08:51:00.030 [pool-2-thread-1] INFO  com.paob.tms.task.VoucherScanTask - 处理文件：A23_20250522_800000_104_return.txt
2025-05-23 08:51:00.032 [pool-2-thread-1] INFO  com.paob.tms.task.VoucherScanTask - 文件不存在: A23_20250522_800000_104_return.txt
2025-05-23 08:52:00.010 [pool-2-thread-1] INFO  com.paob.tms.task.VoucherScanTask - 开始扫描凭证文件，文件路径：D:/work/paob_tms1/keys
2025-05-23 08:52:00.024 [pool-2-thread-1] INFO  com.paob.tms.task.VoucherScanTask - 查询到2条待处理的凭证记录
2025-05-23 08:52:00.024 [pool-2-thread-1] INFO  com.paob.tms.task.VoucherScanTask - 按file_index分组后共有1组数据
2025-05-23 08:52:00.025 [pool-2-thread-1] INFO  com.paob.tms.task.VoucherScanTask - 处理文件：A23_20250522_800000_104_return.txt
2025-05-23 08:52:00.025 [pool-2-thread-1] INFO  com.paob.tms.task.VoucherScanTask - 文件不存在: A23_20250522_800000_104_return.txt
2025-05-23 08:53:00.010 [pool-2-thread-1] INFO  com.paob.tms.task.VoucherScanTask - 开始扫描凭证文件，文件路径：D:/work/paob_tms1/keys
2025-05-23 08:53:00.020 [pool-2-thread-1] INFO  com.paob.tms.task.VoucherScanTask - 查询到2条待处理的凭证记录
2025-05-23 08:53:00.020 [pool-2-thread-1] INFO  com.paob.tms.task.VoucherScanTask - 按file_index分组后共有1组数据
2025-05-23 08:53:00.020 [pool-2-thread-1] INFO  com.paob.tms.task.VoucherScanTask - 处理文件：A23_20250522_800000_104_return.txt
2025-05-23 08:53:00.031 [pool-2-thread-1] INFO  com.paob.tms.task.VoucherScanTask - 文件不存在: A23_20250522_800000_104_return.txt
2025-05-23 08:54:00.010 [pool-2-thread-1] INFO  com.paob.tms.task.VoucherScanTask - 开始扫描凭证文件，文件路径：D:/work/paob_tms1/keys
2025-05-23 08:54:00.082 [pool-2-thread-1] INFO  com.paob.tms.task.VoucherScanTask - 查询到2条待处理的凭证记录
2025-05-23 08:54:00.082 [pool-2-thread-1] INFO  com.paob.tms.task.VoucherScanTask - 按file_index分组后共有1组数据
2025-05-23 08:54:00.082 [pool-2-thread-1] INFO  com.paob.tms.task.VoucherScanTask - 处理文件：A23_20250522_800000_104_return.txt
2025-05-23 08:54:00.082 [pool-2-thread-1] INFO  com.paob.tms.task.VoucherScanTask - 文件不存在: A23_20250522_800000_104_return.txt
2025-05-23 08:55:00.021 [pool-2-thread-1] INFO  com.paob.tms.task.VoucherScanTask - 开始扫描凭证文件，文件路径：D:/work/paob_tms1/keys
2025-05-23 08:55:00.031 [pool-2-thread-1] INFO  com.paob.tms.task.VoucherScanTask - 查询到2条待处理的凭证记录
2025-05-23 08:55:00.031 [pool-2-thread-1] INFO  com.paob.tms.task.VoucherScanTask - 按file_index分组后共有1组数据
2025-05-23 08:55:00.031 [pool-2-thread-1] INFO  com.paob.tms.task.VoucherScanTask - 处理文件：A23_20250522_800000_104_return.txt
2025-05-23 08:55:00.031 [pool-2-thread-1] INFO  com.paob.tms.task.VoucherScanTask - 文件不存在: A23_20250522_800000_104_return.txt
2025-05-23 08:56:00.018 [pool-2-thread-2] INFO  com.paob.tms.task.VoucherScanTask - 开始扫描凭证文件，文件路径：D:/work/paob_tms1/keys
2025-05-23 08:56:00.026 [pool-2-thread-2] INFO  com.paob.tms.task.VoucherScanTask - 查询到2条待处理的凭证记录
2025-05-23 08:56:00.026 [pool-2-thread-2] INFO  com.paob.tms.task.VoucherScanTask - 按file_index分组后共有1组数据
2025-05-23 08:56:00.026 [pool-2-thread-2] INFO  com.paob.tms.task.VoucherScanTask - 处理文件：A23_20250522_800000_104_return.txt
2025-05-23 08:56:00.032 [pool-2-thread-2] INFO  com.paob.tms.task.VoucherScanTask - 文件不存在: A23_20250522_800000_104_return.txt
2025-05-23 08:57:00.004 [pool-2-thread-2] INFO  com.paob.tms.task.VoucherScanTask - 开始扫描凭证文件，文件路径：D:/work/paob_tms1/keys
2025-05-23 08:57:00.020 [pool-2-thread-2] INFO  com.paob.tms.task.VoucherScanTask - 查询到2条待处理的凭证记录
2025-05-23 08:57:00.020 [pool-2-thread-2] INFO  com.paob.tms.task.VoucherScanTask - 按file_index分组后共有1组数据
2025-05-23 08:57:00.023 [pool-2-thread-2] INFO  com.paob.tms.task.VoucherScanTask - 处理文件：A23_20250522_800000_104_return.txt
2025-05-23 08:57:00.023 [pool-2-thread-2] INFO  com.paob.tms.task.VoucherScanTask - 文件不存在: A23_20250522_800000_104_return.txt
2025-05-23 08:58:00.009 [pool-2-thread-2] INFO  com.paob.tms.task.VoucherScanTask - 开始扫描凭证文件，文件路径：D:/work/paob_tms1/keys
2025-05-23 08:58:00.018 [pool-2-thread-2] INFO  com.paob.tms.task.VoucherScanTask - 查询到2条待处理的凭证记录
2025-05-23 08:58:00.018 [pool-2-thread-2] INFO  com.paob.tms.task.VoucherScanTask - 按file_index分组后共有1组数据
2025-05-23 08:58:00.018 [pool-2-thread-2] INFO  com.paob.tms.task.VoucherScanTask - 处理文件：A23_20250522_800000_104_return.txt
2025-05-23 08:58:00.025 [pool-2-thread-2] INFO  com.paob.tms.task.VoucherScanTask - 文件不存在: A23_20250522_800000_104_return.txt
2025-05-23 08:59:00.014 [pool-2-thread-2] INFO  com.paob.tms.task.VoucherScanTask - 开始扫描凭证文件，文件路径：D:/work/paob_tms1/keys
2025-05-23 08:59:00.037 [pool-2-thread-2] INFO  com.paob.tms.task.VoucherScanTask - 查询到2条待处理的凭证记录
2025-05-23 08:59:00.037 [pool-2-thread-2] INFO  com.paob.tms.task.VoucherScanTask - 按file_index分组后共有1组数据
2025-05-23 08:59:00.037 [pool-2-thread-2] INFO  com.paob.tms.task.VoucherScanTask - 处理文件：A23_20250522_800000_104_return.txt
2025-05-23 08:59:00.037 [pool-2-thread-2] INFO  com.paob.tms.task.VoucherScanTask - 文件不存在: A23_20250522_800000_104_return.txt
2025-05-23 09:00:00.007 [pool-2-thread-2] INFO  com.paob.tms.task.VoucherScanTask - 开始扫描凭证文件，文件路径：D:/work/paob_tms1/keys
2025-05-23 09:00:00.009 [pool-2-thread-2] INFO  com.paob.tms.task.VoucherScanTask - 查询到2条待处理的凭证记录
2025-05-23 09:00:00.009 [pool-2-thread-2] INFO  com.paob.tms.task.VoucherScanTask - 按file_index分组后共有1组数据
2025-05-23 09:00:00.009 [pool-2-thread-2] INFO  com.paob.tms.task.VoucherScanTask - 处理文件：A23_20250522_800000_104_return.txt
2025-05-23 09:00:00.018 [pool-2-thread-2] INFO  com.paob.tms.task.VoucherScanTask - 文件不存在: A23_20250522_800000_104_return.txt
2025-05-23 09:01:00.010 [pool-2-thread-2] INFO  com.paob.tms.task.VoucherScanTask - 开始扫描凭证文件，文件路径：D:/work/paob_tms1/keys
2025-05-23 09:01:00.042 [pool-2-thread-2] INFO  com.paob.tms.task.VoucherScanTask - 查询到2条待处理的凭证记录
2025-05-23 09:01:00.042 [pool-2-thread-2] INFO  com.paob.tms.task.VoucherScanTask - 按file_index分组后共有1组数据
2025-05-23 09:01:00.042 [pool-2-thread-2] INFO  com.paob.tms.task.VoucherScanTask - 处理文件：A23_20250522_800000_104_return.txt
2025-05-23 09:01:00.042 [pool-2-thread-2] INFO  com.paob.tms.task.VoucherScanTask - 文件不存在: A23_20250522_800000_104_return.txt
2025-05-23 09:02:00.003 [pool-2-thread-2] INFO  com.paob.tms.task.VoucherScanTask - 开始扫描凭证文件，文件路径：D:/work/paob_tms1/keys
2025-05-23 09:02:00.021 [pool-2-thread-2] INFO  com.paob.tms.task.VoucherScanTask - 查询到2条待处理的凭证记录
2025-05-23 09:02:00.021 [pool-2-thread-2] INFO  com.paob.tms.task.VoucherScanTask - 按file_index分组后共有1组数据
2025-05-23 09:02:00.021 [pool-2-thread-2] INFO  com.paob.tms.task.VoucherScanTask - 处理文件：A23_20250522_800000_104_return.txt
2025-05-23 09:02:00.021 [pool-2-thread-2] INFO  com.paob.tms.task.VoucherScanTask - 文件不存在: A23_20250522_800000_104_return.txt
2025-05-23 09:03:00.017 [pool-2-thread-2] INFO  com.paob.tms.task.VoucherScanTask - 开始扫描凭证文件，文件路径：D:/work/paob_tms1/keys
2025-05-23 09:03:00.023 [pool-2-thread-2] INFO  com.paob.tms.task.VoucherScanTask - 查询到2条待处理的凭证记录
2025-05-23 09:03:00.023 [pool-2-thread-2] INFO  com.paob.tms.task.VoucherScanTask - 按file_index分组后共有1组数据
2025-05-23 09:03:00.023 [pool-2-thread-2] INFO  com.paob.tms.task.VoucherScanTask - 处理文件：A23_20250522_800000_104_return.txt
2025-05-23 09:03:00.023 [pool-2-thread-2] INFO  com.paob.tms.task.VoucherScanTask - 文件不存在: A23_20250522_800000_104_return.txt
2025-05-23 09:04:00.006 [pool-2-thread-2] INFO  com.paob.tms.task.VoucherScanTask - 开始扫描凭证文件，文件路径：D:/work/paob_tms1/keys
2025-05-23 09:04:00.016 [pool-2-thread-2] INFO  com.paob.tms.task.VoucherScanTask - 查询到2条待处理的凭证记录
2025-05-23 09:04:00.016 [pool-2-thread-2] INFO  com.paob.tms.task.VoucherScanTask - 按file_index分组后共有1组数据
2025-05-23 09:04:00.016 [pool-2-thread-2] INFO  com.paob.tms.task.VoucherScanTask - 处理文件：A23_20250522_800000_104_return.txt
2025-05-23 09:04:00.016 [pool-2-thread-2] INFO  com.paob.tms.task.VoucherScanTask - 文件不存在: A23_20250522_800000_104_return.txt
2025-05-23 09:05:00.016 [pool-2-thread-4] INFO  com.paob.tms.task.VoucherScanTask - 开始扫描凭证文件，文件路径：D:/work/paob_tms1/keys
2025-05-23 09:05:00.021 [pool-2-thread-4] INFO  com.paob.tms.task.VoucherScanTask - 查询到2条待处理的凭证记录
2025-05-23 09:05:00.021 [pool-2-thread-4] INFO  com.paob.tms.task.VoucherScanTask - 按file_index分组后共有1组数据
2025-05-23 09:05:00.021 [pool-2-thread-4] INFO  com.paob.tms.task.VoucherScanTask - 处理文件：A23_20250522_800000_104_return.txt
2025-05-23 09:05:00.026 [pool-2-thread-4] INFO  com.paob.tms.task.VoucherScanTask - 文件不存在: A23_20250522_800000_104_return.txt
2025-05-23 09:06:00.016 [pool-2-thread-3] INFO  com.paob.tms.task.VoucherScanTask - 开始扫描凭证文件，文件路径：D:/work/paob_tms1/keys
2025-05-23 09:06:00.017 [pool-2-thread-3] INFO  com.paob.tms.task.VoucherScanTask - 查询到2条待处理的凭证记录
2025-05-23 09:06:00.017 [pool-2-thread-3] INFO  com.paob.tms.task.VoucherScanTask - 按file_index分组后共有1组数据
2025-05-23 09:06:00.017 [pool-2-thread-3] INFO  com.paob.tms.task.VoucherScanTask - 处理文件：A23_20250522_800000_104_return.txt
2025-05-23 09:06:00.017 [pool-2-thread-3] INFO  com.paob.tms.task.VoucherScanTask - 文件不存在: A23_20250522_800000_104_return.txt
2025-05-23 09:07:00.024 [pool-2-thread-5] INFO  com.paob.tms.task.VoucherScanTask - 开始扫描凭证文件，文件路径：D:/work/paob_tms1/keys
2025-05-23 09:07:00.075 [pool-2-thread-5] INFO  com.paob.tms.task.VoucherScanTask - 查询到2条待处理的凭证记录
2025-05-23 09:07:00.075 [pool-2-thread-5] INFO  com.paob.tms.task.VoucherScanTask - 按file_index分组后共有1组数据
2025-05-23 09:07:00.075 [pool-2-thread-5] INFO  com.paob.tms.task.VoucherScanTask - 处理文件：A23_20250522_800000_104_return.txt
2025-05-23 09:07:00.075 [pool-2-thread-5] INFO  com.paob.tms.task.VoucherScanTask - 文件不存在: A23_20250522_800000_104_return.txt
2025-05-23 09:08:00.007 [pool-2-thread-1] INFO  com.paob.tms.task.VoucherScanTask - 开始扫描凭证文件，文件路径：D:/work/paob_tms1/keys
2025-05-23 09:08:00.025 [pool-2-thread-1] INFO  com.paob.tms.task.VoucherScanTask - 查询到2条待处理的凭证记录
2025-05-23 09:08:00.025 [pool-2-thread-1] INFO  com.paob.tms.task.VoucherScanTask - 按file_index分组后共有1组数据
2025-05-23 09:08:00.025 [pool-2-thread-1] INFO  com.paob.tms.task.VoucherScanTask - 处理文件：A23_20250522_800000_104_return.txt
2025-05-23 09:08:00.027 [pool-2-thread-1] INFO  com.paob.tms.task.VoucherScanTask - 文件不存在: A23_20250522_800000_104_return.txt
2025-05-23 09:09:00.006 [pool-2-thread-1] INFO  com.paob.tms.task.VoucherScanTask - 开始扫描凭证文件，文件路径：D:/work/paob_tms1/keys
2025-05-23 09:09:00.014 [pool-2-thread-1] INFO  com.paob.tms.task.VoucherScanTask - 查询到2条待处理的凭证记录
2025-05-23 09:09:00.014 [pool-2-thread-1] INFO  com.paob.tms.task.VoucherScanTask - 按file_index分组后共有1组数据
2025-05-23 09:09:00.014 [pool-2-thread-1] INFO  com.paob.tms.task.VoucherScanTask - 处理文件：A23_20250522_800000_104_return.txt
2025-05-23 09:09:00.022 [pool-2-thread-1] INFO  com.paob.tms.task.VoucherScanTask - 文件不存在: A23_20250522_800000_104_return.txt
2025-05-23 09:10:00.001 [pool-2-thread-1] INFO  com.paob.tms.task.VoucherScanTask - 开始扫描凭证文件，文件路径：D:/work/paob_tms1/keys
2025-05-23 09:10:00.010 [pool-2-thread-1] INFO  com.paob.tms.task.VoucherScanTask - 查询到2条待处理的凭证记录
2025-05-23 09:10:00.010 [pool-2-thread-1] INFO  com.paob.tms.task.VoucherScanTask - 按file_index分组后共有1组数据
2025-05-23 09:10:00.010 [pool-2-thread-1] INFO  com.paob.tms.task.VoucherScanTask - 处理文件：A23_20250522_800000_104_return.txt
2025-05-23 09:10:00.010 [pool-2-thread-1] INFO  com.paob.tms.task.VoucherScanTask - 文件不存在: A23_20250522_800000_104_return.txt
2025-05-23 09:11:00.015 [pool-2-thread-3] INFO  com.paob.tms.task.VoucherScanTask - 开始扫描凭证文件，文件路径：D:/work/paob_tms1/keys
2025-05-23 09:11:00.031 [pool-2-thread-3] INFO  com.paob.tms.task.VoucherScanTask - 查询到2条待处理的凭证记录
2025-05-23 09:11:00.031 [pool-2-thread-3] INFO  com.paob.tms.task.VoucherScanTask - 按file_index分组后共有1组数据
2025-05-23 09:11:00.031 [pool-2-thread-3] INFO  com.paob.tms.task.VoucherScanTask - 处理文件：A23_20250522_800000_104_return.txt
2025-05-23 09:11:00.031 [pool-2-thread-3] INFO  com.paob.tms.task.VoucherScanTask - 文件不存在: A23_20250522_800000_104_return.txt
2025-05-23 09:12:00.002 [pool-2-thread-5] INFO  com.paob.tms.task.VoucherScanTask - 开始扫描凭证文件，文件路径：D:/work/paob_tms1/keys
2025-05-23 09:12:00.018 [pool-2-thread-5] INFO  com.paob.tms.task.VoucherScanTask - 查询到2条待处理的凭证记录
2025-05-23 09:12:00.018 [pool-2-thread-5] INFO  com.paob.tms.task.VoucherScanTask - 按file_index分组后共有1组数据
2025-05-23 09:12:00.018 [pool-2-thread-5] INFO  com.paob.tms.task.VoucherScanTask - 处理文件：A23_20250522_800000_104_return.txt
2025-05-23 09:12:00.018 [pool-2-thread-5] INFO  com.paob.tms.task.VoucherScanTask - 文件不存在: A23_20250522_800000_104_return.txt
2025-05-23 09:13:00.011 [pool-2-thread-2] INFO  com.paob.tms.task.VoucherScanTask - 开始扫描凭证文件，文件路径：D:/work/paob_tms1/keys
2025-05-23 09:13:00.021 [pool-2-thread-2] INFO  com.paob.tms.task.VoucherScanTask - 查询到2条待处理的凭证记录
2025-05-23 09:13:00.021 [pool-2-thread-2] INFO  com.paob.tms.task.VoucherScanTask - 按file_index分组后共有1组数据
2025-05-23 09:13:00.021 [pool-2-thread-2] INFO  com.paob.tms.task.VoucherScanTask - 处理文件：A23_20250522_800000_104_return.txt
2025-05-23 09:13:00.023 [pool-2-thread-2] INFO  com.paob.tms.task.VoucherScanTask - 文件不存在: A23_20250522_800000_104_return.txt
2025-05-23 09:14:00.004 [pool-2-thread-2] INFO  com.paob.tms.task.VoucherScanTask - 开始扫描凭证文件，文件路径：D:/work/paob_tms1/keys
2025-05-23 09:14:00.010 [pool-2-thread-2] INFO  com.paob.tms.task.VoucherScanTask - 查询到2条待处理的凭证记录
2025-05-23 09:14:00.010 [pool-2-thread-2] INFO  com.paob.tms.task.VoucherScanTask - 按file_index分组后共有1组数据
2025-05-23 09:14:00.010 [pool-2-thread-2] INFO  com.paob.tms.task.VoucherScanTask - 处理文件：A23_20250522_800000_104_return.txt
2025-05-23 09:14:00.010 [pool-2-thread-2] INFO  com.paob.tms.task.VoucherScanTask - 文件不存在: A23_20250522_800000_104_return.txt
2025-05-23 09:15:00.017 [pool-2-thread-2] INFO  com.paob.tms.task.VoucherScanTask - 开始扫描凭证文件，文件路径：D:/work/paob_tms1/keys
2025-05-23 09:15:00.017 [pool-2-thread-2] INFO  com.paob.tms.task.VoucherScanTask - 查询到2条待处理的凭证记录
2025-05-23 09:15:00.017 [pool-2-thread-2] INFO  com.paob.tms.task.VoucherScanTask - 按file_index分组后共有1组数据
2025-05-23 09:15:00.017 [pool-2-thread-2] INFO  com.paob.tms.task.VoucherScanTask - 处理文件：A23_20250522_800000_104_return.txt
2025-05-23 09:15:00.022 [pool-2-thread-2] INFO  com.paob.tms.task.VoucherScanTask - 文件不存在: A23_20250522_800000_104_return.txt
2025-05-23 09:16:00.011 [pool-2-thread-2] INFO  com.paob.tms.task.VoucherScanTask - 开始扫描凭证文件，文件路径：D:/work/paob_tms1/keys
2025-05-23 09:16:00.018 [pool-2-thread-2] INFO  com.paob.tms.task.VoucherScanTask - 查询到2条待处理的凭证记录
2025-05-23 09:16:00.018 [pool-2-thread-2] INFO  com.paob.tms.task.VoucherScanTask - 按file_index分组后共有1组数据
2025-05-23 09:16:00.018 [pool-2-thread-2] INFO  com.paob.tms.task.VoucherScanTask - 处理文件：A23_20250522_800000_104_return.txt
2025-05-23 09:16:00.024 [pool-2-thread-2] INFO  com.paob.tms.task.VoucherScanTask - 文件不存在: A23_20250522_800000_104_return.txt
2025-05-23 09:17:00.012 [pool-2-thread-2] INFO  com.paob.tms.task.VoucherScanTask - 开始扫描凭证文件，文件路径：D:/work/paob_tms1/keys
2025-05-23 09:17:00.021 [pool-2-thread-2] INFO  com.paob.tms.task.VoucherScanTask - 查询到2条待处理的凭证记录
2025-05-23 09:17:00.021 [pool-2-thread-2] INFO  com.paob.tms.task.VoucherScanTask - 按file_index分组后共有1组数据
2025-05-23 09:17:00.023 [pool-2-thread-2] INFO  com.paob.tms.task.VoucherScanTask - 处理文件：A23_20250522_800000_104_return.txt
2025-05-23 09:17:00.023 [pool-2-thread-2] INFO  com.paob.tms.task.VoucherScanTask - 文件不存在: A23_20250522_800000_104_return.txt
2025-05-23 09:18:00.016 [pool-2-thread-2] INFO  com.paob.tms.task.VoucherScanTask - 开始扫描凭证文件，文件路径：D:/work/paob_tms1/keys
2025-05-23 09:18:00.017 [pool-2-thread-2] INFO  com.paob.tms.task.VoucherScanTask - 查询到2条待处理的凭证记录
2025-05-23 09:18:00.017 [pool-2-thread-2] INFO  com.paob.tms.task.VoucherScanTask - 按file_index分组后共有1组数据
2025-05-23 09:18:00.017 [pool-2-thread-2] INFO  com.paob.tms.task.VoucherScanTask - 处理文件：A23_20250522_800000_104_return.txt
2025-05-23 09:18:00.017 [pool-2-thread-2] INFO  com.paob.tms.task.VoucherScanTask - 文件不存在: A23_20250522_800000_104_return.txt
2025-05-23 09:19:00.008 [pool-2-thread-2] INFO  com.paob.tms.task.VoucherScanTask - 开始扫描凭证文件，文件路径：D:/work/paob_tms1/keys
2025-05-23 09:19:00.014 [pool-2-thread-2] INFO  com.paob.tms.task.VoucherScanTask - 查询到2条待处理的凭证记录
2025-05-23 09:19:00.014 [pool-2-thread-2] INFO  com.paob.tms.task.VoucherScanTask - 按file_index分组后共有1组数据
2025-05-23 09:19:00.014 [pool-2-thread-2] INFO  com.paob.tms.task.VoucherScanTask - 处理文件：A23_20250522_800000_104_return.txt
2025-05-23 09:19:00.018 [pool-2-thread-2] INFO  com.paob.tms.task.VoucherScanTask - 文件不存在: A23_20250522_800000_104_return.txt
2025-05-23 09:20:00.006 [pool-2-thread-3] INFO  com.paob.tms.task.VoucherScanTask - 开始扫描凭证文件，文件路径：D:/work/paob_tms1/keys
2025-05-23 09:20:00.009 [pool-2-thread-3] INFO  com.paob.tms.task.VoucherScanTask - 查询到2条待处理的凭证记录
2025-05-23 09:20:00.009 [pool-2-thread-3] INFO  com.paob.tms.task.VoucherScanTask - 按file_index分组后共有1组数据
2025-05-23 09:20:00.009 [pool-2-thread-3] INFO  com.paob.tms.task.VoucherScanTask - 处理文件：A23_20250522_800000_104_return.txt
2025-05-23 09:20:00.009 [pool-2-thread-3] INFO  com.paob.tms.task.VoucherScanTask - 文件不存在: A23_20250522_800000_104_return.txt
2025-05-23 09:21:00.007 [pool-2-thread-5] INFO  com.paob.tms.task.VoucherScanTask - 开始扫描凭证文件，文件路径：D:/work/paob_tms1/keys
2025-05-23 09:21:00.214 [pool-2-thread-5] INFO  com.paob.tms.task.VoucherScanTask - 查询到2条待处理的凭证记录
2025-05-23 09:21:00.214 [pool-2-thread-5] INFO  com.paob.tms.task.VoucherScanTask - 按file_index分组后共有1组数据
2025-05-23 09:21:00.214 [pool-2-thread-5] INFO  com.paob.tms.task.VoucherScanTask - 处理文件：A23_20250522_800000_104_return.txt
2025-05-23 09:21:00.214 [pool-2-thread-5] INFO  com.paob.tms.task.VoucherScanTask - 文件不存在: A23_20250522_800000_104_return.txt
2025-05-23 09:22:00.004 [pool-2-thread-5] INFO  com.paob.tms.task.VoucherScanTask - 开始扫描凭证文件，文件路径：D:/work/paob_tms1/keys
2025-05-23 09:22:00.019 [pool-2-thread-5] INFO  com.paob.tms.task.VoucherScanTask - 查询到2条待处理的凭证记录
2025-05-23 09:22:00.019 [pool-2-thread-5] INFO  com.paob.tms.task.VoucherScanTask - 按file_index分组后共有1组数据
2025-05-23 09:22:00.019 [pool-2-thread-5] INFO  com.paob.tms.task.VoucherScanTask - 处理文件：A23_20250522_800000_104_return.txt
2025-05-23 09:22:00.019 [pool-2-thread-5] INFO  com.paob.tms.task.VoucherScanTask - 文件不存在: A23_20250522_800000_104_return.txt
2025-05-23 09:23:00.012 [pool-2-thread-5] INFO  com.paob.tms.task.VoucherScanTask - 开始扫描凭证文件，文件路径：D:/work/paob_tms1/keys
2025-05-23 09:23:00.025 [pool-2-thread-5] INFO  com.paob.tms.task.VoucherScanTask - 查询到2条待处理的凭证记录
2025-05-23 09:23:00.025 [pool-2-thread-5] INFO  com.paob.tms.task.VoucherScanTask - 按file_index分组后共有1组数据
2025-05-23 09:23:00.025 [pool-2-thread-5] INFO  com.paob.tms.task.VoucherScanTask - 处理文件：A23_20250522_800000_104_return.txt
2025-05-23 09:23:00.027 [pool-2-thread-5] INFO  com.paob.tms.task.VoucherScanTask - 文件不存在: A23_20250522_800000_104_return.txt
2025-05-23 09:24:00.013 [pool-2-thread-2] INFO  com.paob.tms.task.VoucherScanTask - 开始扫描凭证文件，文件路径：D:/work/paob_tms1/keys
2025-05-23 09:24:00.029 [pool-2-thread-2] INFO  com.paob.tms.task.VoucherScanTask - 查询到2条待处理的凭证记录
2025-05-23 09:24:00.029 [pool-2-thread-2] INFO  com.paob.tms.task.VoucherScanTask - 按file_index分组后共有1组数据
2025-05-23 09:24:00.029 [pool-2-thread-2] INFO  com.paob.tms.task.VoucherScanTask - 处理文件：A23_20250522_800000_104_return.txt
2025-05-23 09:24:00.029 [pool-2-thread-2] INFO  com.paob.tms.task.VoucherScanTask - 文件不存在: A23_20250522_800000_104_return.txt
2025-05-23 09:25:00.007 [pool-2-thread-2] INFO  com.paob.tms.task.VoucherScanTask - 开始扫描凭证文件，文件路径：D:/work/paob_tms1/keys
2025-05-23 09:25:00.327 [pool-2-thread-2] INFO  com.paob.tms.task.VoucherScanTask - 查询到2条待处理的凭证记录
2025-05-23 09:25:00.327 [pool-2-thread-2] INFO  com.paob.tms.task.VoucherScanTask - 按file_index分组后共有1组数据
2025-05-23 09:25:00.327 [pool-2-thread-2] INFO  com.paob.tms.task.VoucherScanTask - 处理文件：A23_20250522_800000_104_return.txt
2025-05-23 09:25:00.327 [pool-2-thread-2] INFO  com.paob.tms.task.VoucherScanTask - 文件不存在: A23_20250522_800000_104_return.txt
2025-05-23 09:26:00.015 [pool-2-thread-2] INFO  com.paob.tms.task.VoucherScanTask - 开始扫描凭证文件，文件路径：D:/work/paob_tms1/keys
2025-05-23 09:26:00.340 [pool-2-thread-2] INFO  com.paob.tms.task.VoucherScanTask - 查询到2条待处理的凭证记录
2025-05-23 09:26:00.340 [pool-2-thread-2] INFO  com.paob.tms.task.VoucherScanTask - 按file_index分组后共有1组数据
2025-05-23 09:26:00.340 [pool-2-thread-2] INFO  com.paob.tms.task.VoucherScanTask - 处理文件：A23_20250522_800000_104_return.txt
2025-05-23 09:26:00.344 [pool-2-thread-2] INFO  com.paob.tms.task.VoucherScanTask - 文件不存在: A23_20250522_800000_104_return.txt
2025-05-23 09:27:00.014 [pool-2-thread-2] INFO  com.paob.tms.task.VoucherScanTask - 开始扫描凭证文件，文件路径：D:/work/paob_tms1/keys
2025-05-23 09:27:00.020 [pool-2-thread-2] INFO  com.paob.tms.task.VoucherScanTask - 查询到2条待处理的凭证记录
2025-05-23 09:27:00.020 [pool-2-thread-2] INFO  com.paob.tms.task.VoucherScanTask - 按file_index分组后共有1组数据
2025-05-23 09:27:00.020 [pool-2-thread-2] INFO  com.paob.tms.task.VoucherScanTask - 处理文件：A23_20250522_800000_104_return.txt
2025-05-23 09:27:00.022 [pool-2-thread-2] INFO  com.paob.tms.task.VoucherScanTask - 文件不存在: A23_20250522_800000_104_return.txt
2025-05-23 09:28:00.012 [pool-2-thread-5] INFO  com.paob.tms.task.VoucherScanTask - 开始扫描凭证文件，文件路径：D:/work/paob_tms1/keys
2025-05-23 09:28:00.042 [pool-2-thread-5] INFO  com.paob.tms.task.VoucherScanTask - 查询到2条待处理的凭证记录
2025-05-23 09:28:00.042 [pool-2-thread-5] INFO  com.paob.tms.task.VoucherScanTask - 按file_index分组后共有1组数据
2025-05-23 09:28:00.042 [pool-2-thread-5] INFO  com.paob.tms.task.VoucherScanTask - 处理文件：A23_20250522_800000_104_return.txt
2025-05-23 09:28:00.044 [pool-2-thread-5] INFO  com.paob.tms.task.VoucherScanTask - 文件不存在: A23_20250522_800000_104_return.txt
2025-05-23 09:29:00.012 [pool-2-thread-3] INFO  com.paob.tms.task.VoucherScanTask - 开始扫描凭证文件，文件路径：D:/work/paob_tms1/keys
2025-05-23 09:29:00.025 [pool-2-thread-3] INFO  com.paob.tms.task.VoucherScanTask - 查询到2条待处理的凭证记录
2025-05-23 09:29:00.025 [pool-2-thread-3] INFO  com.paob.tms.task.VoucherScanTask - 按file_index分组后共有1组数据
2025-05-23 09:29:00.025 [pool-2-thread-3] INFO  com.paob.tms.task.VoucherScanTask - 处理文件：A23_20250522_800000_104_return.txt
2025-05-23 09:29:00.025 [pool-2-thread-3] INFO  com.paob.tms.task.VoucherScanTask - 文件不存在: A23_20250522_800000_104_return.txt
2025-05-23 09:30:00.015 [pool-2-thread-4] INFO  com.paob.tms.task.VoucherScanTask - 开始扫描凭证文件，文件路径：D:/work/paob_tms1/keys
2025-05-23 09:30:00.016 [pool-2-thread-4] INFO  com.paob.tms.task.VoucherScanTask - 查询到2条待处理的凭证记录
2025-05-23 09:30:00.016 [pool-2-thread-4] INFO  com.paob.tms.task.VoucherScanTask - 按file_index分组后共有1组数据
2025-05-23 09:30:00.016 [pool-2-thread-4] INFO  com.paob.tms.task.VoucherScanTask - 处理文件：A23_20250522_800000_104_return.txt
2025-05-23 09:30:00.025 [pool-2-thread-4] INFO  com.paob.tms.task.VoucherScanTask - 文件不存在: A23_20250522_800000_104_return.txt
2025-05-23 09:31:00.009 [pool-2-thread-1] INFO  com.paob.tms.task.VoucherScanTask - 开始扫描凭证文件，文件路径：D:/work/paob_tms1/keys
2025-05-23 09:31:00.024 [pool-2-thread-1] INFO  com.paob.tms.task.VoucherScanTask - 查询到2条待处理的凭证记录
2025-05-23 09:31:00.024 [pool-2-thread-1] INFO  com.paob.tms.task.VoucherScanTask - 按file_index分组后共有1组数据
2025-05-23 09:31:00.024 [pool-2-thread-1] INFO  com.paob.tms.task.VoucherScanTask - 处理文件：A23_20250522_800000_104_return.txt
2025-05-23 09:31:00.026 [pool-2-thread-1] INFO  com.paob.tms.task.VoucherScanTask - 文件不存在: A23_20250522_800000_104_return.txt
2025-05-23 09:32:00.014 [pool-2-thread-1] INFO  com.paob.tms.task.VoucherScanTask - 开始扫描凭证文件，文件路径：D:/work/paob_tms1/keys
2025-05-23 09:32:00.019 [pool-2-thread-1] INFO  com.paob.tms.task.VoucherScanTask - 查询到2条待处理的凭证记录
2025-05-23 09:32:00.019 [pool-2-thread-1] INFO  com.paob.tms.task.VoucherScanTask - 按file_index分组后共有1组数据
2025-05-23 09:32:00.019 [pool-2-thread-1] INFO  com.paob.tms.task.VoucherScanTask - 处理文件：A23_20250522_800000_104_return.txt
2025-05-23 09:32:00.019 [pool-2-thread-1] INFO  com.paob.tms.task.VoucherScanTask - 文件不存在: A23_20250522_800000_104_return.txt
2025-05-23 09:33:00.011 [pool-2-thread-1] INFO  com.paob.tms.task.VoucherScanTask - 开始扫描凭证文件，文件路径：D:/work/paob_tms1/keys
2025-05-23 09:33:00.026 [pool-2-thread-1] INFO  com.paob.tms.task.VoucherScanTask - 查询到2条待处理的凭证记录
2025-05-23 09:33:00.026 [pool-2-thread-1] INFO  com.paob.tms.task.VoucherScanTask - 按file_index分组后共有1组数据
2025-05-23 09:33:00.026 [pool-2-thread-1] INFO  com.paob.tms.task.VoucherScanTask - 处理文件：A23_20250522_800000_104_return.txt
2025-05-23 09:33:00.026 [pool-2-thread-1] INFO  com.paob.tms.task.VoucherScanTask - 文件不存在: A23_20250522_800000_104_return.txt
2025-05-23 09:34:00.012 [pool-2-thread-1] INFO  com.paob.tms.task.VoucherScanTask - 开始扫描凭证文件，文件路径：D:/work/paob_tms1/keys
2025-05-23 09:34:00.028 [pool-2-thread-1] INFO  com.paob.tms.task.VoucherScanTask - 查询到2条待处理的凭证记录
2025-05-23 09:34:00.028 [pool-2-thread-1] INFO  com.paob.tms.task.VoucherScanTask - 按file_index分组后共有1组数据
2025-05-23 09:34:00.028 [pool-2-thread-1] INFO  com.paob.tms.task.VoucherScanTask - 处理文件：A23_20250522_800000_104_return.txt
2025-05-23 09:34:00.030 [pool-2-thread-1] INFO  com.paob.tms.task.VoucherScanTask - 文件不存在: A23_20250522_800000_104_return.txt
2025-05-23 09:35:00.005 [pool-2-thread-1] INFO  com.paob.tms.task.VoucherScanTask - 开始扫描凭证文件，文件路径：D:/work/paob_tms1/keys
2025-05-23 09:35:00.021 [pool-2-thread-1] INFO  com.paob.tms.task.VoucherScanTask - 查询到2条待处理的凭证记录
2025-05-23 09:35:00.021 [pool-2-thread-1] INFO  com.paob.tms.task.VoucherScanTask - 按file_index分组后共有1组数据
2025-05-23 09:35:00.021 [pool-2-thread-1] INFO  com.paob.tms.task.VoucherScanTask - 处理文件：A23_20250522_800000_104_return.txt
2025-05-23 09:35:00.025 [pool-2-thread-1] INFO  com.paob.tms.task.VoucherScanTask - 文件不存在: A23_20250522_800000_104_return.txt
2025-05-23 09:36:00.016 [pool-2-thread-1] INFO  com.paob.tms.task.VoucherScanTask - 开始扫描凭证文件，文件路径：D:/work/paob_tms1/keys
2025-05-23 09:36:00.016 [pool-2-thread-1] INFO  com.paob.tms.task.VoucherScanTask - 查询到2条待处理的凭证记录
2025-05-23 09:36:00.016 [pool-2-thread-1] INFO  com.paob.tms.task.VoucherScanTask - 按file_index分组后共有1组数据
2025-05-23 09:36:00.026 [pool-2-thread-1] INFO  com.paob.tms.task.VoucherScanTask - 处理文件：A23_20250522_800000_104_return.txt
2025-05-23 09:36:00.026 [pool-2-thread-1] INFO  com.paob.tms.task.VoucherScanTask - 文件不存在: A23_20250522_800000_104_return.txt
2025-05-23 09:37:00.008 [pool-2-thread-1] INFO  com.paob.tms.task.VoucherScanTask - 开始扫描凭证文件，文件路径：D:/work/paob_tms1/keys
2025-05-23 09:37:00.017 [pool-2-thread-1] INFO  com.paob.tms.task.VoucherScanTask - 查询到2条待处理的凭证记录
2025-05-23 09:37:00.017 [pool-2-thread-1] INFO  com.paob.tms.task.VoucherScanTask - 按file_index分组后共有1组数据
2025-05-23 09:37:00.017 [pool-2-thread-1] INFO  com.paob.tms.task.VoucherScanTask - 处理文件：A23_20250522_800000_104_return.txt
2025-05-23 09:37:00.017 [pool-2-thread-1] INFO  com.paob.tms.task.VoucherScanTask - 文件不存在: A23_20250522_800000_104_return.txt
2025-05-23 09:38:00.014 [pool-2-thread-3] INFO  com.paob.tms.task.VoucherScanTask - 开始扫描凭证文件，文件路径：D:/work/paob_tms1/keys
2025-05-23 09:38:00.024 [pool-2-thread-3] INFO  com.paob.tms.task.VoucherScanTask - 查询到2条待处理的凭证记录
2025-05-23 09:38:00.024 [pool-2-thread-3] INFO  com.paob.tms.task.VoucherScanTask - 按file_index分组后共有1组数据
2025-05-23 09:38:00.024 [pool-2-thread-3] INFO  com.paob.tms.task.VoucherScanTask - 处理文件：A23_20250522_800000_104_return.txt
2025-05-23 09:38:00.026 [pool-2-thread-3] INFO  com.paob.tms.task.VoucherScanTask - 文件不存在: A23_20250522_800000_104_return.txt
2025-05-23 09:39:00.005 [pool-2-thread-3] INFO  com.paob.tms.task.VoucherScanTask - 开始扫描凭证文件，文件路径：D:/work/paob_tms1/keys
2025-05-23 09:39:00.011 [pool-2-thread-3] INFO  com.paob.tms.task.VoucherScanTask - 查询到2条待处理的凭证记录
2025-05-23 09:39:00.011 [pool-2-thread-3] INFO  com.paob.tms.task.VoucherScanTask - 按file_index分组后共有1组数据
2025-05-23 09:39:00.011 [pool-2-thread-3] INFO  com.paob.tms.task.VoucherScanTask - 处理文件：A23_20250522_800000_104_return.txt
2025-05-23 09:39:00.011 [pool-2-thread-3] INFO  com.paob.tms.task.VoucherScanTask - 文件不存在: A23_20250522_800000_104_return.txt
2025-05-23 09:40:00.008 [pool-2-thread-2] INFO  com.paob.tms.task.VoucherScanTask - 开始扫描凭证文件，文件路径：D:/work/paob_tms1/keys
2025-05-23 09:40:00.024 [pool-2-thread-2] INFO  com.paob.tms.task.VoucherScanTask - 查询到2条待处理的凭证记录
2025-05-23 09:40:00.320 [pool-2-thread-2] INFO  com.paob.tms.task.VoucherScanTask - 按file_index分组后共有1组数据
2025-05-23 09:40:00.320 [pool-2-thread-2] INFO  com.paob.tms.task.VoucherScanTask - 处理文件：A23_20250522_800000_104_return.txt
2025-05-23 09:40:00.321 [pool-2-thread-2] INFO  com.paob.tms.task.VoucherScanTask - 文件不存在: A23_20250522_800000_104_return.txt
2025-05-23 09:41:00.014 [pool-2-thread-2] INFO  com.paob.tms.task.VoucherScanTask - 开始扫描凭证文件，文件路径：D:/work/paob_tms1/keys
2025-05-23 09:41:00.037 [pool-2-thread-2] INFO  com.paob.tms.task.VoucherScanTask - 查询到2条待处理的凭证记录
2025-05-23 09:41:00.037 [pool-2-thread-2] INFO  com.paob.tms.task.VoucherScanTask - 按file_index分组后共有1组数据
2025-05-23 09:41:00.037 [pool-2-thread-2] INFO  com.paob.tms.task.VoucherScanTask - 处理文件：A23_20250522_800000_104_return.txt
2025-05-23 09:41:00.039 [pool-2-thread-2] INFO  com.paob.tms.task.VoucherScanTask - 文件不存在: A23_20250522_800000_104_return.txt
2025-05-23 09:42:00.004 [pool-2-thread-1] INFO  com.paob.tms.task.VoucherScanTask - 开始扫描凭证文件，文件路径：D:/work/paob_tms1/keys
2025-05-23 09:42:00.016 [pool-2-thread-1] INFO  com.paob.tms.task.VoucherScanTask - 查询到2条待处理的凭证记录
2025-05-23 09:42:00.016 [pool-2-thread-1] INFO  com.paob.tms.task.VoucherScanTask - 按file_index分组后共有1组数据
2025-05-23 09:42:00.016 [pool-2-thread-1] INFO  com.paob.tms.task.VoucherScanTask - 处理文件：A23_20250522_800000_104_return.txt
2025-05-23 09:42:00.016 [pool-2-thread-1] INFO  com.paob.tms.task.VoucherScanTask - 文件不存在: A23_20250522_800000_104_return.txt
2025-05-23 09:43:00.018 [pool-2-thread-1] INFO  com.paob.tms.task.VoucherScanTask - 开始扫描凭证文件，文件路径：D:/work/paob_tms1/keys
2025-05-23 09:43:00.024 [pool-2-thread-1] INFO  com.paob.tms.task.VoucherScanTask - 查询到2条待处理的凭证记录
2025-05-23 09:43:00.024 [pool-2-thread-1] INFO  com.paob.tms.task.VoucherScanTask - 按file_index分组后共有1组数据
2025-05-23 09:43:00.024 [pool-2-thread-1] INFO  com.paob.tms.task.VoucherScanTask - 处理文件：A23_20250522_800000_104_return.txt
2025-05-23 09:43:00.026 [pool-2-thread-1] INFO  com.paob.tms.task.VoucherScanTask - 文件不存在: A23_20250522_800000_104_return.txt
2025-05-23 09:44:00.008 [pool-2-thread-1] INFO  com.paob.tms.task.VoucherScanTask - 开始扫描凭证文件，文件路径：D:/work/paob_tms1/keys
2025-05-23 09:44:00.016 [pool-2-thread-1] INFO  com.paob.tms.task.VoucherScanTask - 查询到2条待处理的凭证记录
2025-05-23 09:44:00.017 [pool-2-thread-1] INFO  com.paob.tms.task.VoucherScanTask - 按file_index分组后共有1组数据
2025-05-23 09:44:00.020 [pool-2-thread-1] INFO  com.paob.tms.task.VoucherScanTask - 处理文件：A23_20250522_800000_104_return.txt
2025-05-23 09:44:00.024 [pool-2-thread-1] INFO  com.paob.tms.task.VoucherScanTask - 文件不存在: A23_20250522_800000_104_return.txt
2025-05-23 09:45:00.004 [pool-2-thread-1] INFO  com.paob.tms.task.VoucherScanTask - 开始扫描凭证文件，文件路径：D:/work/paob_tms1/keys
2025-05-23 09:45:00.012 [pool-2-thread-1] INFO  com.paob.tms.task.VoucherScanTask - 查询到2条待处理的凭证记录
2025-05-23 09:45:00.012 [pool-2-thread-1] INFO  com.paob.tms.task.VoucherScanTask - 按file_index分组后共有1组数据
2025-05-23 09:45:00.013 [pool-2-thread-1] INFO  com.paob.tms.task.VoucherScanTask - 处理文件：A23_20250522_800000_104_return.txt
2025-05-23 09:45:00.015 [pool-2-thread-1] INFO  com.paob.tms.task.VoucherScanTask - 文件不存在: A23_20250522_800000_104_return.txt
2025-05-23 09:46:00.011 [pool-2-thread-1] INFO  com.paob.tms.task.VoucherScanTask - 开始扫描凭证文件，文件路径：D:/work/paob_tms1/keys
2025-05-23 09:46:00.030 [pool-2-thread-1] INFO  com.paob.tms.task.VoucherScanTask - 查询到2条待处理的凭证记录
2025-05-23 09:46:00.030 [pool-2-thread-1] INFO  com.paob.tms.task.VoucherScanTask - 按file_index分组后共有1组数据
2025-05-23 09:46:00.030 [pool-2-thread-1] INFO  com.paob.tms.task.VoucherScanTask - 处理文件：A23_20250522_800000_104_return.txt
2025-05-23 09:46:00.032 [pool-2-thread-1] INFO  com.paob.tms.task.VoucherScanTask - 文件不存在: A23_20250522_800000_104_return.txt
2025-05-23 09:47:00.012 [pool-2-thread-1] INFO  com.paob.tms.task.VoucherScanTask - 开始扫描凭证文件，文件路径：D:/work/paob_tms1/keys
2025-05-23 09:47:00.022 [pool-2-thread-1] INFO  com.paob.tms.task.VoucherScanTask - 查询到2条待处理的凭证记录
2025-05-23 09:47:00.022 [pool-2-thread-1] INFO  com.paob.tms.task.VoucherScanTask - 按file_index分组后共有1组数据
2025-05-23 09:47:00.022 [pool-2-thread-1] INFO  com.paob.tms.task.VoucherScanTask - 处理文件：A23_20250522_800000_104_return.txt
2025-05-23 09:47:00.022 [pool-2-thread-1] INFO  com.paob.tms.task.VoucherScanTask - 文件不存在: A23_20250522_800000_104_return.txt
2025-05-23 09:48:00.011 [pool-2-thread-1] INFO  com.paob.tms.task.VoucherScanTask - 开始扫描凭证文件，文件路径：D:/work/paob_tms1/keys
2025-05-23 09:48:00.029 [pool-2-thread-1] INFO  com.paob.tms.task.VoucherScanTask - 查询到2条待处理的凭证记录
2025-05-23 09:48:00.031 [pool-2-thread-1] INFO  com.paob.tms.task.VoucherScanTask - 按file_index分组后共有1组数据
2025-05-23 09:48:00.031 [pool-2-thread-1] INFO  com.paob.tms.task.VoucherScanTask - 处理文件：A23_20250522_800000_104_return.txt
2025-05-23 09:48:00.033 [pool-2-thread-1] INFO  com.paob.tms.task.VoucherScanTask - 文件不存在: A23_20250522_800000_104_return.txt
2025-05-23 09:49:00.006 [pool-2-thread-1] INFO  com.paob.tms.task.VoucherScanTask - 开始扫描凭证文件，文件路径：D:/work/paob_tms1/keys
2025-05-23 09:49:00.022 [pool-2-thread-1] INFO  com.paob.tms.task.VoucherScanTask - 查询到2条待处理的凭证记录
2025-05-23 09:49:00.024 [pool-2-thread-1] INFO  com.paob.tms.task.VoucherScanTask - 按file_index分组后共有1组数据
2025-05-23 09:49:00.024 [pool-2-thread-1] INFO  com.paob.tms.task.VoucherScanTask - 处理文件：A23_20250522_800000_104_return.txt
2025-05-23 09:49:00.034 [pool-2-thread-1] INFO  com.paob.tms.task.VoucherScanTask - 文件不存在: A23_20250522_800000_104_return.txt
2025-05-23 09:50:00.000 [pool-2-thread-2] INFO  com.paob.tms.task.VoucherScanTask - 开始扫描凭证文件，文件路径：D:/work/paob_tms1/keys
2025-05-23 09:50:00.016 [pool-2-thread-2] INFO  com.paob.tms.task.VoucherScanTask - 查询到2条待处理的凭证记录
2025-05-23 09:50:00.016 [pool-2-thread-2] INFO  com.paob.tms.task.VoucherScanTask - 按file_index分组后共有1组数据
2025-05-23 09:50:00.016 [pool-2-thread-2] INFO  com.paob.tms.task.VoucherScanTask - 处理文件：A23_20250522_800000_104_return.txt
2025-05-23 09:50:00.019 [pool-2-thread-2] INFO  com.paob.tms.task.VoucherScanTask - 文件不存在: A23_20250522_800000_104_return.txt
2025-05-23 09:51:00.000 [pool-2-thread-2] INFO  com.paob.tms.task.VoucherScanTask - 开始扫描凭证文件，文件路径：D:/work/paob_tms1/keys
2025-05-23 09:51:00.012 [pool-2-thread-2] INFO  com.paob.tms.task.VoucherScanTask - 查询到2条待处理的凭证记录
2025-05-23 09:51:00.012 [pool-2-thread-2] INFO  com.paob.tms.task.VoucherScanTask - 按file_index分组后共有1组数据
2025-05-23 09:51:00.012 [pool-2-thread-2] INFO  com.paob.tms.task.VoucherScanTask - 处理文件：A23_20250522_800000_104_return.txt
2025-05-23 09:51:00.016 [pool-2-thread-2] INFO  com.paob.tms.task.VoucherScanTask - 文件不存在: A23_20250522_800000_104_return.txt
2025-05-23 09:52:00.015 [pool-2-thread-2] INFO  com.paob.tms.task.VoucherScanTask - 开始扫描凭证文件，文件路径：D:/work/paob_tms1/keys
2025-05-23 09:52:00.022 [pool-2-thread-2] INFO  com.paob.tms.task.VoucherScanTask - 查询到2条待处理的凭证记录
2025-05-23 09:52:00.027 [pool-2-thread-2] INFO  com.paob.tms.task.VoucherScanTask - 按file_index分组后共有1组数据
2025-05-23 09:52:00.027 [pool-2-thread-2] INFO  com.paob.tms.task.VoucherScanTask - 处理文件：A23_20250522_800000_104_return.txt
2025-05-23 09:52:00.029 [pool-2-thread-2] INFO  com.paob.tms.task.VoucherScanTask - 文件不存在: A23_20250522_800000_104_return.txt
2025-05-23 09:53:00.015 [pool-2-thread-2] INFO  com.paob.tms.task.VoucherScanTask - 开始扫描凭证文件，文件路径：D:/work/paob_tms1/keys
2025-05-23 09:53:00.033 [pool-2-thread-2] INFO  com.paob.tms.task.VoucherScanTask - 查询到2条待处理的凭证记录
2025-05-23 09:53:00.034 [pool-2-thread-2] INFO  com.paob.tms.task.VoucherScanTask - 按file_index分组后共有1组数据
2025-05-23 09:53:00.034 [pool-2-thread-2] INFO  com.paob.tms.task.VoucherScanTask - 处理文件：A23_20250522_800000_104_return.txt
2025-05-23 09:53:00.036 [pool-2-thread-2] INFO  com.paob.tms.task.VoucherScanTask - 文件不存在: A23_20250522_800000_104_return.txt
2025-05-23 09:54:00.004 [pool-2-thread-1] INFO  com.paob.tms.task.VoucherScanTask - 开始扫描凭证文件，文件路径：D:/work/paob_tms1/keys
2025-05-23 09:54:00.022 [pool-2-thread-1] INFO  com.paob.tms.task.VoucherScanTask - 查询到2条待处理的凭证记录
2025-05-23 09:54:00.024 [pool-2-thread-1] INFO  com.paob.tms.task.VoucherScanTask - 按file_index分组后共有1组数据
2025-05-23 09:54:00.024 [pool-2-thread-1] INFO  com.paob.tms.task.VoucherScanTask - 处理文件：A23_20250522_800000_104_return.txt
2025-05-23 09:54:00.025 [pool-2-thread-1] INFO  com.paob.tms.task.VoucherScanTask - 文件不存在: A23_20250522_800000_104_return.txt
2025-05-23 09:55:00.005 [pool-2-thread-4] INFO  com.paob.tms.task.VoucherScanTask - 开始扫描凭证文件，文件路径：D:/work/paob_tms1/keys
2025-05-23 09:55:00.017 [pool-2-thread-4] INFO  com.paob.tms.task.VoucherScanTask - 查询到2条待处理的凭证记录
2025-05-23 09:55:00.021 [pool-2-thread-4] INFO  com.paob.tms.task.VoucherScanTask - 按file_index分组后共有1组数据
2025-05-23 09:55:00.021 [pool-2-thread-4] INFO  com.paob.tms.task.VoucherScanTask - 处理文件：A23_20250522_800000_104_return.txt
2025-05-23 09:55:00.027 [pool-2-thread-4] INFO  com.paob.tms.task.VoucherScanTask - 文件不存在: A23_20250522_800000_104_return.txt
2025-05-23 09:56:00.010 [pool-2-thread-4] INFO  com.paob.tms.task.VoucherScanTask - 开始扫描凭证文件，文件路径：D:/work/paob_tms1/keys
2025-05-23 09:56:00.020 [pool-2-thread-4] INFO  com.paob.tms.task.VoucherScanTask - 查询到2条待处理的凭证记录
2025-05-23 09:56:00.022 [pool-2-thread-4] INFO  com.paob.tms.task.VoucherScanTask - 按file_index分组后共有1组数据
2025-05-23 09:56:00.022 [pool-2-thread-4] INFO  com.paob.tms.task.VoucherScanTask - 处理文件：A23_20250522_800000_104_return.txt
2025-05-23 09:56:00.022 [pool-2-thread-4] INFO  com.paob.tms.task.VoucherScanTask - 文件不存在: A23_20250522_800000_104_return.txt
2025-05-23 09:57:00.009 [pool-2-thread-5] INFO  com.paob.tms.task.VoucherScanTask - 开始扫描凭证文件，文件路径：D:/work/paob_tms1/keys
2025-05-23 09:57:00.026 [pool-2-thread-5] INFO  com.paob.tms.task.VoucherScanTask - 查询到2条待处理的凭证记录
2025-05-23 09:57:00.026 [pool-2-thread-5] INFO  com.paob.tms.task.VoucherScanTask - 按file_index分组后共有1组数据
2025-05-23 09:57:00.026 [pool-2-thread-5] INFO  com.paob.tms.task.VoucherScanTask - 处理文件：A23_20250522_800000_104_return.txt
2025-05-23 09:57:00.032 [pool-2-thread-5] INFO  com.paob.tms.task.VoucherScanTask - 文件不存在: A23_20250522_800000_104_return.txt
2025-05-23 09:58:00.009 [pool-2-thread-5] INFO  com.paob.tms.task.VoucherScanTask - 开始扫描凭证文件，文件路径：D:/work/paob_tms1/keys
2025-05-23 09:58:00.027 [pool-2-thread-5] INFO  com.paob.tms.task.VoucherScanTask - 查询到2条待处理的凭证记录
2025-05-23 09:58:00.027 [pool-2-thread-5] INFO  com.paob.tms.task.VoucherScanTask - 按file_index分组后共有1组数据
2025-05-23 09:58:00.027 [pool-2-thread-5] INFO  com.paob.tms.task.VoucherScanTask - 处理文件：A23_20250522_800000_104_return.txt
2025-05-23 09:58:00.027 [pool-2-thread-5] INFO  com.paob.tms.task.VoucherScanTask - 文件不存在: A23_20250522_800000_104_return.txt
2025-05-23 09:59:00.018 [pool-2-thread-5] INFO  com.paob.tms.task.VoucherScanTask - 开始扫描凭证文件，文件路径：D:/work/paob_tms1/keys
2025-05-23 09:59:00.037 [pool-2-thread-5] INFO  com.paob.tms.task.VoucherScanTask - 查询到2条待处理的凭证记录
2025-05-23 09:59:00.037 [pool-2-thread-5] INFO  com.paob.tms.task.VoucherScanTask - 按file_index分组后共有1组数据
2025-05-23 09:59:00.037 [pool-2-thread-5] INFO  com.paob.tms.task.VoucherScanTask - 处理文件：A23_20250522_800000_104_return.txt
2025-05-23 09:59:00.037 [pool-2-thread-5] INFO  com.paob.tms.task.VoucherScanTask - 文件不存在: A23_20250522_800000_104_return.txt
2025-05-23 10:00:00.015 [pool-2-thread-3] INFO  com.paob.tms.task.VoucherScanTask - 开始扫描凭证文件，文件路径：D:/work/paob_tms1/keys
2025-05-23 10:00:00.036 [pool-2-thread-3] INFO  com.paob.tms.task.VoucherScanTask - 查询到2条待处理的凭证记录
2025-05-23 10:00:00.036 [pool-2-thread-3] INFO  com.paob.tms.task.VoucherScanTask - 按file_index分组后共有1组数据
2025-05-23 10:00:00.036 [pool-2-thread-3] INFO  com.paob.tms.task.VoucherScanTask - 处理文件：A23_20250522_800000_104_return.txt
2025-05-23 10:00:00.041 [pool-2-thread-3] INFO  com.paob.tms.task.VoucherScanTask - 文件不存在: A23_20250522_800000_104_return.txt
2025-05-23 10:01:00.002 [pool-2-thread-4] INFO  com.paob.tms.task.VoucherScanTask - 开始扫描凭证文件，文件路径：D:/work/paob_tms1/keys
2025-05-23 10:01:00.019 [pool-2-thread-4] INFO  com.paob.tms.task.VoucherScanTask - 查询到2条待处理的凭证记录
2025-05-23 10:01:00.019 [pool-2-thread-4] INFO  com.paob.tms.task.VoucherScanTask - 按file_index分组后共有1组数据
2025-05-23 10:01:00.019 [pool-2-thread-4] INFO  com.paob.tms.task.VoucherScanTask - 处理文件：A23_20250522_800000_104_return.txt
2025-05-23 10:01:00.019 [pool-2-thread-4] INFO  com.paob.tms.task.VoucherScanTask - 文件不存在: A23_20250522_800000_104_return.txt
2025-05-23 10:02:00.007 [pool-2-thread-4] INFO  com.paob.tms.task.VoucherScanTask - 开始扫描凭证文件，文件路径：D:/work/paob_tms1/keys
2025-05-23 10:02:00.017 [pool-2-thread-4] INFO  com.paob.tms.task.VoucherScanTask - 查询到2条待处理的凭证记录
2025-05-23 10:02:00.018 [pool-2-thread-4] INFO  com.paob.tms.task.VoucherScanTask - 按file_index分组后共有1组数据
2025-05-23 10:02:00.018 [pool-2-thread-4] INFO  com.paob.tms.task.VoucherScanTask - 处理文件：A23_20250522_800000_104_return.txt
2025-05-23 10:02:00.020 [pool-2-thread-4] INFO  com.paob.tms.task.VoucherScanTask - 文件不存在: A23_20250522_800000_104_return.txt
2025-05-23 10:03:00.009 [pool-2-thread-4] INFO  com.paob.tms.task.VoucherScanTask - 开始扫描凭证文件，文件路径：D:/work/paob_tms1/keys
2025-05-23 10:03:00.020 [pool-2-thread-4] INFO  com.paob.tms.task.VoucherScanTask - 查询到2条待处理的凭证记录
2025-05-23 10:03:00.020 [pool-2-thread-4] INFO  com.paob.tms.task.VoucherScanTask - 按file_index分组后共有1组数据
2025-05-23 10:03:00.020 [pool-2-thread-4] INFO  com.paob.tms.task.VoucherScanTask - 处理文件：A23_20250522_800000_104_return.txt
2025-05-23 10:03:00.020 [pool-2-thread-4] INFO  com.paob.tms.task.VoucherScanTask - 文件不存在: A23_20250522_800000_104_return.txt
2025-05-23 10:04:00.011 [pool-2-thread-4] INFO  com.paob.tms.task.VoucherScanTask - 开始扫描凭证文件，文件路径：D:/work/paob_tms1/keys
2025-05-23 10:04:00.022 [pool-2-thread-4] INFO  com.paob.tms.task.VoucherScanTask - 查询到2条待处理的凭证记录
2025-05-23 10:04:00.026 [pool-2-thread-4] INFO  com.paob.tms.task.VoucherScanTask - 按file_index分组后共有1组数据
2025-05-23 10:04:00.026 [pool-2-thread-4] INFO  com.paob.tms.task.VoucherScanTask - 处理文件：A23_20250522_800000_104_return.txt
2025-05-23 10:04:00.026 [pool-2-thread-4] INFO  com.paob.tms.task.VoucherScanTask - 文件不存在: A23_20250522_800000_104_return.txt
2025-05-23 10:05:00.015 [pool-2-thread-3] INFO  com.paob.tms.task.VoucherScanTask - 开始扫描凭证文件，文件路径：D:/work/paob_tms1/keys
2025-05-23 10:05:00.023 [pool-2-thread-3] INFO  com.paob.tms.task.VoucherScanTask - 查询到2条待处理的凭证记录
2025-05-23 10:05:00.023 [pool-2-thread-3] INFO  com.paob.tms.task.VoucherScanTask - 按file_index分组后共有1组数据
2025-05-23 10:05:00.023 [pool-2-thread-3] INFO  com.paob.tms.task.VoucherScanTask - 处理文件：A23_20250522_800000_104_return.txt
2025-05-23 10:05:00.023 [pool-2-thread-3] INFO  com.paob.tms.task.VoucherScanTask - 文件不存在: A23_20250522_800000_104_return.txt
2025-05-23 10:06:00.004 [pool-2-thread-3] INFO  com.paob.tms.task.VoucherScanTask - 开始扫描凭证文件，文件路径：D:/work/paob_tms1/keys
2025-05-23 10:06:00.046 [pool-2-thread-3] INFO  com.paob.tms.task.VoucherScanTask - 查询到2条待处理的凭证记录
2025-05-23 10:06:00.046 [pool-2-thread-3] INFO  com.paob.tms.task.VoucherScanTask - 按file_index分组后共有1组数据
2025-05-23 10:06:00.046 [pool-2-thread-3] INFO  com.paob.tms.task.VoucherScanTask - 处理文件：A23_20250522_800000_104_return.txt
2025-05-23 10:06:00.046 [pool-2-thread-3] INFO  com.paob.tms.task.VoucherScanTask - 文件不存在: A23_20250522_800000_104_return.txt
2025-05-23 10:07:00.008 [pool-2-thread-3] INFO  com.paob.tms.task.VoucherScanTask - 开始扫描凭证文件，文件路径：D:/work/paob_tms1/keys
2025-05-23 10:07:00.026 [pool-2-thread-3] INFO  com.paob.tms.task.VoucherScanTask - 查询到2条待处理的凭证记录
2025-05-23 10:07:00.026 [pool-2-thread-3] INFO  com.paob.tms.task.VoucherScanTask - 按file_index分组后共有1组数据
2025-05-23 10:07:00.026 [pool-2-thread-3] INFO  com.paob.tms.task.VoucherScanTask - 处理文件：A23_20250522_800000_104_return.txt
2025-05-23 10:07:00.026 [pool-2-thread-3] INFO  com.paob.tms.task.VoucherScanTask - 文件不存在: A23_20250522_800000_104_return.txt
2025-05-23 10:08:00.007 [pool-2-thread-3] INFO  com.paob.tms.task.VoucherScanTask - 开始扫描凭证文件，文件路径：D:/work/paob_tms1/keys
2025-05-23 10:08:00.099 [pool-2-thread-3] INFO  com.paob.tms.task.VoucherScanTask - 查询到2条待处理的凭证记录
2025-05-23 10:08:00.099 [pool-2-thread-3] INFO  com.paob.tms.task.VoucherScanTask - 按file_index分组后共有1组数据
2025-05-23 10:08:00.101 [pool-2-thread-3] INFO  com.paob.tms.task.VoucherScanTask - 处理文件：A23_20250522_800000_104_return.txt
2025-05-23 10:08:00.101 [pool-2-thread-3] INFO  com.paob.tms.task.VoucherScanTask - 文件不存在: A23_20250522_800000_104_return.txt
2025-05-23 10:09:00.006 [pool-2-thread-3] INFO  com.paob.tms.task.VoucherScanTask - 开始扫描凭证文件，文件路径：D:/work/paob_tms1/keys
2025-05-23 10:09:00.019 [pool-2-thread-3] INFO  com.paob.tms.task.VoucherScanTask - 查询到2条待处理的凭证记录
2025-05-23 10:09:00.019 [pool-2-thread-3] INFO  com.paob.tms.task.VoucherScanTask - 按file_index分组后共有1组数据
2025-05-23 10:09:00.019 [pool-2-thread-3] INFO  com.paob.tms.task.VoucherScanTask - 处理文件：A23_20250522_800000_104_return.txt
2025-05-23 10:09:00.019 [pool-2-thread-3] INFO  com.paob.tms.task.VoucherScanTask - 文件不存在: A23_20250522_800000_104_return.txt
2025-05-23 10:10:00.013 [pool-2-thread-3] INFO  com.paob.tms.task.VoucherScanTask - 开始扫描凭证文件，文件路径：D:/work/paob_tms1/keys
2025-05-23 10:10:00.021 [pool-2-thread-3] INFO  com.paob.tms.task.VoucherScanTask - 查询到2条待处理的凭证记录
2025-05-23 10:10:00.021 [pool-2-thread-3] INFO  com.paob.tms.task.VoucherScanTask - 按file_index分组后共有1组数据
2025-05-23 10:10:00.021 [pool-2-thread-3] INFO  com.paob.tms.task.VoucherScanTask - 处理文件：A23_20250522_800000_104_return.txt
2025-05-23 10:10:00.021 [pool-2-thread-3] INFO  com.paob.tms.task.VoucherScanTask - 文件不存在: A23_20250522_800000_104_return.txt
2025-05-23 10:11:00.012 [pool-2-thread-3] INFO  com.paob.tms.task.VoucherScanTask - 开始扫描凭证文件，文件路径：D:/work/paob_tms1/keys
2025-05-23 10:11:00.021 [pool-2-thread-3] INFO  com.paob.tms.task.VoucherScanTask - 查询到2条待处理的凭证记录
2025-05-23 10:11:00.023 [pool-2-thread-3] INFO  com.paob.tms.task.VoucherScanTask - 按file_index分组后共有1组数据
2025-05-23 10:11:00.023 [pool-2-thread-3] INFO  com.paob.tms.task.VoucherScanTask - 处理文件：A23_20250522_800000_104_return.txt
2025-05-23 10:11:00.023 [pool-2-thread-3] INFO  com.paob.tms.task.VoucherScanTask - 文件不存在: A23_20250522_800000_104_return.txt
2025-05-23 10:12:00.014 [pool-2-thread-3] INFO  com.paob.tms.task.VoucherScanTask - 开始扫描凭证文件，文件路径：D:/work/paob_tms1/keys
2025-05-23 10:12:00.029 [pool-2-thread-3] INFO  com.paob.tms.task.VoucherScanTask - 查询到2条待处理的凭证记录
2025-05-23 10:12:00.029 [pool-2-thread-3] INFO  com.paob.tms.task.VoucherScanTask - 按file_index分组后共有1组数据
2025-05-23 10:12:00.029 [pool-2-thread-3] INFO  com.paob.tms.task.VoucherScanTask - 处理文件：A23_20250522_800000_104_return.txt
2025-05-23 10:12:00.029 [pool-2-thread-3] INFO  com.paob.tms.task.VoucherScanTask - 文件不存在: A23_20250522_800000_104_return.txt
2025-05-23 10:13:00.012 [pool-2-thread-4] INFO  com.paob.tms.task.VoucherScanTask - 开始扫描凭证文件，文件路径：D:/work/paob_tms1/keys
2025-05-23 10:13:00.028 [pool-2-thread-4] INFO  com.paob.tms.task.VoucherScanTask - 查询到2条待处理的凭证记录
2025-05-23 10:13:00.028 [pool-2-thread-4] INFO  com.paob.tms.task.VoucherScanTask - 按file_index分组后共有1组数据
2025-05-23 10:13:00.028 [pool-2-thread-4] INFO  com.paob.tms.task.VoucherScanTask - 处理文件：A23_20250522_800000_104_return.txt
2025-05-23 10:13:00.028 [pool-2-thread-4] INFO  com.paob.tms.task.VoucherScanTask - 文件不存在: A23_20250522_800000_104_return.txt
2025-05-23 10:14:00.019 [pool-2-thread-4] INFO  com.paob.tms.task.VoucherScanTask - 开始扫描凭证文件，文件路径：D:/work/paob_tms1/keys
2025-05-23 10:14:00.024 [pool-2-thread-4] INFO  com.paob.tms.task.VoucherScanTask - 查询到2条待处理的凭证记录
2025-05-23 10:14:00.024 [pool-2-thread-4] INFO  com.paob.tms.task.VoucherScanTask - 按file_index分组后共有1组数据
2025-05-23 10:14:00.024 [pool-2-thread-4] INFO  com.paob.tms.task.VoucherScanTask - 处理文件：A23_20250522_800000_104_return.txt
2025-05-23 10:14:00.028 [pool-2-thread-4] INFO  com.paob.tms.task.VoucherScanTask - 文件不存在: A23_20250522_800000_104_return.txt
2025-05-23 10:15:00.009 [pool-2-thread-4] INFO  com.paob.tms.task.VoucherScanTask - 开始扫描凭证文件，文件路径：D:/work/paob_tms1/keys
2025-05-23 10:15:00.020 [pool-2-thread-4] INFO  com.paob.tms.task.VoucherScanTask - 查询到2条待处理的凭证记录
2025-05-23 10:15:00.020 [pool-2-thread-4] INFO  com.paob.tms.task.VoucherScanTask - 按file_index分组后共有1组数据
2025-05-23 10:15:00.020 [pool-2-thread-4] INFO  com.paob.tms.task.VoucherScanTask - 处理文件：A23_20250522_800000_104_return.txt
2025-05-23 10:15:00.022 [pool-2-thread-4] INFO  com.paob.tms.task.VoucherScanTask - 文件不存在: A23_20250522_800000_104_return.txt
2025-05-23 10:16:00.010 [pool-2-thread-5] INFO  com.paob.tms.task.VoucherScanTask - 开始扫描凭证文件，文件路径：D:/work/paob_tms1/keys
2025-05-23 10:16:00.021 [pool-2-thread-5] INFO  com.paob.tms.task.VoucherScanTask - 查询到2条待处理的凭证记录
2025-05-23 10:16:00.021 [pool-2-thread-5] INFO  com.paob.tms.task.VoucherScanTask - 按file_index分组后共有1组数据
2025-05-23 10:16:00.021 [pool-2-thread-5] INFO  com.paob.tms.task.VoucherScanTask - 处理文件：A23_20250522_800000_104_return.txt
2025-05-23 10:16:00.021 [pool-2-thread-5] INFO  com.paob.tms.task.VoucherScanTask - 文件不存在: A23_20250522_800000_104_return.txt
2025-05-23 10:17:00.008 [pool-2-thread-5] INFO  com.paob.tms.task.VoucherScanTask - 开始扫描凭证文件，文件路径：D:/work/paob_tms1/keys
2025-05-23 10:17:00.025 [pool-2-thread-5] INFO  com.paob.tms.task.VoucherScanTask - 查询到2条待处理的凭证记录
2025-05-23 10:17:00.026 [pool-2-thread-5] INFO  com.paob.tms.task.VoucherScanTask - 按file_index分组后共有1组数据
2025-05-23 10:17:00.026 [pool-2-thread-5] INFO  com.paob.tms.task.VoucherScanTask - 处理文件：A23_20250522_800000_104_return.txt
2025-05-23 10:17:00.028 [pool-2-thread-5] INFO  com.paob.tms.task.VoucherScanTask - 文件不存在: A23_20250522_800000_104_return.txt
2025-05-23 10:18:00.003 [pool-2-thread-5] INFO  com.paob.tms.task.VoucherScanTask - 开始扫描凭证文件，文件路径：D:/work/paob_tms1/keys
2025-05-23 10:18:00.013 [pool-2-thread-5] INFO  com.paob.tms.task.VoucherScanTask - 查询到2条待处理的凭证记录
2025-05-23 10:18:00.013 [pool-2-thread-5] INFO  com.paob.tms.task.VoucherScanTask - 按file_index分组后共有1组数据
2025-05-23 10:18:00.015 [pool-2-thread-5] INFO  com.paob.tms.task.VoucherScanTask - 处理文件：A23_20250522_800000_104_return.txt
2025-05-23 10:18:00.018 [pool-2-thread-5] INFO  com.paob.tms.task.VoucherScanTask - 文件不存在: A23_20250522_800000_104_return.txt
2025-05-23 10:19:00.006 [pool-2-thread-5] INFO  com.paob.tms.task.VoucherScanTask - 开始扫描凭证文件，文件路径：D:/work/paob_tms1/keys
2025-05-23 10:19:00.019 [pool-2-thread-5] INFO  com.paob.tms.task.VoucherScanTask - 查询到2条待处理的凭证记录
2025-05-23 10:19:00.019 [pool-2-thread-5] INFO  com.paob.tms.task.VoucherScanTask - 按file_index分组后共有1组数据
2025-05-23 10:19:00.019 [pool-2-thread-5] INFO  com.paob.tms.task.VoucherScanTask - 处理文件：A23_20250522_800000_104_return.txt
2025-05-23 10:19:00.022 [pool-2-thread-5] INFO  com.paob.tms.task.VoucherScanTask - 文件不存在: A23_20250522_800000_104_return.txt
2025-05-23 10:20:00.009 [pool-2-thread-5] INFO  com.paob.tms.task.VoucherScanTask - 开始扫描凭证文件，文件路径：D:/work/paob_tms1/keys
2025-05-23 10:20:00.027 [pool-2-thread-5] INFO  com.paob.tms.task.VoucherScanTask - 查询到2条待处理的凭证记录
2025-05-23 10:20:00.027 [pool-2-thread-5] INFO  com.paob.tms.task.VoucherScanTask - 按file_index分组后共有1组数据
2025-05-23 10:20:00.027 [pool-2-thread-5] INFO  com.paob.tms.task.VoucherScanTask - 处理文件：A23_20250522_800000_104_return.txt
2025-05-23 10:20:00.027 [pool-2-thread-5] INFO  com.paob.tms.task.VoucherScanTask - 文件不存在: A23_20250522_800000_104_return.txt
2025-05-23 10:21:00.004 [pool-2-thread-5] INFO  com.paob.tms.task.VoucherScanTask - 开始扫描凭证文件，文件路径：D:/work/paob_tms1/keys
2025-05-23 10:21:00.031 [pool-2-thread-5] INFO  com.paob.tms.task.VoucherScanTask - 查询到2条待处理的凭证记录
2025-05-23 10:21:00.031 [pool-2-thread-5] INFO  com.paob.tms.task.VoucherScanTask - 按file_index分组后共有1组数据
2025-05-23 10:21:00.031 [pool-2-thread-5] INFO  com.paob.tms.task.VoucherScanTask - 处理文件：A23_20250522_800000_104_return.txt
2025-05-23 10:21:00.036 [pool-2-thread-5] INFO  com.paob.tms.task.VoucherScanTask - 文件不存在: A23_20250522_800000_104_return.txt
2025-05-23 10:22:00.004 [pool-2-thread-2] INFO  com.paob.tms.task.VoucherScanTask - 开始扫描凭证文件，文件路径：D:/work/paob_tms1/keys
2025-05-23 10:22:00.042 [pool-2-thread-2] INFO  com.paob.tms.task.VoucherScanTask - 查询到2条待处理的凭证记录
2025-05-23 10:22:00.042 [pool-2-thread-2] INFO  com.paob.tms.task.VoucherScanTask - 按file_index分组后共有1组数据
2025-05-23 10:22:00.042 [pool-2-thread-2] INFO  com.paob.tms.task.VoucherScanTask - 处理文件：A23_20250522_800000_104_return.txt
2025-05-23 10:22:00.046 [pool-2-thread-2] INFO  com.paob.tms.task.VoucherScanTask - 文件不存在: A23_20250522_800000_104_return.txt
2025-05-23 10:23:00.022 [pool-2-thread-1] INFO  com.paob.tms.task.VoucherScanTask - 开始扫描凭证文件，文件路径：D:/work/paob_tms1/keys
2025-05-23 10:23:00.034 [pool-2-thread-1] INFO  com.paob.tms.task.VoucherScanTask - 查询到2条待处理的凭证记录
2025-05-23 10:23:00.036 [pool-2-thread-1] INFO  com.paob.tms.task.VoucherScanTask - 按file_index分组后共有1组数据
2025-05-23 10:23:00.036 [pool-2-thread-1] INFO  com.paob.tms.task.VoucherScanTask - 处理文件：A23_20250522_800000_104_return.txt
2025-05-23 10:23:00.036 [pool-2-thread-1] INFO  com.paob.tms.task.VoucherScanTask - 文件不存在: A23_20250522_800000_104_return.txt
2025-05-23 10:24:00.013 [pool-2-thread-1] INFO  com.paob.tms.task.VoucherScanTask - 开始扫描凭证文件，文件路径：D:/work/paob_tms1/keys
2025-05-23 10:24:00.029 [pool-2-thread-1] INFO  com.paob.tms.task.VoucherScanTask - 查询到2条待处理的凭证记录
2025-05-23 10:24:00.029 [pool-2-thread-1] INFO  com.paob.tms.task.VoucherScanTask - 按file_index分组后共有1组数据
2025-05-23 10:24:00.029 [pool-2-thread-1] INFO  com.paob.tms.task.VoucherScanTask - 处理文件：A23_20250522_800000_104_return.txt
2025-05-23 10:24:00.029 [pool-2-thread-1] INFO  com.paob.tms.task.VoucherScanTask - 文件不存在: A23_20250522_800000_104_return.txt
2025-05-23 10:25:00.011 [pool-2-thread-3] INFO  com.paob.tms.task.VoucherScanTask - 开始扫描凭证文件，文件路径：D:/work/paob_tms1/keys
2025-05-23 10:25:00.041 [pool-2-thread-3] INFO  com.paob.tms.task.VoucherScanTask - 查询到2条待处理的凭证记录
2025-05-23 10:25:00.041 [pool-2-thread-3] INFO  com.paob.tms.task.VoucherScanTask - 按file_index分组后共有1组数据
2025-05-23 10:25:00.041 [pool-2-thread-3] INFO  com.paob.tms.task.VoucherScanTask - 处理文件：A23_20250522_800000_104_return.txt
2025-05-23 10:25:00.043 [pool-2-thread-3] INFO  com.paob.tms.task.VoucherScanTask - 文件不存在: A23_20250522_800000_104_return.txt
2025-05-23 10:26:00.003 [pool-2-thread-3] INFO  com.paob.tms.task.VoucherScanTask - 开始扫描凭证文件，文件路径：D:/work/paob_tms1/keys
2025-05-23 10:26:00.016 [pool-2-thread-3] INFO  com.paob.tms.task.VoucherScanTask - 查询到2条待处理的凭证记录
2025-05-23 10:26:00.019 [pool-2-thread-3] INFO  com.paob.tms.task.VoucherScanTask - 按file_index分组后共有1组数据
2025-05-23 10:26:00.019 [pool-2-thread-3] INFO  com.paob.tms.task.VoucherScanTask - 处理文件：A23_20250522_800000_104_return.txt
2025-05-23 10:26:00.019 [pool-2-thread-3] INFO  com.paob.tms.task.VoucherScanTask - 文件不存在: A23_20250522_800000_104_return.txt
2025-05-23 10:27:00.009 [pool-2-thread-2] INFO  com.paob.tms.task.VoucherScanTask - 开始扫描凭证文件，文件路径：D:/work/paob_tms1/keys
2025-05-23 10:27:00.025 [pool-2-thread-2] INFO  com.paob.tms.task.VoucherScanTask - 查询到2条待处理的凭证记录
2025-05-23 10:27:00.025 [pool-2-thread-2] INFO  com.paob.tms.task.VoucherScanTask - 按file_index分组后共有1组数据
2025-05-23 10:27:00.025 [pool-2-thread-2] INFO  com.paob.tms.task.VoucherScanTask - 处理文件：A23_20250522_800000_104_return.txt
2025-05-23 10:27:00.025 [pool-2-thread-2] INFO  com.paob.tms.task.VoucherScanTask - 文件不存在: A23_20250522_800000_104_return.txt
2025-05-23 10:28:00.002 [pool-2-thread-4] INFO  com.paob.tms.task.VoucherScanTask - 开始扫描凭证文件，文件路径：D:/work/paob_tms1/keys
2025-05-23 10:28:00.020 [pool-2-thread-4] INFO  com.paob.tms.task.VoucherScanTask - 查询到2条待处理的凭证记录
2025-05-23 10:28:00.020 [pool-2-thread-4] INFO  com.paob.tms.task.VoucherScanTask - 按file_index分组后共有1组数据
2025-05-23 10:28:00.020 [pool-2-thread-4] INFO  com.paob.tms.task.VoucherScanTask - 处理文件：A23_20250522_800000_104_return.txt
2025-05-23 10:28:00.020 [pool-2-thread-4] INFO  com.paob.tms.task.VoucherScanTask - 文件不存在: A23_20250522_800000_104_return.txt
2025-05-23 10:29:00.015 [pool-2-thread-4] INFO  com.paob.tms.task.VoucherScanTask - 开始扫描凭证文件，文件路径：D:/work/paob_tms1/keys
2025-05-23 10:29:00.028 [pool-2-thread-4] INFO  com.paob.tms.task.VoucherScanTask - 查询到2条待处理的凭证记录
2025-05-23 10:29:00.028 [pool-2-thread-4] INFO  com.paob.tms.task.VoucherScanTask - 按file_index分组后共有1组数据
2025-05-23 10:29:00.028 [pool-2-thread-4] INFO  com.paob.tms.task.VoucherScanTask - 处理文件：A23_20250522_800000_104_return.txt
2025-05-23 10:29:00.031 [pool-2-thread-4] INFO  com.paob.tms.task.VoucherScanTask - 文件不存在: A23_20250522_800000_104_return.txt
2025-05-23 10:30:00.010 [pool-2-thread-4] INFO  com.paob.tms.task.VoucherScanTask - 开始扫描凭证文件，文件路径：D:/work/paob_tms1/keys
2025-05-23 10:30:00.023 [pool-2-thread-4] INFO  com.paob.tms.task.VoucherScanTask - 查询到2条待处理的凭证记录
2025-05-23 10:30:00.023 [pool-2-thread-4] INFO  com.paob.tms.task.VoucherScanTask - 按file_index分组后共有1组数据
2025-05-23 10:30:00.023 [pool-2-thread-4] INFO  com.paob.tms.task.VoucherScanTask - 处理文件：A23_20250522_800000_104_return.txt
2025-05-23 10:30:00.023 [pool-2-thread-4] INFO  com.paob.tms.task.VoucherScanTask - 文件不存在: A23_20250522_800000_104_return.txt
2025-05-23 10:31:00.006 [pool-2-thread-3] INFO  com.paob.tms.task.VoucherScanTask - 开始扫描凭证文件，文件路径：D:/work/paob_tms1/keys
2025-05-23 10:31:00.023 [pool-2-thread-3] INFO  com.paob.tms.task.VoucherScanTask - 查询到2条待处理的凭证记录
2025-05-23 10:31:00.023 [pool-2-thread-3] INFO  com.paob.tms.task.VoucherScanTask - 按file_index分组后共有1组数据
2025-05-23 10:31:00.023 [pool-2-thread-3] INFO  com.paob.tms.task.VoucherScanTask - 处理文件：A23_20250522_800000_104_return.txt
2025-05-23 10:31:00.027 [pool-2-thread-3] INFO  com.paob.tms.task.VoucherScanTask - 文件不存在: A23_20250522_800000_104_return.txt
2025-05-23 10:32:00.010 [pool-2-thread-3] INFO  com.paob.tms.task.VoucherScanTask - 开始扫描凭证文件，文件路径：D:/work/paob_tms1/keys
2025-05-23 10:32:00.035 [pool-2-thread-3] INFO  com.paob.tms.task.VoucherScanTask - 查询到2条待处理的凭证记录
2025-05-23 10:32:00.035 [pool-2-thread-3] INFO  com.paob.tms.task.VoucherScanTask - 按file_index分组后共有1组数据
2025-05-23 10:32:00.035 [pool-2-thread-3] INFO  com.paob.tms.task.VoucherScanTask - 处理文件：A23_20250522_800000_104_return.txt
2025-05-23 10:32:00.039 [pool-2-thread-3] INFO  com.paob.tms.task.VoucherScanTask - 文件不存在: A23_20250522_800000_104_return.txt
2025-05-23 10:33:00.004 [pool-2-thread-1] INFO  com.paob.tms.task.VoucherScanTask - 开始扫描凭证文件，文件路径：D:/work/paob_tms1/keys
2025-05-23 10:33:00.022 [pool-2-thread-1] INFO  com.paob.tms.task.VoucherScanTask - 查询到2条待处理的凭证记录
2025-05-23 10:33:00.024 [pool-2-thread-1] INFO  com.paob.tms.task.VoucherScanTask - 按file_index分组后共有1组数据
2025-05-23 10:33:00.024 [pool-2-thread-1] INFO  com.paob.tms.task.VoucherScanTask - 处理文件：A23_20250522_800000_104_return.txt
2025-05-23 10:33:00.024 [pool-2-thread-1] INFO  com.paob.tms.task.VoucherScanTask - 文件不存在: A23_20250522_800000_104_return.txt
2025-05-23 10:34:00.009 [pool-2-thread-1] INFO  com.paob.tms.task.VoucherScanTask - 开始扫描凭证文件，文件路径：D:/work/paob_tms1/keys
2025-05-23 10:34:00.029 [pool-2-thread-1] INFO  com.paob.tms.task.VoucherScanTask - 查询到2条待处理的凭证记录
2025-05-23 10:34:00.029 [pool-2-thread-1] INFO  com.paob.tms.task.VoucherScanTask - 按file_index分组后共有1组数据
2025-05-23 10:34:00.029 [pool-2-thread-1] INFO  com.paob.tms.task.VoucherScanTask - 处理文件：A23_20250522_800000_104_return.txt
2025-05-23 10:34:00.030 [pool-2-thread-1] INFO  com.paob.tms.task.VoucherScanTask - 文件不存在: A23_20250522_800000_104_return.txt
2025-05-23 10:35:00.011 [pool-2-thread-1] INFO  com.paob.tms.task.VoucherScanTask - 开始扫描凭证文件，文件路径：D:/work/paob_tms1/keys
2025-05-23 10:35:00.025 [pool-2-thread-1] INFO  com.paob.tms.task.VoucherScanTask - 查询到2条待处理的凭证记录
2025-05-23 10:35:00.027 [pool-2-thread-1] INFO  com.paob.tms.task.VoucherScanTask - 按file_index分组后共有1组数据
2025-05-23 10:35:00.027 [pool-2-thread-1] INFO  com.paob.tms.task.VoucherScanTask - 处理文件：A23_20250522_800000_104_return.txt
2025-05-23 10:35:00.029 [pool-2-thread-1] INFO  com.paob.tms.task.VoucherScanTask - 文件不存在: A23_20250522_800000_104_return.txt
2025-05-23 10:36:00.014 [pool-2-thread-1] INFO  com.paob.tms.task.VoucherScanTask - 开始扫描凭证文件，文件路径：D:/work/paob_tms1/keys
2025-05-23 10:36:00.024 [pool-2-thread-1] INFO  com.paob.tms.task.VoucherScanTask - 查询到2条待处理的凭证记录
2025-05-23 10:36:00.030 [pool-2-thread-1] INFO  com.paob.tms.task.VoucherScanTask - 按file_index分组后共有1组数据
2025-05-23 10:36:00.030 [pool-2-thread-1] INFO  com.paob.tms.task.VoucherScanTask - 处理文件：A23_20250522_800000_104_return.txt
2025-05-23 10:36:00.032 [pool-2-thread-1] INFO  com.paob.tms.task.VoucherScanTask - 文件不存在: A23_20250522_800000_104_return.txt
2025-05-23 10:37:00.014 [pool-2-thread-3] INFO  com.paob.tms.task.VoucherScanTask - 开始扫描凭证文件，文件路径：D:/work/paob_tms1/keys
2025-05-23 10:37:00.030 [pool-2-thread-3] INFO  com.paob.tms.task.VoucherScanTask - 查询到2条待处理的凭证记录
2025-05-23 10:37:00.030 [pool-2-thread-3] INFO  com.paob.tms.task.VoucherScanTask - 按file_index分组后共有1组数据
2025-05-23 10:37:00.030 [pool-2-thread-3] INFO  com.paob.tms.task.VoucherScanTask - 处理文件：A23_20250522_800000_104_return.txt
2025-05-23 10:37:00.032 [pool-2-thread-3] INFO  com.paob.tms.task.VoucherScanTask - 文件不存在: A23_20250522_800000_104_return.txt
2025-05-23 10:38:00.009 [pool-2-thread-3] INFO  com.paob.tms.task.VoucherScanTask - 开始扫描凭证文件，文件路径：D:/work/paob_tms1/keys
2025-05-23 10:38:00.022 [pool-2-thread-3] INFO  com.paob.tms.task.VoucherScanTask - 查询到2条待处理的凭证记录
2025-05-23 10:38:00.022 [pool-2-thread-3] INFO  com.paob.tms.task.VoucherScanTask - 按file_index分组后共有1组数据
2025-05-23 10:38:00.024 [pool-2-thread-3] INFO  com.paob.tms.task.VoucherScanTask - 处理文件：A23_20250522_800000_104_return.txt
2025-05-23 10:38:00.026 [pool-2-thread-3] INFO  com.paob.tms.task.VoucherScanTask - 文件不存在: A23_20250522_800000_104_return.txt
2025-05-23 10:39:00.014 [pool-2-thread-4] INFO  com.paob.tms.task.VoucherScanTask - 开始扫描凭证文件，文件路径：D:/work/paob_tms1/keys
2025-05-23 10:39:00.029 [pool-2-thread-4] INFO  com.paob.tms.task.VoucherScanTask - 查询到2条待处理的凭证记录
2025-05-23 10:39:00.029 [pool-2-thread-4] INFO  com.paob.tms.task.VoucherScanTask - 按file_index分组后共有1组数据
2025-05-23 10:39:00.029 [pool-2-thread-4] INFO  com.paob.tms.task.VoucherScanTask - 处理文件：A23_20250522_800000_104_return.txt
2025-05-23 10:39:00.031 [pool-2-thread-4] INFO  com.paob.tms.task.VoucherScanTask - 文件不存在: A23_20250522_800000_104_return.txt
2025-05-23 10:40:00.013 [pool-2-thread-2] INFO  com.paob.tms.task.VoucherScanTask - 开始扫描凭证文件，文件路径：D:/work/paob_tms1/keys
2025-05-23 10:40:00.029 [pool-2-thread-2] INFO  com.paob.tms.task.VoucherScanTask - 查询到2条待处理的凭证记录
2025-05-23 10:40:00.029 [pool-2-thread-2] INFO  com.paob.tms.task.VoucherScanTask - 按file_index分组后共有1组数据
2025-05-23 10:40:00.030 [pool-2-thread-2] INFO  com.paob.tms.task.VoucherScanTask - 处理文件：A23_20250522_800000_104_return.txt
2025-05-23 10:40:00.034 [pool-2-thread-2] INFO  com.paob.tms.task.VoucherScanTask - 文件不存在: A23_20250522_800000_104_return.txt
2025-05-23 10:41:00.008 [pool-2-thread-2] INFO  com.paob.tms.task.VoucherScanTask - 开始扫描凭证文件，文件路径：D:/work/paob_tms1/keys
2025-05-23 10:41:00.026 [pool-2-thread-2] INFO  com.paob.tms.task.VoucherScanTask - 查询到2条待处理的凭证记录
2025-05-23 10:41:00.026 [pool-2-thread-2] INFO  com.paob.tms.task.VoucherScanTask - 按file_index分组后共有1组数据
2025-05-23 10:41:00.026 [pool-2-thread-2] INFO  com.paob.tms.task.VoucherScanTask - 处理文件：A23_20250522_800000_104_return.txt
2025-05-23 10:41:00.032 [pool-2-thread-2] INFO  com.paob.tms.task.VoucherScanTask - 文件不存在: A23_20250522_800000_104_return.txt
2025-05-23 10:41:59.999 [pool-2-thread-2] INFO  com.paob.tms.task.VoucherScanTask - 开始扫描凭证文件，文件路径：D:/work/paob_tms1/keys
2025-05-23 10:42:00.012 [pool-2-thread-2] INFO  com.paob.tms.task.VoucherScanTask - 查询到2条待处理的凭证记录
2025-05-23 10:42:00.012 [pool-2-thread-2] INFO  com.paob.tms.task.VoucherScanTask - 按file_index分组后共有1组数据
2025-05-23 10:42:00.012 [pool-2-thread-2] INFO  com.paob.tms.task.VoucherScanTask - 处理文件：A23_20250522_800000_104_return.txt
2025-05-23 10:42:00.014 [pool-2-thread-2] INFO  com.paob.tms.task.VoucherScanTask - 文件不存在: A23_20250522_800000_104_return.txt
2025-05-23 10:43:00.004 [pool-2-thread-2] INFO  com.paob.tms.task.VoucherScanTask - 开始扫描凭证文件，文件路径：D:/work/paob_tms1/keys
2025-05-23 10:43:00.025 [pool-2-thread-2] INFO  com.paob.tms.task.VoucherScanTask - 查询到2条待处理的凭证记录
2025-05-23 10:43:00.025 [pool-2-thread-2] INFO  com.paob.tms.task.VoucherScanTask - 按file_index分组后共有1组数据
2025-05-23 10:43:00.025 [pool-2-thread-2] INFO  com.paob.tms.task.VoucherScanTask - 处理文件：A23_20250522_800000_104_return.txt
2025-05-23 10:43:00.028 [pool-2-thread-2] INFO  com.paob.tms.task.VoucherScanTask - 文件不存在: A23_20250522_800000_104_return.txt
2025-05-23 10:44:00.016 [pool-2-thread-2] INFO  com.paob.tms.task.VoucherScanTask - 开始扫描凭证文件，文件路径：D:/work/paob_tms1/keys
2025-05-23 10:44:00.034 [pool-2-thread-2] INFO  com.paob.tms.task.VoucherScanTask - 查询到2条待处理的凭证记录
2025-05-23 10:44:00.034 [pool-2-thread-2] INFO  com.paob.tms.task.VoucherScanTask - 按file_index分组后共有1组数据
2025-05-23 10:44:00.034 [pool-2-thread-2] INFO  com.paob.tms.task.VoucherScanTask - 处理文件：A23_20250522_800000_104_return.txt
2025-05-23 10:44:00.037 [pool-2-thread-2] INFO  com.paob.tms.task.VoucherScanTask - 文件不存在: A23_20250522_800000_104_return.txt
2025-05-23 10:45:00.001 [pool-2-thread-2] INFO  com.paob.tms.task.VoucherScanTask - 开始扫描凭证文件，文件路径：D:/work/paob_tms1/keys
2025-05-23 10:45:00.017 [pool-2-thread-2] INFO  com.paob.tms.task.VoucherScanTask - 查询到2条待处理的凭证记录
2025-05-23 10:45:00.017 [pool-2-thread-2] INFO  com.paob.tms.task.VoucherScanTask - 按file_index分组后共有1组数据
2025-05-23 10:45:00.018 [pool-2-thread-2] INFO  com.paob.tms.task.VoucherScanTask - 处理文件：A23_20250522_800000_104_return.txt
2025-05-23 10:45:00.018 [pool-2-thread-2] INFO  com.paob.tms.task.VoucherScanTask - 文件不存在: A23_20250522_800000_104_return.txt
2025-05-23 10:46:00.015 [pool-2-thread-2] INFO  com.paob.tms.task.VoucherScanTask - 开始扫描凭证文件，文件路径：D:/work/paob_tms1/keys
2025-05-23 10:46:00.024 [pool-2-thread-2] INFO  com.paob.tms.task.VoucherScanTask - 查询到2条待处理的凭证记录
2025-05-23 10:46:00.026 [pool-2-thread-2] INFO  com.paob.tms.task.VoucherScanTask - 按file_index分组后共有1组数据
2025-05-23 10:46:00.026 [pool-2-thread-2] INFO  com.paob.tms.task.VoucherScanTask - 处理文件：A23_20250522_800000_104_return.txt
2025-05-23 10:46:00.031 [pool-2-thread-2] INFO  com.paob.tms.task.VoucherScanTask - 文件不存在: A23_20250522_800000_104_return.txt
2025-05-23 10:47:00.014 [pool-2-thread-3] INFO  com.paob.tms.task.VoucherScanTask - 开始扫描凭证文件，文件路径：D:/work/paob_tms1/keys
2025-05-23 10:47:00.033 [pool-2-thread-3] INFO  com.paob.tms.task.VoucherScanTask - 查询到2条待处理的凭证记录
2025-05-23 10:47:00.033 [pool-2-thread-3] INFO  com.paob.tms.task.VoucherScanTask - 按file_index分组后共有1组数据
2025-05-23 10:47:00.035 [pool-2-thread-3] INFO  com.paob.tms.task.VoucherScanTask - 处理文件：A23_20250522_800000_104_return.txt
2025-05-23 10:47:00.037 [pool-2-thread-3] INFO  com.paob.tms.task.VoucherScanTask - 文件不存在: A23_20250522_800000_104_return.txt
2025-05-23 10:48:00.012 [pool-2-thread-3] INFO  com.paob.tms.task.VoucherScanTask - 开始扫描凭证文件，文件路径：D:/work/paob_tms1/keys
2025-05-23 10:48:00.030 [pool-2-thread-3] INFO  com.paob.tms.task.VoucherScanTask - 查询到2条待处理的凭证记录
2025-05-23 10:48:00.030 [pool-2-thread-3] INFO  com.paob.tms.task.VoucherScanTask - 按file_index分组后共有1组数据
2025-05-23 10:48:00.030 [pool-2-thread-3] INFO  com.paob.tms.task.VoucherScanTask - 处理文件：A23_20250522_800000_104_return.txt
2025-05-23 10:48:00.032 [pool-2-thread-3] INFO  com.paob.tms.task.VoucherScanTask - 文件不存在: A23_20250522_800000_104_return.txt
2025-05-23 10:49:00.003 [pool-2-thread-3] INFO  com.paob.tms.task.VoucherScanTask - 开始扫描凭证文件，文件路径：D:/work/paob_tms1/keys
2025-05-23 10:49:00.018 [pool-2-thread-3] INFO  com.paob.tms.task.VoucherScanTask - 查询到2条待处理的凭证记录
2025-05-23 10:49:00.018 [pool-2-thread-3] INFO  com.paob.tms.task.VoucherScanTask - 按file_index分组后共有1组数据
2025-05-23 10:49:00.019 [pool-2-thread-3] INFO  com.paob.tms.task.VoucherScanTask - 处理文件：A23_20250522_800000_104_return.txt
2025-05-23 10:49:00.019 [pool-2-thread-3] INFO  com.paob.tms.task.VoucherScanTask - 文件不存在: A23_20250522_800000_104_return.txt
2025-05-23 10:50:00.009 [pool-2-thread-3] INFO  com.paob.tms.task.VoucherScanTask - 开始扫描凭证文件，文件路径：D:/work/paob_tms1/keys
2025-05-23 10:50:00.029 [pool-2-thread-3] INFO  com.paob.tms.task.VoucherScanTask - 查询到2条待处理的凭证记录
2025-05-23 10:50:00.029 [pool-2-thread-3] INFO  com.paob.tms.task.VoucherScanTask - 按file_index分组后共有1组数据
2025-05-23 10:50:00.030 [pool-2-thread-3] INFO  com.paob.tms.task.VoucherScanTask - 处理文件：A23_20250522_800000_104_return.txt
2025-05-23 10:50:00.030 [pool-2-thread-3] INFO  com.paob.tms.task.VoucherScanTask - 文件不存在: A23_20250522_800000_104_return.txt
2025-05-23 10:51:00.000 [pool-2-thread-2] INFO  com.paob.tms.task.VoucherScanTask - 开始扫描凭证文件，文件路径：D:/work/paob_tms1/keys
2025-05-23 10:51:00.017 [pool-2-thread-2] INFO  com.paob.tms.task.VoucherScanTask - 查询到2条待处理的凭证记录
2025-05-23 10:51:00.017 [pool-2-thread-2] INFO  com.paob.tms.task.VoucherScanTask - 按file_index分组后共有1组数据
2025-05-23 10:51:00.017 [pool-2-thread-2] INFO  com.paob.tms.task.VoucherScanTask - 处理文件：A23_20250522_800000_104_return.txt
2025-05-23 10:51:00.021 [pool-2-thread-2] INFO  com.paob.tms.task.VoucherScanTask - 文件不存在: A23_20250522_800000_104_return.txt
2025-05-23 10:52:00.005 [pool-2-thread-2] INFO  com.paob.tms.task.VoucherScanTask - 开始扫描凭证文件，文件路径：D:/work/paob_tms1/keys
2025-05-23 10:52:00.021 [pool-2-thread-2] INFO  com.paob.tms.task.VoucherScanTask - 查询到2条待处理的凭证记录
2025-05-23 10:52:00.024 [pool-2-thread-2] INFO  com.paob.tms.task.VoucherScanTask - 按file_index分组后共有1组数据
2025-05-23 10:52:00.024 [pool-2-thread-2] INFO  com.paob.tms.task.VoucherScanTask - 处理文件：A23_20250522_800000_104_return.txt
2025-05-23 10:52:00.024 [pool-2-thread-2] INFO  com.paob.tms.task.VoucherScanTask - 文件不存在: A23_20250522_800000_104_return.txt
2025-05-23 10:53:00.003 [pool-2-thread-2] INFO  com.paob.tms.task.VoucherScanTask - 开始扫描凭证文件，文件路径：D:/work/paob_tms1/keys
2025-05-23 10:53:00.020 [pool-2-thread-2] INFO  com.paob.tms.task.VoucherScanTask - 查询到2条待处理的凭证记录
2025-05-23 10:53:00.022 [pool-2-thread-2] INFO  com.paob.tms.task.VoucherScanTask - 按file_index分组后共有1组数据
2025-05-23 10:53:00.022 [pool-2-thread-2] INFO  com.paob.tms.task.VoucherScanTask - 处理文件：A23_20250522_800000_104_return.txt
2025-05-23 10:53:00.023 [pool-2-thread-2] INFO  com.paob.tms.task.VoucherScanTask - 文件不存在: A23_20250522_800000_104_return.txt
2025-05-23 10:54:00.009 [pool-2-thread-2] INFO  com.paob.tms.task.VoucherScanTask - 开始扫描凭证文件，文件路径：D:/work/paob_tms1/keys
2025-05-23 10:54:00.028 [pool-2-thread-2] INFO  com.paob.tms.task.VoucherScanTask - 查询到2条待处理的凭证记录
2025-05-23 10:54:00.030 [pool-2-thread-2] INFO  com.paob.tms.task.VoucherScanTask - 按file_index分组后共有1组数据
2025-05-23 10:54:00.030 [pool-2-thread-2] INFO  com.paob.tms.task.VoucherScanTask - 处理文件：A23_20250522_800000_104_return.txt
2025-05-23 10:54:00.030 [pool-2-thread-2] INFO  com.paob.tms.task.VoucherScanTask - 文件不存在: A23_20250522_800000_104_return.txt
2025-05-23 10:55:00.006 [pool-2-thread-2] INFO  com.paob.tms.task.VoucherScanTask - 开始扫描凭证文件，文件路径：D:/work/paob_tms1/keys
2025-05-23 10:55:00.023 [pool-2-thread-2] INFO  com.paob.tms.task.VoucherScanTask - 查询到2条待处理的凭证记录
2025-05-23 10:55:00.023 [pool-2-thread-2] INFO  com.paob.tms.task.VoucherScanTask - 按file_index分组后共有1组数据
2025-05-23 10:55:00.023 [pool-2-thread-2] INFO  com.paob.tms.task.VoucherScanTask - 处理文件：A23_20250522_800000_104_return.txt
2025-05-23 10:55:00.027 [pool-2-thread-2] INFO  com.paob.tms.task.VoucherScanTask - 文件不存在: A23_20250522_800000_104_return.txt
2025-05-23 10:56:00.002 [pool-2-thread-2] INFO  com.paob.tms.task.VoucherScanTask - 开始扫描凭证文件，文件路径：D:/work/paob_tms1/keys
2025-05-23 10:56:00.012 [pool-2-thread-2] INFO  com.paob.tms.task.VoucherScanTask - 查询到2条待处理的凭证记录
2025-05-23 10:56:00.012 [pool-2-thread-2] INFO  com.paob.tms.task.VoucherScanTask - 按file_index分组后共有1组数据
2025-05-23 10:56:00.012 [pool-2-thread-2] INFO  com.paob.tms.task.VoucherScanTask - 处理文件：A23_20250522_800000_104_return.txt
2025-05-23 10:56:00.014 [pool-2-thread-2] INFO  com.paob.tms.task.VoucherScanTask - 文件不存在: A23_20250522_800000_104_return.txt
2025-05-23 10:57:00.007 [pool-2-thread-2] INFO  com.paob.tms.task.VoucherScanTask - 开始扫描凭证文件，文件路径：D:/work/paob_tms1/keys
2025-05-23 10:57:00.027 [pool-2-thread-2] INFO  com.paob.tms.task.VoucherScanTask - 查询到2条待处理的凭证记录
2025-05-23 10:57:00.029 [pool-2-thread-2] INFO  com.paob.tms.task.VoucherScanTask - 按file_index分组后共有1组数据
2025-05-23 10:57:00.029 [pool-2-thread-2] INFO  com.paob.tms.task.VoucherScanTask - 处理文件：A23_20250522_800000_104_return.txt
2025-05-23 10:57:00.031 [pool-2-thread-2] INFO  com.paob.tms.task.VoucherScanTask - 文件不存在: A23_20250522_800000_104_return.txt
2025-05-23 10:58:00.001 [pool-2-thread-2] INFO  com.paob.tms.task.VoucherScanTask - 开始扫描凭证文件，文件路径：D:/work/paob_tms1/keys
2025-05-23 10:58:00.020 [pool-2-thread-2] INFO  com.paob.tms.task.VoucherScanTask - 查询到2条待处理的凭证记录
2025-05-23 10:58:00.020 [pool-2-thread-2] INFO  com.paob.tms.task.VoucherScanTask - 按file_index分组后共有1组数据
2025-05-23 10:58:00.020 [pool-2-thread-2] INFO  com.paob.tms.task.VoucherScanTask - 处理文件：A23_20250522_800000_104_return.txt
2025-05-23 10:58:00.022 [pool-2-thread-2] INFO  com.paob.tms.task.VoucherScanTask - 文件不存在: A23_20250522_800000_104_return.txt
2025-05-23 10:59:00.009 [pool-2-thread-2] INFO  com.paob.tms.task.VoucherScanTask - 开始扫描凭证文件，文件路径：D:/work/paob_tms1/keys
2025-05-23 10:59:00.033 [pool-2-thread-2] INFO  com.paob.tms.task.VoucherScanTask - 查询到2条待处理的凭证记录
2025-05-23 10:59:00.033 [pool-2-thread-2] INFO  com.paob.tms.task.VoucherScanTask - 按file_index分组后共有1组数据
2025-05-23 10:59:00.033 [pool-2-thread-2] INFO  com.paob.tms.task.VoucherScanTask - 处理文件：A23_20250522_800000_104_return.txt
2025-05-23 10:59:00.038 [pool-2-thread-2] INFO  com.paob.tms.task.VoucherScanTask - 文件不存在: A23_20250522_800000_104_return.txt
2025-05-23 11:00:00.008 [pool-2-thread-4] INFO  com.paob.tms.task.VoucherScanTask - 开始扫描凭证文件，文件路径：D:/work/paob_tms1/keys
2025-05-23 11:00:00.024 [pool-2-thread-4] INFO  com.paob.tms.task.VoucherScanTask - 查询到2条待处理的凭证记录
2025-05-23 11:00:00.024 [pool-2-thread-4] INFO  com.paob.tms.task.VoucherScanTask - 按file_index分组后共有1组数据
2025-05-23 11:00:00.026 [pool-2-thread-4] INFO  com.paob.tms.task.VoucherScanTask - 处理文件：A23_20250522_800000_104_return.txt
2025-05-23 11:00:00.028 [pool-2-thread-4] INFO  com.paob.tms.task.VoucherScanTask - 文件不存在: A23_20250522_800000_104_return.txt
2025-05-23 11:01:00.007 [pool-2-thread-4] INFO  com.paob.tms.task.VoucherScanTask - 开始扫描凭证文件，文件路径：D:/work/paob_tms1/keys
2025-05-23 11:01:00.015 [pool-2-thread-4] INFO  com.paob.tms.task.VoucherScanTask - 查询到2条待处理的凭证记录
2025-05-23 11:01:00.015 [pool-2-thread-4] INFO  com.paob.tms.task.VoucherScanTask - 按file_index分组后共有1组数据
2025-05-23 11:01:00.015 [pool-2-thread-4] INFO  com.paob.tms.task.VoucherScanTask - 处理文件：A23_20250522_800000_104_return.txt
2025-05-23 11:01:00.017 [pool-2-thread-4] INFO  com.paob.tms.task.VoucherScanTask - 文件不存在: A23_20250522_800000_104_return.txt
2025-05-23 11:02:00.003 [pool-2-thread-4] INFO  com.paob.tms.task.VoucherScanTask - 开始扫描凭证文件，文件路径：D:/work/paob_tms1/keys
2025-05-23 11:02:00.016 [pool-2-thread-4] INFO  com.paob.tms.task.VoucherScanTask - 查询到2条待处理的凭证记录
2025-05-23 11:02:00.019 [pool-2-thread-4] INFO  com.paob.tms.task.VoucherScanTask - 按file_index分组后共有1组数据
2025-05-23 11:02:00.019 [pool-2-thread-4] INFO  com.paob.tms.task.VoucherScanTask - 处理文件：A23_20250522_800000_104_return.txt
2025-05-23 11:02:00.023 [pool-2-thread-4] INFO  com.paob.tms.task.VoucherScanTask - 文件不存在: A23_20250522_800000_104_return.txt
2025-05-23 11:03:00.015 [pool-2-thread-3] INFO  com.paob.tms.task.VoucherScanTask - 开始扫描凭证文件，文件路径：D:/work/paob_tms1/keys
2025-05-23 11:03:00.024 [pool-2-thread-3] INFO  com.paob.tms.task.VoucherScanTask - 查询到2条待处理的凭证记录
2025-05-23 11:03:00.026 [pool-2-thread-3] INFO  com.paob.tms.task.VoucherScanTask - 按file_index分组后共有1组数据
2025-05-23 11:03:00.026 [pool-2-thread-3] INFO  com.paob.tms.task.VoucherScanTask - 处理文件：A23_20250522_800000_104_return.txt
2025-05-23 11:03:00.028 [pool-2-thread-3] INFO  com.paob.tms.task.VoucherScanTask - 文件不存在: A23_20250522_800000_104_return.txt
2025-05-23 11:04:00.014 [pool-2-thread-3] INFO  com.paob.tms.task.VoucherScanTask - 开始扫描凭证文件，文件路径：D:/work/paob_tms1/keys
2025-05-23 11:04:00.030 [pool-2-thread-3] INFO  com.paob.tms.task.VoucherScanTask - 查询到2条待处理的凭证记录
2025-05-23 11:04:00.032 [pool-2-thread-3] INFO  com.paob.tms.task.VoucherScanTask - 按file_index分组后共有1组数据
2025-05-23 11:04:00.032 [pool-2-thread-3] INFO  com.paob.tms.task.VoucherScanTask - 处理文件：A23_20250522_800000_104_return.txt
2025-05-23 11:04:00.032 [pool-2-thread-3] INFO  com.paob.tms.task.VoucherScanTask - 文件不存在: A23_20250522_800000_104_return.txt
2025-05-23 11:05:00.011 [pool-2-thread-1] INFO  com.paob.tms.task.VoucherScanTask - 开始扫描凭证文件，文件路径：D:/work/paob_tms1/keys
2025-05-23 11:05:00.025 [pool-2-thread-1] INFO  com.paob.tms.task.VoucherScanTask - 查询到2条待处理的凭证记录
2025-05-23 11:05:00.025 [pool-2-thread-1] INFO  com.paob.tms.task.VoucherScanTask - 按file_index分组后共有1组数据
2025-05-23 11:05:00.025 [pool-2-thread-1] INFO  com.paob.tms.task.VoucherScanTask - 处理文件：A23_20250522_800000_104_return.txt
2025-05-23 11:05:00.027 [pool-2-thread-1] INFO  com.paob.tms.task.VoucherScanTask - 文件不存在: A23_20250522_800000_104_return.txt
2025-05-23 11:06:00.004 [pool-2-thread-1] INFO  com.paob.tms.task.VoucherScanTask - 开始扫描凭证文件，文件路径：D:/work/paob_tms1/keys
2025-05-23 11:06:00.020 [pool-2-thread-1] INFO  com.paob.tms.task.VoucherScanTask - 查询到2条待处理的凭证记录
2025-05-23 11:06:00.020 [pool-2-thread-1] INFO  com.paob.tms.task.VoucherScanTask - 按file_index分组后共有1组数据
2025-05-23 11:06:00.020 [pool-2-thread-1] INFO  com.paob.tms.task.VoucherScanTask - 处理文件：A23_20250522_800000_104_return.txt
2025-05-23 11:06:00.023 [pool-2-thread-1] INFO  com.paob.tms.task.VoucherScanTask - 文件不存在: A23_20250522_800000_104_return.txt
2025-05-23 11:07:00.014 [pool-2-thread-1] INFO  com.paob.tms.task.VoucherScanTask - 开始扫描凭证文件，文件路径：D:/work/paob_tms1/keys
2025-05-23 11:07:00.030 [pool-2-thread-1] INFO  com.paob.tms.task.VoucherScanTask - 查询到2条待处理的凭证记录
2025-05-23 11:07:00.032 [pool-2-thread-1] INFO  com.paob.tms.task.VoucherScanTask - 按file_index分组后共有1组数据
2025-05-23 11:07:00.038 [pool-2-thread-1] INFO  com.paob.tms.task.VoucherScanTask - 处理文件：A23_20250522_800000_104_return.txt
2025-05-23 11:07:00.040 [pool-2-thread-1] INFO  com.paob.tms.task.VoucherScanTask - 文件不存在: A23_20250522_800000_104_return.txt
2025-05-23 11:08:00.003 [pool-2-thread-1] INFO  com.paob.tms.task.VoucherScanTask - 开始扫描凭证文件，文件路径：D:/work/paob_tms1/keys
2025-05-23 11:08:00.021 [pool-2-thread-1] INFO  com.paob.tms.task.VoucherScanTask - 查询到2条待处理的凭证记录
2025-05-23 11:08:00.021 [pool-2-thread-1] INFO  com.paob.tms.task.VoucherScanTask - 按file_index分组后共有1组数据
2025-05-23 11:08:00.023 [pool-2-thread-1] INFO  com.paob.tms.task.VoucherScanTask - 处理文件：A23_20250522_800000_104_return.txt
2025-05-23 11:08:00.024 [pool-2-thread-1] INFO  com.paob.tms.task.VoucherScanTask - 文件不存在: A23_20250522_800000_104_return.txt
2025-05-23 11:09:00.007 [pool-2-thread-1] INFO  com.paob.tms.task.VoucherScanTask - 开始扫描凭证文件，文件路径：D:/work/paob_tms1/keys
2025-05-23 11:09:00.022 [pool-2-thread-1] INFO  com.paob.tms.task.VoucherScanTask - 查询到2条待处理的凭证记录
2025-05-23 11:09:00.026 [pool-2-thread-1] INFO  com.paob.tms.task.VoucherScanTask - 按file_index分组后共有1组数据
2025-05-23 11:09:00.026 [pool-2-thread-1] INFO  com.paob.tms.task.VoucherScanTask - 处理文件：A23_20250522_800000_104_return.txt
2025-05-23 11:09:00.029 [pool-2-thread-1] INFO  com.paob.tms.task.VoucherScanTask - 文件不存在: A23_20250522_800000_104_return.txt
2025-05-23 11:10:00.008 [pool-2-thread-1] INFO  com.paob.tms.task.VoucherScanTask - 开始扫描凭证文件，文件路径：D:/work/paob_tms1/keys
2025-05-23 11:10:00.018 [pool-2-thread-1] INFO  com.paob.tms.task.VoucherScanTask - 查询到2条待处理的凭证记录
2025-05-23 11:10:00.018 [pool-2-thread-1] INFO  com.paob.tms.task.VoucherScanTask - 按file_index分组后共有1组数据
2025-05-23 11:10:00.018 [pool-2-thread-1] INFO  com.paob.tms.task.VoucherScanTask - 处理文件：A23_20250522_800000_104_return.txt
2025-05-23 11:10:00.022 [pool-2-thread-1] INFO  com.paob.tms.task.VoucherScanTask - 文件不存在: A23_20250522_800000_104_return.txt
2025-05-23 11:11:00.010 [pool-2-thread-4] INFO  com.paob.tms.task.VoucherScanTask - 开始扫描凭证文件，文件路径：D:/work/paob_tms1/keys
2025-05-23 11:11:00.030 [pool-2-thread-4] INFO  com.paob.tms.task.VoucherScanTask - 查询到2条待处理的凭证记录
2025-05-23 11:11:00.030 [pool-2-thread-4] INFO  com.paob.tms.task.VoucherScanTask - 按file_index分组后共有1组数据
2025-05-23 11:11:00.030 [pool-2-thread-4] INFO  com.paob.tms.task.VoucherScanTask - 处理文件：A23_20250522_800000_104_return.txt
2025-05-23 11:11:00.032 [pool-2-thread-4] INFO  com.paob.tms.task.VoucherScanTask - 文件不存在: A23_20250522_800000_104_return.txt
2025-05-23 11:12:00.007 [pool-2-thread-4] INFO  com.paob.tms.task.VoucherScanTask - 开始扫描凭证文件，文件路径：D:/work/paob_tms1/keys
2025-05-23 11:12:00.027 [pool-2-thread-4] INFO  com.paob.tms.task.VoucherScanTask - 查询到2条待处理的凭证记录
2025-05-23 11:12:00.027 [pool-2-thread-4] INFO  com.paob.tms.task.VoucherScanTask - 按file_index分组后共有1组数据
2025-05-23 11:12:00.027 [pool-2-thread-4] INFO  com.paob.tms.task.VoucherScanTask - 处理文件：A23_20250522_800000_104_return.txt
2025-05-23 11:12:00.029 [pool-2-thread-4] INFO  com.paob.tms.task.VoucherScanTask - 文件不存在: A23_20250522_800000_104_return.txt
2025-05-23 11:13:00.014 [pool-2-thread-4] INFO  com.paob.tms.task.VoucherScanTask - 开始扫描凭证文件，文件路径：D:/work/paob_tms1/keys
2025-05-23 11:13:00.027 [pool-2-thread-4] INFO  com.paob.tms.task.VoucherScanTask - 查询到2条待处理的凭证记录
2025-05-23 11:13:00.029 [pool-2-thread-4] INFO  com.paob.tms.task.VoucherScanTask - 按file_index分组后共有1组数据
2025-05-23 11:13:00.029 [pool-2-thread-4] INFO  com.paob.tms.task.VoucherScanTask - 处理文件：A23_20250522_800000_104_return.txt
2025-05-23 11:13:00.030 [pool-2-thread-4] INFO  com.paob.tms.task.VoucherScanTask - 文件不存在: A23_20250522_800000_104_return.txt
2025-05-23 11:14:00.003 [pool-2-thread-4] INFO  com.paob.tms.task.VoucherScanTask - 开始扫描凭证文件，文件路径：D:/work/paob_tms1/keys
2025-05-23 11:14:00.018 [pool-2-thread-4] INFO  com.paob.tms.task.VoucherScanTask - 查询到2条待处理的凭证记录
2025-05-23 11:14:00.018 [pool-2-thread-4] INFO  com.paob.tms.task.VoucherScanTask - 按file_index分组后共有1组数据
2025-05-23 11:14:00.018 [pool-2-thread-4] INFO  com.paob.tms.task.VoucherScanTask - 处理文件：A23_20250522_800000_104_return.txt
2025-05-23 11:14:00.019 [pool-2-thread-4] INFO  com.paob.tms.task.VoucherScanTask - 文件不存在: A23_20250522_800000_104_return.txt
2025-05-23 11:15:00.016 [pool-2-thread-4] INFO  com.paob.tms.task.VoucherScanTask - 开始扫描凭证文件，文件路径：D:/work/paob_tms1/keys
2025-05-23 11:15:00.026 [pool-2-thread-4] INFO  com.paob.tms.task.VoucherScanTask - 查询到2条待处理的凭证记录
2025-05-23 11:15:00.026 [pool-2-thread-4] INFO  com.paob.tms.task.VoucherScanTask - 按file_index分组后共有1组数据
2025-05-23 11:15:00.026 [pool-2-thread-4] INFO  com.paob.tms.task.VoucherScanTask - 处理文件：A23_20250522_800000_104_return.txt
2025-05-23 11:15:00.026 [pool-2-thread-4] INFO  com.paob.tms.task.VoucherScanTask - 文件不存在: A23_20250522_800000_104_return.txt
2025-05-23 11:16:00.003 [pool-2-thread-4] INFO  com.paob.tms.task.VoucherScanTask - 开始扫描凭证文件，文件路径：D:/work/paob_tms1/keys
2025-05-23 11:16:00.007 [pool-2-thread-4] INFO  com.paob.tms.task.VoucherScanTask - 查询到2条待处理的凭证记录
2025-05-23 11:16:00.009 [pool-2-thread-4] INFO  com.paob.tms.task.VoucherScanTask - 按file_index分组后共有1组数据
2025-05-23 11:16:00.009 [pool-2-thread-4] INFO  com.paob.tms.task.VoucherScanTask - 处理文件：A23_20250522_800000_104_return.txt
2025-05-23 11:16:00.009 [pool-2-thread-4] INFO  com.paob.tms.task.VoucherScanTask - 文件不存在: A23_20250522_800000_104_return.txt
2025-05-23 11:17:00.008 [pool-2-thread-4] INFO  com.paob.tms.task.VoucherScanTask - 开始扫描凭证文件，文件路径：D:/work/paob_tms1/keys
2025-05-23 11:17:00.014 [pool-2-thread-4] INFO  com.paob.tms.task.VoucherScanTask - 查询到2条待处理的凭证记录
2025-05-23 11:17:00.014 [pool-2-thread-4] INFO  com.paob.tms.task.VoucherScanTask - 按file_index分组后共有1组数据
2025-05-23 11:17:00.014 [pool-2-thread-4] INFO  com.paob.tms.task.VoucherScanTask - 处理文件：A23_20250522_800000_104_return.txt
2025-05-23 11:17:00.015 [pool-2-thread-4] INFO  com.paob.tms.task.VoucherScanTask - 文件不存在: A23_20250522_800000_104_return.txt
2025-05-23 11:18:00.002 [pool-2-thread-4] INFO  com.paob.tms.task.VoucherScanTask - 开始扫描凭证文件，文件路径：D:/work/paob_tms1/keys
2025-05-23 11:18:00.015 [pool-2-thread-4] INFO  com.paob.tms.task.VoucherScanTask - 查询到2条待处理的凭证记录
2025-05-23 11:18:00.015 [pool-2-thread-4] INFO  com.paob.tms.task.VoucherScanTask - 按file_index分组后共有1组数据
2025-05-23 11:18:00.015 [pool-2-thread-4] INFO  com.paob.tms.task.VoucherScanTask - 处理文件：A23_20250522_800000_104_return.txt
2025-05-23 11:18:00.017 [pool-2-thread-4] INFO  com.paob.tms.task.VoucherScanTask - 文件不存在: A23_20250522_800000_104_return.txt
2025-05-23 11:19:00.001 [pool-2-thread-4] INFO  com.paob.tms.task.VoucherScanTask - 开始扫描凭证文件，文件路径：D:/work/paob_tms1/keys
2025-05-23 11:19:00.014 [pool-2-thread-4] INFO  com.paob.tms.task.VoucherScanTask - 查询到2条待处理的凭证记录
2025-05-23 11:19:00.014 [pool-2-thread-4] INFO  com.paob.tms.task.VoucherScanTask - 按file_index分组后共有1组数据
2025-05-23 11:19:00.014 [pool-2-thread-4] INFO  com.paob.tms.task.VoucherScanTask - 处理文件：A23_20250522_800000_104_return.txt
2025-05-23 11:19:00.014 [pool-2-thread-4] INFO  com.paob.tms.task.VoucherScanTask - 文件不存在: A23_20250522_800000_104_return.txt
2025-05-23 11:20:00.001 [pool-2-thread-4] INFO  com.paob.tms.task.VoucherScanTask - 开始扫描凭证文件，文件路径：D:/work/paob_tms1/keys
2025-05-23 11:20:00.013 [pool-2-thread-4] INFO  com.paob.tms.task.VoucherScanTask - 查询到2条待处理的凭证记录
2025-05-23 11:20:00.013 [pool-2-thread-4] INFO  com.paob.tms.task.VoucherScanTask - 按file_index分组后共有1组数据
2025-05-23 11:20:00.013 [pool-2-thread-4] INFO  com.paob.tms.task.VoucherScanTask - 处理文件：A23_20250522_800000_104_return.txt
2025-05-23 11:20:00.015 [pool-2-thread-4] INFO  com.paob.tms.task.VoucherScanTask - 文件不存在: A23_20250522_800000_104_return.txt
2025-05-23 11:21:00.002 [pool-2-thread-4] INFO  com.paob.tms.task.VoucherScanTask - 开始扫描凭证文件，文件路径：D:/work/paob_tms1/keys
2025-05-23 11:21:00.019 [pool-2-thread-4] INFO  com.paob.tms.task.VoucherScanTask - 查询到2条待处理的凭证记录
2025-05-23 11:21:00.019 [pool-2-thread-4] INFO  com.paob.tms.task.VoucherScanTask - 按file_index分组后共有1组数据
2025-05-23 11:21:00.019 [pool-2-thread-4] INFO  com.paob.tms.task.VoucherScanTask - 处理文件：A23_20250522_800000_104_return.txt
2025-05-23 11:21:00.026 [pool-2-thread-4] INFO  com.paob.tms.task.VoucherScanTask - 文件不存在: A23_20250522_800000_104_return.txt
2025-05-23 11:22:00.002 [pool-2-thread-4] INFO  com.paob.tms.task.VoucherScanTask - 开始扫描凭证文件，文件路径：D:/work/paob_tms1/keys
2025-05-23 11:22:00.012 [pool-2-thread-4] INFO  com.paob.tms.task.VoucherScanTask - 查询到2条待处理的凭证记录
2025-05-23 11:22:00.012 [pool-2-thread-4] INFO  com.paob.tms.task.VoucherScanTask - 按file_index分组后共有1组数据
2025-05-23 11:22:00.012 [pool-2-thread-4] INFO  com.paob.tms.task.VoucherScanTask - 处理文件：A23_20250522_800000_104_return.txt
2025-05-23 11:22:00.014 [pool-2-thread-4] INFO  com.paob.tms.task.VoucherScanTask - 文件不存在: A23_20250522_800000_104_return.txt
2025-05-23 11:23:00.001 [pool-2-thread-4] INFO  com.paob.tms.task.VoucherScanTask - 开始扫描凭证文件，文件路径：D:/work/paob_tms1/keys
2025-05-23 11:23:00.018 [pool-2-thread-4] INFO  com.paob.tms.task.VoucherScanTask - 查询到2条待处理的凭证记录
2025-05-23 11:23:00.018 [pool-2-thread-4] INFO  com.paob.tms.task.VoucherScanTask - 按file_index分组后共有1组数据
2025-05-23 11:23:00.019 [pool-2-thread-4] INFO  com.paob.tms.task.VoucherScanTask - 处理文件：A23_20250522_800000_104_return.txt
2025-05-23 11:23:00.020 [pool-2-thread-4] INFO  com.paob.tms.task.VoucherScanTask - 文件不存在: A23_20250522_800000_104_return.txt
2025-05-23 11:24:00.011 [pool-2-thread-4] INFO  com.paob.tms.task.VoucherScanTask - 开始扫描凭证文件，文件路径：D:/work/paob_tms1/keys
2025-05-23 11:24:00.027 [pool-2-thread-4] INFO  com.paob.tms.task.VoucherScanTask - 查询到2条待处理的凭证记录
2025-05-23 11:24:00.027 [pool-2-thread-4] INFO  com.paob.tms.task.VoucherScanTask - 按file_index分组后共有1组数据
2025-05-23 11:24:00.029 [pool-2-thread-4] INFO  com.paob.tms.task.VoucherScanTask - 处理文件：A23_20250522_800000_104_return.txt
2025-05-23 11:24:00.029 [pool-2-thread-4] INFO  com.paob.tms.task.VoucherScanTask - 文件不存在: A23_20250522_800000_104_return.txt
2025-05-23 11:25:00.015 [pool-2-thread-3] INFO  com.paob.tms.task.VoucherScanTask - 开始扫描凭证文件，文件路径：D:/work/paob_tms1/keys
2025-05-23 11:25:00.032 [pool-2-thread-3] INFO  com.paob.tms.task.VoucherScanTask - 查询到2条待处理的凭证记录
2025-05-23 11:25:00.032 [pool-2-thread-3] INFO  com.paob.tms.task.VoucherScanTask - 按file_index分组后共有1组数据
2025-05-23 11:25:00.032 [pool-2-thread-3] INFO  com.paob.tms.task.VoucherScanTask - 处理文件：A23_20250522_800000_104_return.txt
2025-05-23 11:25:00.032 [pool-2-thread-3] INFO  com.paob.tms.task.VoucherScanTask - 文件不存在: A23_20250522_800000_104_return.txt
2025-05-23 11:26:00.019 [pool-2-thread-3] INFO  com.paob.tms.task.VoucherScanTask - 开始扫描凭证文件，文件路径：D:/work/paob_tms1/keys
2025-05-23 11:26:00.028 [pool-2-thread-3] INFO  com.paob.tms.task.VoucherScanTask - 查询到2条待处理的凭证记录
2025-05-23 11:26:00.030 [pool-2-thread-3] INFO  com.paob.tms.task.VoucherScanTask - 按file_index分组后共有1组数据
2025-05-23 11:26:00.030 [pool-2-thread-3] INFO  com.paob.tms.task.VoucherScanTask - 处理文件：A23_20250522_800000_104_return.txt
2025-05-23 11:26:00.032 [pool-2-thread-3] INFO  com.paob.tms.task.VoucherScanTask - 文件不存在: A23_20250522_800000_104_return.txt
2025-05-23 11:27:00.016 [pool-2-thread-3] INFO  com.paob.tms.task.VoucherScanTask - 开始扫描凭证文件，文件路径：D:/work/paob_tms1/keys
2025-05-23 11:27:00.024 [pool-2-thread-3] INFO  com.paob.tms.task.VoucherScanTask - 查询到2条待处理的凭证记录
2025-05-23 11:27:00.024 [pool-2-thread-3] INFO  com.paob.tms.task.VoucherScanTask - 按file_index分组后共有1组数据
2025-05-23 11:27:00.024 [pool-2-thread-3] INFO  com.paob.tms.task.VoucherScanTask - 处理文件：A23_20250522_800000_104_return.txt
2025-05-23 11:27:00.025 [pool-2-thread-3] INFO  com.paob.tms.task.VoucherScanTask - 文件不存在: A23_20250522_800000_104_return.txt
2025-05-23 11:28:00.016 [pool-2-thread-3] INFO  com.paob.tms.task.VoucherScanTask - 开始扫描凭证文件，文件路径：D:/work/paob_tms1/keys
2025-05-23 11:28:00.027 [pool-2-thread-3] INFO  com.paob.tms.task.VoucherScanTask - 查询到2条待处理的凭证记录
2025-05-23 11:28:00.027 [pool-2-thread-3] INFO  com.paob.tms.task.VoucherScanTask - 按file_index分组后共有1组数据
2025-05-23 11:28:00.027 [pool-2-thread-3] INFO  com.paob.tms.task.VoucherScanTask - 处理文件：A23_20250522_800000_104_return.txt
2025-05-23 11:28:00.027 [pool-2-thread-3] INFO  com.paob.tms.task.VoucherScanTask - 文件不存在: A23_20250522_800000_104_return.txt
2025-05-23 11:29:00.007 [pool-2-thread-3] INFO  com.paob.tms.task.VoucherScanTask - 开始扫描凭证文件，文件路径：D:/work/paob_tms1/keys
2025-05-23 11:29:00.023 [pool-2-thread-3] INFO  com.paob.tms.task.VoucherScanTask - 查询到2条待处理的凭证记录
2025-05-23 11:29:00.023 [pool-2-thread-3] INFO  com.paob.tms.task.VoucherScanTask - 按file_index分组后共有1组数据
2025-05-23 11:29:00.023 [pool-2-thread-3] INFO  com.paob.tms.task.VoucherScanTask - 处理文件：A23_20250522_800000_104_return.txt
2025-05-23 11:29:00.025 [pool-2-thread-3] INFO  com.paob.tms.task.VoucherScanTask - 文件不存在: A23_20250522_800000_104_return.txt
2025-05-23 11:30:00.004 [pool-2-thread-3] INFO  com.paob.tms.task.VoucherScanTask - 开始扫描凭证文件，文件路径：D:/work/paob_tms1/keys
2025-05-23 11:30:00.024 [pool-2-thread-3] INFO  com.paob.tms.task.VoucherScanTask - 查询到2条待处理的凭证记录
2025-05-23 11:30:00.024 [pool-2-thread-3] INFO  com.paob.tms.task.VoucherScanTask - 按file_index分组后共有1组数据
2025-05-23 11:30:00.024 [pool-2-thread-3] INFO  com.paob.tms.task.VoucherScanTask - 处理文件：A23_20250522_800000_104_return.txt
2025-05-23 11:30:00.026 [pool-2-thread-3] INFO  com.paob.tms.task.VoucherScanTask - 文件不存在: A23_20250522_800000_104_return.txt
2025-05-23 11:31:00.000 [pool-2-thread-3] INFO  com.paob.tms.task.VoucherScanTask - 开始扫描凭证文件，文件路径：D:/work/paob_tms1/keys
2025-05-23 11:31:00.015 [pool-2-thread-3] INFO  com.paob.tms.task.VoucherScanTask - 查询到2条待处理的凭证记录
2025-05-23 11:31:00.015 [pool-2-thread-3] INFO  com.paob.tms.task.VoucherScanTask - 按file_index分组后共有1组数据
2025-05-23 11:31:00.016 [pool-2-thread-3] INFO  com.paob.tms.task.VoucherScanTask - 处理文件：A23_20250522_800000_104_return.txt
2025-05-23 11:31:00.016 [pool-2-thread-3] INFO  com.paob.tms.task.VoucherScanTask - 文件不存在: A23_20250522_800000_104_return.txt
2025-05-23 11:32:00.012 [pool-2-thread-3] INFO  com.paob.tms.task.VoucherScanTask - 开始扫描凭证文件，文件路径：D:/work/paob_tms1/keys
2025-05-23 11:32:00.028 [pool-2-thread-3] INFO  com.paob.tms.task.VoucherScanTask - 查询到2条待处理的凭证记录
2025-05-23 11:32:00.028 [pool-2-thread-3] INFO  com.paob.tms.task.VoucherScanTask - 按file_index分组后共有1组数据
2025-05-23 11:32:00.029 [pool-2-thread-3] INFO  com.paob.tms.task.VoucherScanTask - 处理文件：A23_20250522_800000_104_return.txt
2025-05-23 11:32:00.030 [pool-2-thread-3] INFO  com.paob.tms.task.VoucherScanTask - 文件不存在: A23_20250522_800000_104_return.txt
2025-05-23 11:33:00.004 [pool-2-thread-3] INFO  com.paob.tms.task.VoucherScanTask - 开始扫描凭证文件，文件路径：D:/work/paob_tms1/keys
2025-05-23 11:33:00.013 [pool-2-thread-3] INFO  com.paob.tms.task.VoucherScanTask - 查询到2条待处理的凭证记录
2025-05-23 11:33:00.013 [pool-2-thread-3] INFO  com.paob.tms.task.VoucherScanTask - 按file_index分组后共有1组数据
2025-05-23 11:33:00.014 [pool-2-thread-3] INFO  com.paob.tms.task.VoucherScanTask - 处理文件：A23_20250522_800000_104_return.txt
2025-05-23 11:33:00.016 [pool-2-thread-3] INFO  com.paob.tms.task.VoucherScanTask - 文件不存在: A23_20250522_800000_104_return.txt
2025-05-23 11:34:00.004 [pool-2-thread-3] INFO  com.paob.tms.task.VoucherScanTask - 开始扫描凭证文件，文件路径：D:/work/paob_tms1/keys
2025-05-23 11:34:00.011 [pool-2-thread-3] INFO  com.paob.tms.task.VoucherScanTask - 查询到2条待处理的凭证记录
2025-05-23 11:34:00.011 [pool-2-thread-3] INFO  com.paob.tms.task.VoucherScanTask - 按file_index分组后共有1组数据
2025-05-23 11:34:00.011 [pool-2-thread-3] INFO  com.paob.tms.task.VoucherScanTask - 处理文件：A23_20250522_800000_104_return.txt
2025-05-23 11:34:00.013 [pool-2-thread-3] INFO  com.paob.tms.task.VoucherScanTask - 文件不存在: A23_20250522_800000_104_return.txt
2025-05-23 11:35:00.003 [pool-2-thread-3] INFO  com.paob.tms.task.VoucherScanTask - 开始扫描凭证文件，文件路径：D:/work/paob_tms1/keys
2025-05-23 11:35:00.020 [pool-2-thread-3] INFO  com.paob.tms.task.VoucherScanTask - 查询到2条待处理的凭证记录
2025-05-23 11:35:00.020 [pool-2-thread-3] INFO  com.paob.tms.task.VoucherScanTask - 按file_index分组后共有1组数据
2025-05-23 11:35:00.020 [pool-2-thread-3] INFO  com.paob.tms.task.VoucherScanTask - 处理文件：A23_20250522_800000_104_return.txt
2025-05-23 11:35:00.020 [pool-2-thread-3] INFO  com.paob.tms.task.VoucherScanTask - 文件不存在: A23_20250522_800000_104_return.txt
2025-05-23 11:36:00.013 [pool-2-thread-3] INFO  com.paob.tms.task.VoucherScanTask - 开始扫描凭证文件，文件路径：D:/work/paob_tms1/keys
2025-05-23 11:36:00.024 [pool-2-thread-3] INFO  com.paob.tms.task.VoucherScanTask - 查询到2条待处理的凭证记录
2025-05-23 11:36:00.024 [pool-2-thread-3] INFO  com.paob.tms.task.VoucherScanTask - 按file_index分组后共有1组数据
2025-05-23 11:36:00.024 [pool-2-thread-3] INFO  com.paob.tms.task.VoucherScanTask - 处理文件：A23_20250522_800000_104_return.txt
2025-05-23 11:36:00.027 [pool-2-thread-3] INFO  com.paob.tms.task.VoucherScanTask - 文件不存在: A23_20250522_800000_104_return.txt
2025-05-23 11:37:00.014 [pool-2-thread-3] INFO  com.paob.tms.task.VoucherScanTask - 开始扫描凭证文件，文件路径：D:/work/paob_tms1/keys
2025-05-23 11:37:00.021 [pool-2-thread-3] INFO  com.paob.tms.task.VoucherScanTask - 查询到2条待处理的凭证记录
2025-05-23 11:37:00.021 [pool-2-thread-3] INFO  com.paob.tms.task.VoucherScanTask - 按file_index分组后共有1组数据
2025-05-23 11:37:00.021 [pool-2-thread-3] INFO  com.paob.tms.task.VoucherScanTask - 处理文件：A23_20250522_800000_104_return.txt
2025-05-23 11:37:00.022 [pool-2-thread-3] INFO  com.paob.tms.task.VoucherScanTask - 文件不存在: A23_20250522_800000_104_return.txt
2025-05-23 11:38:00.010 [pool-2-thread-3] INFO  com.paob.tms.task.VoucherScanTask - 开始扫描凭证文件，文件路径：D:/work/paob_tms1/keys
2025-05-23 11:38:00.023 [pool-2-thread-3] INFO  com.paob.tms.task.VoucherScanTask - 查询到2条待处理的凭证记录
2025-05-23 11:38:00.023 [pool-2-thread-3] INFO  com.paob.tms.task.VoucherScanTask - 按file_index分组后共有1组数据
2025-05-23 11:38:00.023 [pool-2-thread-3] INFO  com.paob.tms.task.VoucherScanTask - 处理文件：A23_20250522_800000_104_return.txt
2025-05-23 11:38:00.028 [pool-2-thread-3] INFO  com.paob.tms.task.VoucherScanTask - 文件不存在: A23_20250522_800000_104_return.txt
2025-05-23 11:39:00.016 [pool-2-thread-3] INFO  com.paob.tms.task.VoucherScanTask - 开始扫描凭证文件，文件路径：D:/work/paob_tms1/keys
2025-05-23 11:39:00.096 [pool-2-thread-3] INFO  com.paob.tms.task.VoucherScanTask - 查询到2条待处理的凭证记录
2025-05-23 11:39:00.096 [pool-2-thread-3] INFO  com.paob.tms.task.VoucherScanTask - 按file_index分组后共有1组数据
2025-05-23 11:39:00.096 [pool-2-thread-3] INFO  com.paob.tms.task.VoucherScanTask - 处理文件：A23_20250522_800000_104_return.txt
2025-05-23 11:39:00.096 [pool-2-thread-3] INFO  com.paob.tms.task.VoucherScanTask - 文件不存在: A23_20250522_800000_104_return.txt
2025-05-23 11:40:00.003 [pool-2-thread-3] INFO  com.paob.tms.task.VoucherScanTask - 开始扫描凭证文件，文件路径：D:/work/paob_tms1/keys
2025-05-23 11:40:00.016 [pool-2-thread-3] INFO  com.paob.tms.task.VoucherScanTask - 查询到2条待处理的凭证记录
2025-05-23 11:40:00.016 [pool-2-thread-3] INFO  com.paob.tms.task.VoucherScanTask - 按file_index分组后共有1组数据
2025-05-23 11:40:00.016 [pool-2-thread-3] INFO  com.paob.tms.task.VoucherScanTask - 处理文件：A23_20250522_800000_104_return.txt
2025-05-23 11:40:00.016 [pool-2-thread-3] INFO  com.paob.tms.task.VoucherScanTask - 文件不存在: A23_20250522_800000_104_return.txt
2025-05-23 11:41:00.003 [pool-2-thread-3] INFO  com.paob.tms.task.VoucherScanTask - 开始扫描凭证文件，文件路径：D:/work/paob_tms1/keys
2025-05-23 11:41:00.014 [pool-2-thread-3] INFO  com.paob.tms.task.VoucherScanTask - 查询到2条待处理的凭证记录
2025-05-23 11:41:00.014 [pool-2-thread-3] INFO  com.paob.tms.task.VoucherScanTask - 按file_index分组后共有1组数据
2025-05-23 11:41:00.014 [pool-2-thread-3] INFO  com.paob.tms.task.VoucherScanTask - 处理文件：A23_20250522_800000_104_return.txt
2025-05-23 11:41:00.015 [pool-2-thread-3] INFO  com.paob.tms.task.VoucherScanTask - 文件不存在: A23_20250522_800000_104_return.txt
2025-05-23 11:42:00.007 [pool-2-thread-3] INFO  com.paob.tms.task.VoucherScanTask - 开始扫描凭证文件，文件路径：D:/work/paob_tms1/keys
2025-05-23 11:42:00.019 [pool-2-thread-3] INFO  com.paob.tms.task.VoucherScanTask - 查询到2条待处理的凭证记录
2025-05-23 11:42:00.019 [pool-2-thread-3] INFO  com.paob.tms.task.VoucherScanTask - 按file_index分组后共有1组数据
2025-05-23 11:42:00.019 [pool-2-thread-3] INFO  com.paob.tms.task.VoucherScanTask - 处理文件：A23_20250522_800000_104_return.txt
2025-05-23 11:42:00.019 [pool-2-thread-3] INFO  com.paob.tms.task.VoucherScanTask - 文件不存在: A23_20250522_800000_104_return.txt
2025-05-23 11:43:00.014 [pool-2-thread-3] INFO  com.paob.tms.task.VoucherScanTask - 开始扫描凭证文件，文件路径：D:/work/paob_tms1/keys
2025-05-23 11:43:00.033 [pool-2-thread-3] INFO  com.paob.tms.task.VoucherScanTask - 查询到2条待处理的凭证记录
2025-05-23 11:43:00.033 [pool-2-thread-3] INFO  com.paob.tms.task.VoucherScanTask - 按file_index分组后共有1组数据
2025-05-23 11:43:00.033 [pool-2-thread-3] INFO  com.paob.tms.task.VoucherScanTask - 处理文件：A23_20250522_800000_104_return.txt
2025-05-23 11:43:00.036 [pool-2-thread-3] INFO  com.paob.tms.task.VoucherScanTask - 文件不存在: A23_20250522_800000_104_return.txt
2025-05-23 11:44:00.005 [pool-2-thread-3] INFO  com.paob.tms.task.VoucherScanTask - 开始扫描凭证文件，文件路径：D:/work/paob_tms1/keys
2025-05-23 11:44:00.112 [pool-2-thread-3] INFO  com.paob.tms.task.VoucherScanTask - 查询到2条待处理的凭证记录
2025-05-23 11:44:00.112 [pool-2-thread-3] INFO  com.paob.tms.task.VoucherScanTask - 按file_index分组后共有1组数据
2025-05-23 11:44:00.112 [pool-2-thread-3] INFO  com.paob.tms.task.VoucherScanTask - 处理文件：A23_20250522_800000_104_return.txt
2025-05-23 11:44:00.113 [pool-2-thread-3] INFO  com.paob.tms.task.VoucherScanTask - 文件不存在: A23_20250522_800000_104_return.txt
2025-05-23 11:44:58.477 [pool-2-thread-3] INFO  com.paob.tms.task.VoucherScanTask - 开始扫描凭证文件，文件路径：D:/work/paob_tms1/keys
2025-05-23 11:44:58.504 [pool-2-thread-3] INFO  com.paob.tms.task.VoucherScanTask - 查询到2条待处理的凭证记录
2025-05-23 11:44:58.504 [pool-2-thread-3] INFO  com.paob.tms.task.VoucherScanTask - 按file_index分组后共有1组数据
2025-05-23 11:44:58.504 [pool-2-thread-3] INFO  com.paob.tms.task.VoucherScanTask - 处理文件：A23_20250522_800000_104_return.txt
2025-05-23 11:44:58.506 [pool-2-thread-3] INFO  com.paob.tms.task.VoucherScanTask - 文件不存在: A23_20250522_800000_104_return.txt
2025-05-23 11:46:00.010 [pool-2-thread-3] INFO  com.paob.tms.task.VoucherScanTask - 开始扫描凭证文件，文件路径：D:/work/paob_tms1/keys
2025-05-23 11:46:00.028 [pool-2-thread-3] INFO  com.paob.tms.task.VoucherScanTask - 查询到2条待处理的凭证记录
2025-05-23 11:46:00.028 [pool-2-thread-3] INFO  com.paob.tms.task.VoucherScanTask - 按file_index分组后共有1组数据
2025-05-23 11:46:00.028 [pool-2-thread-3] INFO  com.paob.tms.task.VoucherScanTask - 处理文件：A23_20250522_800000_104_return.txt
2025-05-23 11:46:00.028 [pool-2-thread-3] INFO  com.paob.tms.task.VoucherScanTask - 文件不存在: A23_20250522_800000_104_return.txt
2025-05-23 11:47:00.011 [pool-2-thread-3] INFO  com.paob.tms.task.VoucherScanTask - 开始扫描凭证文件，文件路径：D:/work/paob_tms1/keys
2025-05-23 11:47:00.011 [pool-2-thread-3] INFO  com.paob.tms.task.VoucherScanTask - 查询到2条待处理的凭证记录
2025-05-23 11:47:00.011 [pool-2-thread-3] INFO  com.paob.tms.task.VoucherScanTask - 按file_index分组后共有1组数据
2025-05-23 11:47:00.011 [pool-2-thread-3] INFO  com.paob.tms.task.VoucherScanTask - 处理文件：A23_20250522_800000_104_return.txt
2025-05-23 11:47:00.011 [pool-2-thread-3] INFO  com.paob.tms.task.VoucherScanTask - 文件不存在: A23_20250522_800000_104_return.txt
2025-05-23 11:48:00.016 [pool-2-thread-3] INFO  com.paob.tms.task.VoucherScanTask - 开始扫描凭证文件，文件路径：D:/work/paob_tms1/keys
2025-05-23 11:48:00.021 [pool-2-thread-3] INFO  com.paob.tms.task.VoucherScanTask - 查询到2条待处理的凭证记录
2025-05-23 11:48:00.021 [pool-2-thread-3] INFO  com.paob.tms.task.VoucherScanTask - 按file_index分组后共有1组数据
2025-05-23 11:48:00.021 [pool-2-thread-3] INFO  com.paob.tms.task.VoucherScanTask - 处理文件：A23_20250522_800000_104_return.txt
2025-05-23 11:48:00.021 [pool-2-thread-3] INFO  com.paob.tms.task.VoucherScanTask - 文件不存在: A23_20250522_800000_104_return.txt
2025-05-23 11:49:00.007 [pool-2-thread-3] INFO  com.paob.tms.task.VoucherScanTask - 开始扫描凭证文件，文件路径：D:/work/paob_tms1/keys
2025-05-23 11:49:00.024 [pool-2-thread-3] INFO  com.paob.tms.task.VoucherScanTask - 查询到2条待处理的凭证记录
2025-05-23 11:49:00.024 [pool-2-thread-3] INFO  com.paob.tms.task.VoucherScanTask - 按file_index分组后共有1组数据
2025-05-23 11:49:00.024 [pool-2-thread-3] INFO  com.paob.tms.task.VoucherScanTask - 处理文件：A23_20250522_800000_104_return.txt
2025-05-23 11:49:00.024 [pool-2-thread-3] INFO  com.paob.tms.task.VoucherScanTask - 文件不存在: A23_20250522_800000_104_return.txt
2025-05-23 11:50:00.014 [pool-2-thread-3] INFO  com.paob.tms.task.VoucherScanTask - 开始扫描凭证文件，文件路径：D:/work/paob_tms1/keys
2025-05-23 11:50:00.024 [pool-2-thread-3] INFO  com.paob.tms.task.VoucherScanTask - 查询到2条待处理的凭证记录
2025-05-23 11:50:00.024 [pool-2-thread-3] INFO  com.paob.tms.task.VoucherScanTask - 按file_index分组后共有1组数据
2025-05-23 11:50:00.024 [pool-2-thread-3] INFO  com.paob.tms.task.VoucherScanTask - 处理文件：A23_20250522_800000_104_return.txt
2025-05-23 11:50:00.024 [pool-2-thread-3] INFO  com.paob.tms.task.VoucherScanTask - 文件不存在: A23_20250522_800000_104_return.txt
2025-05-23 11:51:00.004 [pool-2-thread-3] INFO  com.paob.tms.task.VoucherScanTask - 开始扫描凭证文件，文件路径：D:/work/paob_tms1/keys
2025-05-23 11:51:00.004 [pool-2-thread-3] INFO  com.paob.tms.task.VoucherScanTask - 查询到2条待处理的凭证记录
2025-05-23 11:51:00.004 [pool-2-thread-3] INFO  com.paob.tms.task.VoucherScanTask - 按file_index分组后共有1组数据
2025-05-23 11:51:00.004 [pool-2-thread-3] INFO  com.paob.tms.task.VoucherScanTask - 处理文件：A23_20250522_800000_104_return.txt
2025-05-23 11:51:00.004 [pool-2-thread-3] INFO  com.paob.tms.task.VoucherScanTask - 文件不存在: A23_20250522_800000_104_return.txt
2025-05-23 11:51:56.532 [SpringApplicationShutdownHook] INFO  com.zaxxer.hikari.HikariDataSource - HikariPool-1 - Shutdown initiated...
2025-05-23 11:51:56.583 [SpringApplicationShutdownHook] INFO  com.zaxxer.hikari.HikariDataSource - HikariPool-1 - Shutdown completed.
2025-05-23 13:45:39.726 [background-preinit] INFO  o.h.validator.internal.util.Version - HV000001: Hibernate Validator 8.0.0.Final
2025-05-23 13:45:40.086 [main] INFO  com.paob.tms.TmsApplication - Starting TmsApplication using Java 17.0.0.1 with PID 25752 (D:\work\paob_tms1\target\classes started by wangxiaowen in D:\work\paob_tms1)
2025-05-23 13:45:40.087 [main] DEBUG com.paob.tms.TmsApplication - Running with Spring Boot v3.1.0, Spring v6.0.9
2025-05-23 13:45:40.089 [main] INFO  com.paob.tms.TmsApplication - The following 1 profile is active: "dev"
2025-05-23 13:45:46.363 [main] INFO  o.s.b.w.e.tomcat.TomcatWebServer - Tomcat initialized with port(s): 8080 (http)
2025-05-23 13:45:46.391 [main] INFO  o.a.coyote.http11.Http11NioProtocol - Initializing ProtocolHandler ["http-nio-8080"]
2025-05-23 13:45:46.391 [main] INFO  o.a.catalina.core.StandardService - Starting service [Tomcat]
2025-05-23 13:45:46.393 [main] INFO  o.a.catalina.core.StandardEngine - Starting Servlet engine: [Apache Tomcat/10.1.8]
2025-05-23 13:45:46.721 [main] INFO  o.a.c.c.C.[Tomcat].[localhost].[/] - Initializing Spring embedded WebApplicationContext
2025-05-23 13:45:46.728 [main] INFO  o.s.b.w.s.c.ServletWebServerApplicationContext - Root WebApplicationContext: initialization completed in 6156 ms
2025-05-23 13:45:48.448 [main] WARN  c.b.m.c.injector.DefaultSqlInjector - class com.paob.tms.model.FpsDwRepo ,Not found @TableId annotation, Cannot use Mybatis-Plus 'xxById' Method.
2025-05-23 13:45:48.487 [main] WARN  c.b.m.c.injector.DefaultSqlInjector - class com.paob.tms.model.RiskMonitoring ,Not found @TableId annotation, Cannot use Mybatis-Plus 'xxById' Method.
2025-05-23 13:45:48.568 [main] WARN  c.b.m.c.injector.DefaultSqlInjector - class com.paob.tms.dto.resp.SelectOptionResp ,Not found @TableId annotation, Cannot use Mybatis-Plus 'xxById' Method.
2025-05-23 13:45:48.614 [main] WARN  c.b.m.c.injector.DefaultSqlInjector - class com.paob.tms.dto.resp.SubjectBalanceDetailResp ,Not found @TableId annotation, Cannot use Mybatis-Plus 'xxById' Method.
2025-05-23 13:45:49.235 [main] WARN  c.b.m.c.injector.DefaultSqlInjector - class com.paob.tms.model.TmsSubjectBalance ,Not found @TableId annotation, Cannot use Mybatis-Plus 'xxById' Method.
2025-05-23 13:45:50.215 [main] WARN  c.b.m.c.injector.DefaultSqlInjector - class com.paob.tms.model.TmsDailyRate ,Not found @TableId annotation, Cannot use Mybatis-Plus 'xxById' Method.
2025-05-23 13:45:50.639 [main] WARN  o.s.b.a.s.s.UserDetailsServiceAutoConfiguration - 

Using generated security password: 13886694-53f1-4557-bace-d1f4e40c8ab2

This generated password is for development use only. Your security configuration must be updated before running your application in production.

2025-05-23 13:45:51.968 [main] INFO  o.s.s.web.DefaultSecurityFilterChain - Will secure any request with [org.springframework.security.web.session.DisableEncodeUrlFilter@36525ab, org.springframework.security.web.context.request.async.WebAsyncManagerIntegrationFilter@27438750, org.springframework.security.web.context.SecurityContextHolderFilter@502c087e, org.springframework.security.web.header.HeaderWriterFilter@601f264d, org.springframework.security.web.authentication.logout.LogoutFilter@20dd5870, org.springframework.security.web.savedrequest.RequestCacheAwareFilter@10bdfbcc, org.springframework.security.web.servletapi.SecurityContextHolderAwareRequestFilter@60ed0b9d, org.springframework.security.web.authentication.AnonymousAuthenticationFilter@39851c5, org.springframework.security.web.access.ExceptionTranslationFilter@63c99f7, org.springframework.security.web.access.intercept.AuthorizationFilter@1cc708a7]
2025-05-23 13:45:52.834 [main] INFO  o.a.coyote.http11.Http11NioProtocol - Starting ProtocolHandler ["http-nio-8080"]
2025-05-23 13:45:52.912 [main] INFO  o.s.b.w.e.tomcat.TomcatWebServer - Tomcat started on port(s): 8080 (http) with context path ''
2025-05-23 13:45:52.952 [main] INFO  com.paob.tms.TmsApplication - Started TmsApplication in 16.813 seconds (process running for 20.033)
2025-05-23 13:46:00.014 [pool-2-thread-1] INFO  com.paob.tms.task.VoucherScanTask - 开始扫描凭证文件，文件路径：D:/work/paob_tms1/keys
2025-05-23 13:46:00.208 [pool-2-thread-1] INFO  com.zaxxer.hikari.HikariDataSource - HikariPool-1 - Starting...
2025-05-23 13:46:00.678 [pool-2-thread-1] INFO  com.zaxxer.hikari.pool.HikariPool - HikariPool-1 - Added connection org.postgresql.jdbc.PgConnection@6751d8fd
2025-05-23 13:46:00.682 [pool-2-thread-1] INFO  com.zaxxer.hikari.HikariDataSource - HikariPool-1 - Start completed.
2025-05-23 13:46:00.815 [pool-2-thread-1] INFO  com.paob.tms.task.VoucherScanTask - 查询到2条待处理的凭证记录
2025-05-23 13:46:00.819 [pool-2-thread-1] INFO  com.paob.tms.task.VoucherScanTask - 按file_index分组后共有1组数据
2025-05-23 13:46:00.819 [pool-2-thread-1] INFO  com.paob.tms.task.VoucherScanTask - 处理文件：A23_20250522_800000_104_return.txt
2025-05-23 13:46:00.821 [pool-2-thread-1] INFO  com.paob.tms.task.VoucherScanTask - 文件不存在: A23_20250522_800000_104_return.txt
2025-05-23 13:47:00.001 [pool-2-thread-2] INFO  com.paob.tms.task.VoucherScanTask - 开始扫描凭证文件，文件路径：D:/work/paob_tms1/keys
2025-05-23 13:47:00.011 [pool-2-thread-2] INFO  com.paob.tms.task.VoucherScanTask - 查询到2条待处理的凭证记录
2025-05-23 13:47:00.012 [pool-2-thread-2] INFO  com.paob.tms.task.VoucherScanTask - 按file_index分组后共有1组数据
2025-05-23 13:47:00.012 [pool-2-thread-2] INFO  com.paob.tms.task.VoucherScanTask - 处理文件：A23_20250522_800000_104_return.txt
2025-05-23 13:47:00.013 [pool-2-thread-2] INFO  com.paob.tms.task.VoucherScanTask - 文件不存在: A23_20250522_800000_104_return.txt
2025-05-23 13:48:00.006 [pool-2-thread-3] INFO  com.paob.tms.task.VoucherScanTask - 开始扫描凭证文件，文件路径：D:/work/paob_tms1/keys
2025-05-23 13:48:00.019 [pool-2-thread-3] INFO  com.paob.tms.task.VoucherScanTask - 查询到2条待处理的凭证记录
2025-05-23 13:48:00.019 [pool-2-thread-3] INFO  com.paob.tms.task.VoucherScanTask - 按file_index分组后共有1组数据
2025-05-23 13:48:00.019 [pool-2-thread-3] INFO  com.paob.tms.task.VoucherScanTask - 处理文件：A23_20250522_800000_104_return.txt
2025-05-23 13:48:00.021 [pool-2-thread-3] INFO  com.paob.tms.task.VoucherScanTask - 文件不存在: A23_20250522_800000_104_return.txt
2025-05-23 13:49:00.012 [pool-2-thread-2] INFO  com.paob.tms.task.VoucherScanTask - 开始扫描凭证文件，文件路径：D:/work/paob_tms1/keys
2025-05-23 13:49:00.022 [pool-2-thread-2] INFO  com.paob.tms.task.VoucherScanTask - 查询到2条待处理的凭证记录
2025-05-23 13:49:00.025 [pool-2-thread-2] INFO  com.paob.tms.task.VoucherScanTask - 按file_index分组后共有1组数据
2025-05-23 13:49:00.025 [pool-2-thread-2] INFO  com.paob.tms.task.VoucherScanTask - 处理文件：A23_20250522_800000_104_return.txt
2025-05-23 13:49:00.027 [pool-2-thread-2] INFO  com.paob.tms.task.VoucherScanTask - 文件不存在: A23_20250522_800000_104_return.txt
2025-05-23 13:50:00.013 [pool-2-thread-1] INFO  com.paob.tms.task.VoucherScanTask - 开始扫描凭证文件，文件路径：D:/work/paob_tms1/keys
2025-05-23 13:50:00.023 [pool-2-thread-1] INFO  com.paob.tms.task.VoucherScanTask - 查询到2条待处理的凭证记录
2025-05-23 13:50:00.023 [pool-2-thread-1] INFO  com.paob.tms.task.VoucherScanTask - 按file_index分组后共有1组数据
2025-05-23 13:50:00.023 [pool-2-thread-1] INFO  com.paob.tms.task.VoucherScanTask - 处理文件：A23_20250522_800000_104_return.txt
2025-05-23 13:50:00.025 [pool-2-thread-1] INFO  com.paob.tms.task.VoucherScanTask - 文件不存在: A23_20250522_800000_104_return.txt
2025-05-23 13:51:00.003 [pool-2-thread-1] INFO  com.paob.tms.task.VoucherScanTask - 开始扫描凭证文件，文件路径：D:/work/paob_tms1/keys
2025-05-23 13:51:00.355 [pool-2-thread-1] INFO  com.paob.tms.task.VoucherScanTask - 查询到2条待处理的凭证记录
2025-05-23 13:51:00.355 [pool-2-thread-1] INFO  com.paob.tms.task.VoucherScanTask - 按file_index分组后共有1组数据
2025-05-23 13:51:00.355 [pool-2-thread-1] INFO  com.paob.tms.task.VoucherScanTask - 处理文件：A23_20250522_800000_104_return.txt
2025-05-23 13:51:00.355 [pool-2-thread-1] INFO  com.paob.tms.task.VoucherScanTask - 文件不存在: A23_20250522_800000_104_return.txt
2025-05-23 13:52:00.009 [pool-2-thread-1] INFO  com.paob.tms.task.VoucherScanTask - 开始扫描凭证文件，文件路径：D:/work/paob_tms1/keys
2025-05-23 13:52:00.019 [pool-2-thread-1] INFO  com.paob.tms.task.VoucherScanTask - 查询到2条待处理的凭证记录
2025-05-23 13:52:00.019 [pool-2-thread-1] INFO  com.paob.tms.task.VoucherScanTask - 按file_index分组后共有1组数据
2025-05-23 13:52:00.019 [pool-2-thread-1] INFO  com.paob.tms.task.VoucherScanTask - 处理文件：A23_20250522_800000_104_return.txt
2025-05-23 13:52:00.019 [pool-2-thread-1] INFO  com.paob.tms.task.VoucherScanTask - 文件不存在: A23_20250522_800000_104_return.txt
2025-05-23 13:53:00.010 [pool-2-thread-1] INFO  com.paob.tms.task.VoucherScanTask - 开始扫描凭证文件，文件路径：D:/work/paob_tms1/keys
2025-05-23 13:53:00.040 [pool-2-thread-1] INFO  com.paob.tms.task.VoucherScanTask - 查询到2条待处理的凭证记录
2025-05-23 13:53:00.041 [pool-2-thread-1] INFO  com.paob.tms.task.VoucherScanTask - 按file_index分组后共有1组数据
2025-05-23 13:53:00.041 [pool-2-thread-1] INFO  com.paob.tms.task.VoucherScanTask - 处理文件：A23_20250522_800000_104_return.txt
2025-05-23 13:53:00.042 [pool-2-thread-1] INFO  com.paob.tms.task.VoucherScanTask - 文件不存在: A23_20250522_800000_104_return.txt
2025-05-23 13:54:00.014 [pool-2-thread-1] INFO  com.paob.tms.task.VoucherScanTask - 开始扫描凭证文件，文件路径：D:/work/paob_tms1/keys
2025-05-23 13:54:00.026 [pool-2-thread-1] INFO  com.paob.tms.task.VoucherScanTask - 查询到2条待处理的凭证记录
2025-05-23 13:54:00.026 [pool-2-thread-1] INFO  com.paob.tms.task.VoucherScanTask - 按file_index分组后共有1组数据
2025-05-23 13:54:00.026 [pool-2-thread-1] INFO  com.paob.tms.task.VoucherScanTask - 处理文件：A23_20250522_800000_104_return.txt
2025-05-23 13:54:00.026 [pool-2-thread-1] INFO  com.paob.tms.task.VoucherScanTask - 文件不存在: A23_20250522_800000_104_return.txt
2025-05-23 13:55:00.016 [pool-2-thread-5] INFO  com.paob.tms.task.VoucherScanTask - 开始扫描凭证文件，文件路径：D:/work/paob_tms1/keys
2025-05-23 13:55:00.018 [pool-2-thread-5] INFO  com.paob.tms.task.VoucherScanTask - 查询到2条待处理的凭证记录
2025-05-23 13:55:00.018 [pool-2-thread-5] INFO  com.paob.tms.task.VoucherScanTask - 按file_index分组后共有1组数据
2025-05-23 13:55:00.018 [pool-2-thread-5] INFO  com.paob.tms.task.VoucherScanTask - 处理文件：A23_20250522_800000_104_return.txt
2025-05-23 13:55:00.024 [pool-2-thread-5] INFO  com.paob.tms.task.VoucherScanTask - 文件不存在: A23_20250522_800000_104_return.txt
2025-05-23 13:56:00.009 [pool-2-thread-2] INFO  com.paob.tms.task.VoucherScanTask - 开始扫描凭证文件，文件路径：D:/work/paob_tms1/keys
2025-05-23 13:56:00.015 [pool-2-thread-2] INFO  com.paob.tms.task.VoucherScanTask - 查询到2条待处理的凭证记录
2025-05-23 13:56:00.015 [pool-2-thread-2] INFO  com.paob.tms.task.VoucherScanTask - 按file_index分组后共有1组数据
2025-05-23 13:56:00.015 [pool-2-thread-2] INFO  com.paob.tms.task.VoucherScanTask - 处理文件：A23_20250522_800000_104_return.txt
2025-05-23 13:56:00.019 [pool-2-thread-2] INFO  com.paob.tms.task.VoucherScanTask - 文件不存在: A23_20250522_800000_104_return.txt
2025-05-23 13:57:00.008 [pool-2-thread-1] INFO  com.paob.tms.task.VoucherScanTask - 开始扫描凭证文件，文件路径：D:/work/paob_tms1/keys
2025-05-23 13:57:00.016 [pool-2-thread-1] INFO  com.paob.tms.task.VoucherScanTask - 查询到2条待处理的凭证记录
2025-05-23 13:57:00.016 [pool-2-thread-1] INFO  com.paob.tms.task.VoucherScanTask - 按file_index分组后共有1组数据
2025-05-23 13:57:00.018 [pool-2-thread-1] INFO  com.paob.tms.task.VoucherScanTask - 处理文件：A23_20250522_800000_104_return.txt
2025-05-23 13:57:00.018 [pool-2-thread-1] INFO  com.paob.tms.task.VoucherScanTask - 文件不存在: A23_20250522_800000_104_return.txt
2025-05-23 13:58:00.014 [pool-2-thread-1] INFO  com.paob.tms.task.VoucherScanTask - 开始扫描凭证文件，文件路径：D:/work/paob_tms1/keys
2025-05-23 13:58:00.025 [pool-2-thread-1] INFO  com.paob.tms.task.VoucherScanTask - 查询到2条待处理的凭证记录
2025-05-23 13:58:00.025 [pool-2-thread-1] INFO  com.paob.tms.task.VoucherScanTask - 按file_index分组后共有1组数据
2025-05-23 13:58:00.026 [pool-2-thread-1] INFO  com.paob.tms.task.VoucherScanTask - 处理文件：A23_20250522_800000_104_return.txt
2025-05-23 13:58:00.026 [pool-2-thread-1] INFO  com.paob.tms.task.VoucherScanTask - 文件不存在: A23_20250522_800000_104_return.txt
2025-05-23 13:59:00.011 [pool-2-thread-1] INFO  com.paob.tms.task.VoucherScanTask - 开始扫描凭证文件，文件路径：D:/work/paob_tms1/keys
2025-05-23 13:59:00.016 [pool-2-thread-1] INFO  com.paob.tms.task.VoucherScanTask - 查询到2条待处理的凭证记录
2025-05-23 13:59:00.020 [pool-2-thread-1] INFO  com.paob.tms.task.VoucherScanTask - 按file_index分组后共有1组数据
2025-05-23 13:59:00.020 [pool-2-thread-1] INFO  com.paob.tms.task.VoucherScanTask - 处理文件：A23_20250522_800000_104_return.txt
2025-05-23 13:59:00.020 [pool-2-thread-1] INFO  com.paob.tms.task.VoucherScanTask - 文件不存在: A23_20250522_800000_104_return.txt
2025-05-23 14:00:00.003 [pool-2-thread-4] INFO  com.paob.tms.task.VoucherScanTask - 开始扫描凭证文件，文件路径：D:/work/paob_tms1/keys
2025-05-23 14:00:00.006 [pool-2-thread-3] INFO  com.paob.tms.task.DataImportTask - 开始导入汇率和科目余额数据...
2025-05-23 14:00:00.014 [pool-2-thread-4] INFO  com.paob.tms.task.VoucherScanTask - 查询到2条待处理的凭证记录
2025-05-23 14:00:00.014 [pool-2-thread-4] INFO  com.paob.tms.task.VoucherScanTask - 按file_index分组后共有1组数据
2025-05-23 14:00:00.014 [pool-2-thread-3] INFO  com.paob.tms.task.DataImportTask - 汇率文件不存在: D:\work\paob_tms1\keys20250523\fin_gl_daily_rates_to_hkvb.dat
2025-05-23 14:00:00.016 [pool-2-thread-4] INFO  com.paob.tms.task.VoucherScanTask - 处理文件：A23_20250522_800000_104_return.txt
2025-05-23 14:00:00.016 [pool-2-thread-3] INFO  com.paob.tms.task.DataImportTask - 科目余额文件不存在: D:\work\paob_tms1\keys20250523\fin_gl_balances_to_hkvb.dat
2025-05-23 14:00:00.016 [pool-2-thread-4] INFO  com.paob.tms.task.VoucherScanTask - 文件不存在: A23_20250522_800000_104_return.txt
2025-05-23 14:01:00.007 [pool-2-thread-4] INFO  com.paob.tms.task.VoucherScanTask - 开始扫描凭证文件，文件路径：D:/work/paob_tms1/keys
2025-05-23 14:01:00.032 [pool-2-thread-4] INFO  com.paob.tms.task.VoucherScanTask - 查询到2条待处理的凭证记录
2025-05-23 14:01:00.032 [pool-2-thread-4] INFO  com.paob.tms.task.VoucherScanTask - 按file_index分组后共有1组数据
2025-05-23 14:01:00.032 [pool-2-thread-4] INFO  com.paob.tms.task.VoucherScanTask - 处理文件：A23_20250522_800000_104_return.txt
2025-05-23 14:01:00.033 [pool-2-thread-4] INFO  com.paob.tms.task.VoucherScanTask - 文件不存在: A23_20250522_800000_104_return.txt
2025-05-23 14:02:00.012 [pool-2-thread-5] INFO  com.paob.tms.task.VoucherScanTask - 开始扫描凭证文件，文件路径：D:/work/paob_tms1/keys
2025-05-23 14:02:00.021 [pool-2-thread-5] INFO  com.paob.tms.task.VoucherScanTask - 查询到2条待处理的凭证记录
2025-05-23 14:02:00.021 [pool-2-thread-5] INFO  com.paob.tms.task.VoucherScanTask - 按file_index分组后共有1组数据
2025-05-23 14:02:00.021 [pool-2-thread-5] INFO  com.paob.tms.task.VoucherScanTask - 处理文件：A23_20250522_800000_104_return.txt
2025-05-23 14:02:00.022 [pool-2-thread-5] INFO  com.paob.tms.task.VoucherScanTask - 文件不存在: A23_20250522_800000_104_return.txt
2025-05-23 14:03:00.010 [pool-2-thread-5] INFO  com.paob.tms.task.VoucherScanTask - 开始扫描凭证文件，文件路径：D:/work/paob_tms1/keys
2025-05-23 14:03:00.019 [pool-2-thread-5] INFO  com.paob.tms.task.VoucherScanTask - 查询到2条待处理的凭证记录
2025-05-23 14:03:00.019 [pool-2-thread-5] INFO  com.paob.tms.task.VoucherScanTask - 按file_index分组后共有1组数据
2025-05-23 14:03:00.019 [pool-2-thread-5] INFO  com.paob.tms.task.VoucherScanTask - 处理文件：A23_20250522_800000_104_return.txt
2025-05-23 14:03:00.020 [pool-2-thread-5] INFO  com.paob.tms.task.VoucherScanTask - 文件不存在: A23_20250522_800000_104_return.txt
2025-05-23 14:04:00.011 [pool-2-thread-5] INFO  com.paob.tms.task.VoucherScanTask - 开始扫描凭证文件，文件路径：D:/work/paob_tms1/keys
2025-05-23 14:04:00.028 [pool-2-thread-5] INFO  com.paob.tms.task.VoucherScanTask - 查询到2条待处理的凭证记录
2025-05-23 14:04:00.029 [pool-2-thread-5] INFO  com.paob.tms.task.VoucherScanTask - 按file_index分组后共有1组数据
2025-05-23 14:04:00.030 [pool-2-thread-5] INFO  com.paob.tms.task.VoucherScanTask - 处理文件：A23_20250522_800000_104_return.txt
2025-05-23 14:04:00.030 [pool-2-thread-5] INFO  com.paob.tms.task.VoucherScanTask - 文件不存在: A23_20250522_800000_104_return.txt
2025-05-23 14:05:00.008 [pool-2-thread-5] INFO  com.paob.tms.task.VoucherScanTask - 开始扫描凭证文件，文件路径：D:/work/paob_tms1/keys
2025-05-23 14:05:00.008 [pool-2-thread-5] INFO  com.paob.tms.task.VoucherScanTask - 查询到2条待处理的凭证记录
2025-05-23 14:05:00.018 [pool-2-thread-5] INFO  com.paob.tms.task.VoucherScanTask - 按file_index分组后共有1组数据
2025-05-23 14:05:00.018 [pool-2-thread-5] INFO  com.paob.tms.task.VoucherScanTask - 处理文件：A23_20250522_800000_104_return.txt
2025-05-23 14:05:00.018 [pool-2-thread-5] INFO  com.paob.tms.task.VoucherScanTask - 文件不存在: A23_20250522_800000_104_return.txt
2025-05-23 14:06:00.015 [pool-2-thread-4] INFO  com.paob.tms.task.VoucherScanTask - 开始扫描凭证文件，文件路径：D:/work/paob_tms1/keys
2025-05-23 14:06:00.049 [pool-2-thread-4] INFO  com.paob.tms.task.VoucherScanTask - 查询到2条待处理的凭证记录
2025-05-23 14:06:00.049 [pool-2-thread-4] INFO  com.paob.tms.task.VoucherScanTask - 按file_index分组后共有1组数据
2025-05-23 14:06:00.049 [pool-2-thread-4] INFO  com.paob.tms.task.VoucherScanTask - 处理文件：A23_20250522_800000_104_return.txt
2025-05-23 14:06:00.051 [pool-2-thread-4] INFO  com.paob.tms.task.VoucherScanTask - 文件不存在: A23_20250522_800000_104_return.txt
2025-05-23 14:07:00.011 [pool-2-thread-4] INFO  com.paob.tms.task.VoucherScanTask - 开始扫描凭证文件，文件路径：D:/work/paob_tms1/keys
2025-05-23 14:07:00.028 [pool-2-thread-4] INFO  com.paob.tms.task.VoucherScanTask - 查询到2条待处理的凭证记录
2025-05-23 14:07:00.028 [pool-2-thread-4] INFO  com.paob.tms.task.VoucherScanTask - 按file_index分组后共有1组数据
2025-05-23 14:07:00.028 [pool-2-thread-4] INFO  com.paob.tms.task.VoucherScanTask - 处理文件：A23_20250522_800000_104_return.txt
2025-05-23 14:07:00.029 [pool-2-thread-4] INFO  com.paob.tms.task.VoucherScanTask - 文件不存在: A23_20250522_800000_104_return.txt
2025-05-23 14:08:00.005 [pool-2-thread-4] INFO  com.paob.tms.task.VoucherScanTask - 开始扫描凭证文件，文件路径：D:/work/paob_tms1/keys
2025-05-23 14:08:00.023 [pool-2-thread-4] INFO  com.paob.tms.task.VoucherScanTask - 查询到2条待处理的凭证记录
2025-05-23 14:08:00.023 [pool-2-thread-4] INFO  com.paob.tms.task.VoucherScanTask - 按file_index分组后共有1组数据
2025-05-23 14:08:00.023 [pool-2-thread-4] INFO  com.paob.tms.task.VoucherScanTask - 处理文件：A23_20250522_800000_104_return.txt
2025-05-23 14:08:00.025 [pool-2-thread-4] INFO  com.paob.tms.task.VoucherScanTask - 文件不存在: A23_20250522_800000_104_return.txt
2025-05-23 14:09:00.018 [pool-2-thread-4] INFO  com.paob.tms.task.VoucherScanTask - 开始扫描凭证文件，文件路径：D:/work/paob_tms1/keys
2025-05-23 14:09:00.024 [pool-2-thread-4] INFO  com.paob.tms.task.VoucherScanTask - 查询到2条待处理的凭证记录
2025-05-23 14:09:00.024 [pool-2-thread-4] INFO  com.paob.tms.task.VoucherScanTask - 按file_index分组后共有1组数据
2025-05-23 14:09:00.024 [pool-2-thread-4] INFO  com.paob.tms.task.VoucherScanTask - 处理文件：A23_20250522_800000_104_return.txt
2025-05-23 14:09:00.025 [pool-2-thread-4] INFO  com.paob.tms.task.VoucherScanTask - 文件不存在: A23_20250522_800000_104_return.txt
2025-05-23 14:10:00.008 [pool-2-thread-4] INFO  com.paob.tms.task.VoucherScanTask - 开始扫描凭证文件，文件路径：D:/work/paob_tms1/keys
2025-05-23 14:10:00.020 [pool-2-thread-4] INFO  com.paob.tms.task.VoucherScanTask - 查询到2条待处理的凭证记录
2025-05-23 14:10:00.022 [pool-2-thread-4] INFO  com.paob.tms.task.VoucherScanTask - 按file_index分组后共有1组数据
2025-05-23 14:10:00.023 [pool-2-thread-4] INFO  com.paob.tms.task.VoucherScanTask - 处理文件：A23_20250522_800000_104_return.txt
2025-05-23 14:10:00.023 [pool-2-thread-4] INFO  com.paob.tms.task.VoucherScanTask - 文件不存在: A23_20250522_800000_104_return.txt
2025-05-23 14:11:00.000 [pool-2-thread-4] INFO  com.paob.tms.task.VoucherScanTask - 开始扫描凭证文件，文件路径：D:/work/paob_tms1/keys
2025-05-23 14:11:00.015 [pool-2-thread-4] INFO  com.paob.tms.task.VoucherScanTask - 查询到2条待处理的凭证记录
2025-05-23 14:11:00.015 [pool-2-thread-4] INFO  com.paob.tms.task.VoucherScanTask - 按file_index分组后共有1组数据
2025-05-23 14:11:00.015 [pool-2-thread-4] INFO  com.paob.tms.task.VoucherScanTask - 处理文件：A23_20250522_800000_104_return.txt
2025-05-23 14:11:00.016 [pool-2-thread-4] INFO  com.paob.tms.task.VoucherScanTask - 文件不存在: A23_20250522_800000_104_return.txt
2025-05-23 14:12:00.007 [pool-2-thread-4] INFO  com.paob.tms.task.VoucherScanTask - 开始扫描凭证文件，文件路径：D:/work/paob_tms1/keys
2025-05-23 14:12:00.045 [pool-2-thread-4] INFO  com.paob.tms.task.VoucherScanTask - 查询到2条待处理的凭证记录
2025-05-23 14:12:00.046 [pool-2-thread-4] INFO  com.paob.tms.task.VoucherScanTask - 按file_index分组后共有1组数据
2025-05-23 14:12:00.046 [pool-2-thread-4] INFO  com.paob.tms.task.VoucherScanTask - 处理文件：A23_20250522_800000_104_return.txt
2025-05-23 14:12:00.047 [pool-2-thread-4] INFO  com.paob.tms.task.VoucherScanTask - 文件不存在: A23_20250522_800000_104_return.txt
2025-05-23 14:12:59.999 [pool-2-thread-4] INFO  com.paob.tms.task.VoucherScanTask - 开始扫描凭证文件，文件路径：D:/work/paob_tms1/keys
2025-05-23 14:13:00.008 [pool-2-thread-4] INFO  com.paob.tms.task.VoucherScanTask - 查询到2条待处理的凭证记录
2025-05-23 14:13:00.008 [pool-2-thread-4] INFO  com.paob.tms.task.VoucherScanTask - 按file_index分组后共有1组数据
2025-05-23 14:13:00.008 [pool-2-thread-4] INFO  com.paob.tms.task.VoucherScanTask - 处理文件：A23_20250522_800000_104_return.txt
2025-05-23 14:13:00.010 [pool-2-thread-4] INFO  com.paob.tms.task.VoucherScanTask - 文件不存在: A23_20250522_800000_104_return.txt
2025-05-23 14:14:00.007 [pool-2-thread-4] INFO  com.paob.tms.task.VoucherScanTask - 开始扫描凭证文件，文件路径：D:/work/paob_tms1/keys
2025-05-23 14:14:00.022 [pool-2-thread-4] INFO  com.paob.tms.task.VoucherScanTask - 查询到2条待处理的凭证记录
2025-05-23 14:14:00.022 [pool-2-thread-4] INFO  com.paob.tms.task.VoucherScanTask - 按file_index分组后共有1组数据
2025-05-23 14:14:00.022 [pool-2-thread-4] INFO  com.paob.tms.task.VoucherScanTask - 处理文件：A23_20250522_800000_104_return.txt
2025-05-23 14:14:00.024 [pool-2-thread-4] INFO  com.paob.tms.task.VoucherScanTask - 文件不存在: A23_20250522_800000_104_return.txt
2025-05-23 14:15:00.016 [pool-2-thread-4] INFO  com.paob.tms.task.VoucherScanTask - 开始扫描凭证文件，文件路径：D:/work/paob_tms1/keys
2025-05-23 14:15:00.024 [pool-2-thread-4] INFO  com.paob.tms.task.VoucherScanTask - 查询到2条待处理的凭证记录
2025-05-23 14:15:00.026 [pool-2-thread-4] INFO  com.paob.tms.task.VoucherScanTask - 按file_index分组后共有1组数据
2025-05-23 14:15:00.026 [pool-2-thread-4] INFO  com.paob.tms.task.VoucherScanTask - 处理文件：A23_20250522_800000_104_return.txt
2025-05-23 14:15:00.026 [pool-2-thread-4] INFO  com.paob.tms.task.VoucherScanTask - 文件不存在: A23_20250522_800000_104_return.txt
2025-05-23 14:16:00.003 [pool-2-thread-4] INFO  com.paob.tms.task.VoucherScanTask - 开始扫描凭证文件，文件路径：D:/work/paob_tms1/keys
2025-05-23 14:16:00.011 [pool-2-thread-4] INFO  com.paob.tms.task.VoucherScanTask - 查询到2条待处理的凭证记录
2025-05-23 14:16:00.013 [pool-2-thread-4] INFO  com.paob.tms.task.VoucherScanTask - 按file_index分组后共有1组数据
2025-05-23 14:16:00.013 [pool-2-thread-4] INFO  com.paob.tms.task.VoucherScanTask - 处理文件：A23_20250522_800000_104_return.txt
2025-05-23 14:16:00.013 [pool-2-thread-4] INFO  com.paob.tms.task.VoucherScanTask - 文件不存在: A23_20250522_800000_104_return.txt
2025-05-23 14:17:00.018 [pool-2-thread-2] INFO  com.paob.tms.task.VoucherScanTask - 开始扫描凭证文件，文件路径：D:/work/paob_tms1/keys
2025-05-23 14:17:00.025 [pool-2-thread-2] INFO  com.paob.tms.task.VoucherScanTask - 查询到2条待处理的凭证记录
2025-05-23 14:17:00.025 [pool-2-thread-2] INFO  com.paob.tms.task.VoucherScanTask - 按file_index分组后共有1组数据
2025-05-23 14:17:00.025 [pool-2-thread-2] INFO  com.paob.tms.task.VoucherScanTask - 处理文件：A23_20250522_800000_104_return.txt
2025-05-23 14:17:00.027 [pool-2-thread-2] INFO  com.paob.tms.task.VoucherScanTask - 文件不存在: A23_20250522_800000_104_return.txt
2025-05-23 14:18:00.009 [pool-2-thread-2] INFO  com.paob.tms.task.VoucherScanTask - 开始扫描凭证文件，文件路径：D:/work/paob_tms1/keys
2025-05-23 14:18:00.024 [pool-2-thread-2] INFO  com.paob.tms.task.VoucherScanTask - 查询到2条待处理的凭证记录
2025-05-23 14:18:00.024 [pool-2-thread-2] INFO  com.paob.tms.task.VoucherScanTask - 按file_index分组后共有1组数据
2025-05-23 14:18:00.025 [pool-2-thread-2] INFO  com.paob.tms.task.VoucherScanTask - 处理文件：A23_20250522_800000_104_return.txt
2025-05-23 14:18:00.025 [pool-2-thread-2] INFO  com.paob.tms.task.VoucherScanTask - 文件不存在: A23_20250522_800000_104_return.txt
2025-05-23 14:19:00.014 [pool-2-thread-2] INFO  com.paob.tms.task.VoucherScanTask - 开始扫描凭证文件，文件路径：D:/work/paob_tms1/keys
2025-05-23 14:19:00.024 [pool-2-thread-2] INFO  com.paob.tms.task.VoucherScanTask - 查询到2条待处理的凭证记录
2025-05-23 14:19:00.024 [pool-2-thread-2] INFO  com.paob.tms.task.VoucherScanTask - 按file_index分组后共有1组数据
2025-05-23 14:19:00.024 [pool-2-thread-2] INFO  com.paob.tms.task.VoucherScanTask - 处理文件：A23_20250522_800000_104_return.txt
2025-05-23 14:19:00.026 [pool-2-thread-2] INFO  com.paob.tms.task.VoucherScanTask - 文件不存在: A23_20250522_800000_104_return.txt
2025-05-23 14:20:00.007 [pool-2-thread-5] INFO  com.paob.tms.task.VoucherScanTask - 开始扫描凭证文件，文件路径：D:/work/paob_tms1/keys
2025-05-23 14:20:00.023 [pool-2-thread-5] INFO  com.paob.tms.task.VoucherScanTask - 查询到2条待处理的凭证记录
2025-05-23 14:20:00.023 [pool-2-thread-5] INFO  com.paob.tms.task.VoucherScanTask - 按file_index分组后共有1组数据
2025-05-23 14:20:00.023 [pool-2-thread-5] INFO  com.paob.tms.task.VoucherScanTask - 处理文件：A23_20250522_800000_104_return.txt
2025-05-23 14:20:00.023 [pool-2-thread-5] INFO  com.paob.tms.task.VoucherScanTask - 文件不存在: A23_20250522_800000_104_return.txt
2025-05-23 14:21:00.011 [pool-2-thread-5] INFO  com.paob.tms.task.VoucherScanTask - 开始扫描凭证文件，文件路径：D:/work/paob_tms1/keys
2025-05-23 14:21:00.020 [pool-2-thread-5] INFO  com.paob.tms.task.VoucherScanTask - 查询到2条待处理的凭证记录
2025-05-23 14:21:00.020 [pool-2-thread-5] INFO  com.paob.tms.task.VoucherScanTask - 按file_index分组后共有1组数据
2025-05-23 14:21:00.020 [pool-2-thread-5] INFO  com.paob.tms.task.VoucherScanTask - 处理文件：A23_20250522_800000_104_return.txt
2025-05-23 14:21:00.020 [pool-2-thread-5] INFO  com.paob.tms.task.VoucherScanTask - 文件不存在: A23_20250522_800000_104_return.txt
2025-05-23 14:22:00.013 [pool-2-thread-2] INFO  com.paob.tms.task.VoucherScanTask - 开始扫描凭证文件，文件路径：D:/work/paob_tms1/keys
2025-05-23 14:22:00.021 [pool-2-thread-2] INFO  com.paob.tms.task.VoucherScanTask - 查询到2条待处理的凭证记录
2025-05-23 14:22:00.021 [pool-2-thread-2] INFO  com.paob.tms.task.VoucherScanTask - 按file_index分组后共有1组数据
2025-05-23 14:22:00.021 [pool-2-thread-2] INFO  com.paob.tms.task.VoucherScanTask - 处理文件：A23_20250522_800000_104_return.txt
2025-05-23 14:22:00.021 [pool-2-thread-2] INFO  com.paob.tms.task.VoucherScanTask - 文件不存在: A23_20250522_800000_104_return.txt
2025-05-23 14:23:00.009 [pool-2-thread-2] INFO  com.paob.tms.task.VoucherScanTask - 开始扫描凭证文件，文件路径：D:/work/paob_tms1/keys
2025-05-23 14:23:00.025 [pool-2-thread-2] INFO  com.paob.tms.task.VoucherScanTask - 查询到2条待处理的凭证记录
2025-05-23 14:23:00.025 [pool-2-thread-2] INFO  com.paob.tms.task.VoucherScanTask - 按file_index分组后共有1组数据
2025-05-23 14:23:00.026 [pool-2-thread-2] INFO  com.paob.tms.task.VoucherScanTask - 处理文件：A23_20250522_800000_104_return.txt
2025-05-23 14:23:00.029 [pool-2-thread-2] INFO  com.paob.tms.task.VoucherScanTask - 文件不存在: A23_20250522_800000_104_return.txt
2025-05-23 14:24:00.012 [pool-2-thread-2] INFO  com.paob.tms.task.VoucherScanTask - 开始扫描凭证文件，文件路径：D:/work/paob_tms1/keys
2025-05-23 14:24:00.028 [pool-2-thread-2] INFO  com.paob.tms.task.VoucherScanTask - 查询到2条待处理的凭证记录
2025-05-23 14:24:00.028 [pool-2-thread-2] INFO  com.paob.tms.task.VoucherScanTask - 按file_index分组后共有1组数据
2025-05-23 14:24:00.028 [pool-2-thread-2] INFO  com.paob.tms.task.VoucherScanTask - 处理文件：A23_20250522_800000_104_return.txt
2025-05-23 14:24:00.028 [pool-2-thread-2] INFO  com.paob.tms.task.VoucherScanTask - 文件不存在: A23_20250522_800000_104_return.txt
2025-05-23 14:25:00.011 [pool-2-thread-2] INFO  com.paob.tms.task.VoucherScanTask - 开始扫描凭证文件，文件路径：D:/work/paob_tms1/keys
2025-05-23 14:25:00.024 [pool-2-thread-2] INFO  com.paob.tms.task.VoucherScanTask - 查询到2条待处理的凭证记录
2025-05-23 14:25:00.024 [pool-2-thread-2] INFO  com.paob.tms.task.VoucherScanTask - 按file_index分组后共有1组数据
2025-05-23 14:25:00.025 [pool-2-thread-2] INFO  com.paob.tms.task.VoucherScanTask - 处理文件：A23_20250522_800000_104_return.txt
2025-05-23 14:25:00.026 [pool-2-thread-2] INFO  com.paob.tms.task.VoucherScanTask - 文件不存在: A23_20250522_800000_104_return.txt
2025-05-23 14:26:00.002 [pool-2-thread-5] INFO  com.paob.tms.task.VoucherScanTask - 开始扫描凭证文件，文件路径：D:/work/paob_tms1/keys
2025-05-23 14:26:00.323 [pool-2-thread-5] INFO  com.paob.tms.task.VoucherScanTask - 查询到2条待处理的凭证记录
2025-05-23 14:26:00.323 [pool-2-thread-5] INFO  com.paob.tms.task.VoucherScanTask - 按file_index分组后共有1组数据
2025-05-23 14:26:00.323 [pool-2-thread-5] INFO  com.paob.tms.task.VoucherScanTask - 处理文件：A23_20250522_800000_104_return.txt
2025-05-23 14:26:00.323 [pool-2-thread-5] INFO  com.paob.tms.task.VoucherScanTask - 文件不存在: A23_20250522_800000_104_return.txt
2025-05-23 14:27:00.005 [pool-2-thread-4] INFO  com.paob.tms.task.VoucherScanTask - 开始扫描凭证文件，文件路径：D:/work/paob_tms1/keys
2025-05-23 14:27:00.018 [pool-2-thread-4] INFO  com.paob.tms.task.VoucherScanTask - 查询到2条待处理的凭证记录
2025-05-23 14:27:00.018 [pool-2-thread-4] INFO  com.paob.tms.task.VoucherScanTask - 按file_index分组后共有1组数据
2025-05-23 14:27:00.018 [pool-2-thread-4] INFO  com.paob.tms.task.VoucherScanTask - 处理文件：A23_20250522_800000_104_return.txt
2025-05-23 14:27:00.018 [pool-2-thread-4] INFO  com.paob.tms.task.VoucherScanTask - 文件不存在: A23_20250522_800000_104_return.txt
2025-05-23 14:28:00.017 [pool-2-thread-2] INFO  com.paob.tms.task.VoucherScanTask - 开始扫描凭证文件，文件路径：D:/work/paob_tms1/keys
2025-05-23 14:28:00.024 [pool-2-thread-2] INFO  com.paob.tms.task.VoucherScanTask - 查询到2条待处理的凭证记录
2025-05-23 14:28:00.024 [pool-2-thread-2] INFO  com.paob.tms.task.VoucherScanTask - 按file_index分组后共有1组数据
2025-05-23 14:28:00.024 [pool-2-thread-2] INFO  com.paob.tms.task.VoucherScanTask - 处理文件：A23_20250522_800000_104_return.txt
2025-05-23 14:28:00.026 [pool-2-thread-2] INFO  com.paob.tms.task.VoucherScanTask - 文件不存在: A23_20250522_800000_104_return.txt
2025-05-23 14:29:00.008 [pool-2-thread-2] INFO  com.paob.tms.task.VoucherScanTask - 开始扫描凭证文件，文件路径：D:/work/paob_tms1/keys
2025-05-23 14:29:00.027 [pool-2-thread-2] INFO  com.paob.tms.task.VoucherScanTask - 查询到2条待处理的凭证记录
2025-05-23 14:29:00.027 [pool-2-thread-2] INFO  com.paob.tms.task.VoucherScanTask - 按file_index分组后共有1组数据
2025-05-23 14:29:00.027 [pool-2-thread-2] INFO  com.paob.tms.task.VoucherScanTask - 处理文件：A23_20250522_800000_104_return.txt
2025-05-23 14:29:00.028 [pool-2-thread-2] INFO  com.paob.tms.task.VoucherScanTask - 文件不存在: A23_20250522_800000_104_return.txt
2025-05-23 14:30:00.016 [pool-2-thread-4] INFO  com.paob.tms.task.VoucherScanTask - 开始扫描凭证文件，文件路径：D:/work/paob_tms1/keys
2025-05-23 14:30:00.060 [pool-2-thread-4] INFO  com.paob.tms.task.VoucherScanTask - 查询到2条待处理的凭证记录
2025-05-23 14:30:00.061 [pool-2-thread-4] INFO  com.paob.tms.task.VoucherScanTask - 按file_index分组后共有1组数据
2025-05-23 14:30:00.061 [pool-2-thread-4] INFO  com.paob.tms.task.VoucherScanTask - 处理文件：A23_20250522_800000_104_return.txt
2025-05-23 14:30:00.062 [pool-2-thread-4] INFO  com.paob.tms.task.VoucherScanTask - 文件不存在: A23_20250522_800000_104_return.txt
2025-05-23 14:31:00.006 [pool-2-thread-5] INFO  com.paob.tms.task.VoucherScanTask - 开始扫描凭证文件，文件路径：D:/work/paob_tms1/keys
2025-05-23 14:31:00.017 [pool-2-thread-5] INFO  com.paob.tms.task.VoucherScanTask - 查询到2条待处理的凭证记录
2025-05-23 14:31:00.017 [pool-2-thread-5] INFO  com.paob.tms.task.VoucherScanTask - 按file_index分组后共有1组数据
2025-05-23 14:31:00.017 [pool-2-thread-5] INFO  com.paob.tms.task.VoucherScanTask - 处理文件：A23_20250522_800000_104_return.txt
2025-05-23 14:31:00.018 [pool-2-thread-5] INFO  com.paob.tms.task.VoucherScanTask - 文件不存在: A23_20250522_800000_104_return.txt
2025-05-23 14:32:00.014 [pool-2-thread-5] INFO  com.paob.tms.task.VoucherScanTask - 开始扫描凭证文件，文件路径：D:/work/paob_tms1/keys
2025-05-23 14:32:00.026 [pool-2-thread-5] INFO  com.paob.tms.task.VoucherScanTask - 查询到2条待处理的凭证记录
2025-05-23 14:32:00.026 [pool-2-thread-5] INFO  com.paob.tms.task.VoucherScanTask - 按file_index分组后共有1组数据
2025-05-23 14:32:00.026 [pool-2-thread-5] INFO  com.paob.tms.task.VoucherScanTask - 处理文件：A23_20250522_800000_104_return.txt
2025-05-23 14:32:00.028 [pool-2-thread-5] INFO  com.paob.tms.task.VoucherScanTask - 文件不存在: A23_20250522_800000_104_return.txt
2025-05-23 14:33:00.005 [pool-2-thread-4] INFO  com.paob.tms.task.VoucherScanTask - 开始扫描凭证文件，文件路径：D:/work/paob_tms1/keys
2025-05-23 14:33:00.012 [pool-2-thread-4] INFO  com.paob.tms.task.VoucherScanTask - 查询到2条待处理的凭证记录
2025-05-23 14:33:00.012 [pool-2-thread-4] INFO  com.paob.tms.task.VoucherScanTask - 按file_index分组后共有1组数据
2025-05-23 14:33:00.012 [pool-2-thread-4] INFO  com.paob.tms.task.VoucherScanTask - 处理文件：A23_20250522_800000_104_return.txt
2025-05-23 14:33:00.012 [pool-2-thread-4] INFO  com.paob.tms.task.VoucherScanTask - 文件不存在: A23_20250522_800000_104_return.txt
2025-05-23 14:34:00.012 [pool-2-thread-2] INFO  com.paob.tms.task.VoucherScanTask - 开始扫描凭证文件，文件路径：D:/work/paob_tms1/keys
2025-05-23 14:34:00.019 [pool-2-thread-2] INFO  com.paob.tms.task.VoucherScanTask - 查询到2条待处理的凭证记录
2025-05-23 14:34:00.021 [pool-2-thread-2] INFO  com.paob.tms.task.VoucherScanTask - 按file_index分组后共有1组数据
2025-05-23 14:34:00.021 [pool-2-thread-2] INFO  com.paob.tms.task.VoucherScanTask - 处理文件：A23_20250522_800000_104_return.txt
2025-05-23 14:34:00.021 [pool-2-thread-2] INFO  com.paob.tms.task.VoucherScanTask - 文件不存在: A23_20250522_800000_104_return.txt
2025-05-23 14:35:00.005 [pool-2-thread-2] INFO  com.paob.tms.task.VoucherScanTask - 开始扫描凭证文件，文件路径：D:/work/paob_tms1/keys
2025-05-23 14:35:00.025 [pool-2-thread-2] INFO  com.paob.tms.task.VoucherScanTask - 查询到2条待处理的凭证记录
2025-05-23 14:35:00.026 [pool-2-thread-2] INFO  com.paob.tms.task.VoucherScanTask - 按file_index分组后共有1组数据
2025-05-23 14:35:00.026 [pool-2-thread-2] INFO  com.paob.tms.task.VoucherScanTask - 处理文件：A23_20250522_800000_104_return.txt
2025-05-23 14:35:00.027 [pool-2-thread-2] INFO  com.paob.tms.task.VoucherScanTask - 文件不存在: A23_20250522_800000_104_return.txt
2025-05-23 14:36:00.010 [pool-2-thread-2] INFO  com.paob.tms.task.VoucherScanTask - 开始扫描凭证文件，文件路径：D:/work/paob_tms1/keys
2025-05-23 14:36:00.024 [pool-2-thread-2] INFO  com.paob.tms.task.VoucherScanTask - 查询到2条待处理的凭证记录
2025-05-23 14:36:00.026 [pool-2-thread-2] INFO  com.paob.tms.task.VoucherScanTask - 按file_index分组后共有1组数据
2025-05-23 14:36:00.026 [pool-2-thread-2] INFO  com.paob.tms.task.VoucherScanTask - 处理文件：A23_20250522_800000_104_return.txt
2025-05-23 14:36:00.030 [pool-2-thread-2] INFO  com.paob.tms.task.VoucherScanTask - 文件不存在: A23_20250522_800000_104_return.txt
2025-05-23 14:37:00.003 [pool-2-thread-2] INFO  com.paob.tms.task.VoucherScanTask - 开始扫描凭证文件，文件路径：D:/work/paob_tms1/keys
2025-05-23 14:37:00.016 [pool-2-thread-2] INFO  com.paob.tms.task.VoucherScanTask - 查询到2条待处理的凭证记录
2025-05-23 14:37:00.016 [pool-2-thread-2] INFO  com.paob.tms.task.VoucherScanTask - 按file_index分组后共有1组数据
2025-05-23 14:37:00.016 [pool-2-thread-2] INFO  com.paob.tms.task.VoucherScanTask - 处理文件：A23_20250522_800000_104_return.txt
2025-05-23 14:37:00.020 [pool-2-thread-2] INFO  com.paob.tms.task.VoucherScanTask - 文件不存在: A23_20250522_800000_104_return.txt
2025-05-23 14:38:00.013 [pool-2-thread-2] INFO  com.paob.tms.task.VoucherScanTask - 开始扫描凭证文件，文件路径：D:/work/paob_tms1/keys
2025-05-23 14:38:00.023 [pool-2-thread-2] INFO  com.paob.tms.task.VoucherScanTask - 查询到2条待处理的凭证记录
2025-05-23 14:38:00.023 [pool-2-thread-2] INFO  com.paob.tms.task.VoucherScanTask - 按file_index分组后共有1组数据
2025-05-23 14:38:00.023 [pool-2-thread-2] INFO  com.paob.tms.task.VoucherScanTask - 处理文件：A23_20250522_800000_104_return.txt
2025-05-23 14:38:00.029 [pool-2-thread-2] INFO  com.paob.tms.task.VoucherScanTask - 文件不存在: A23_20250522_800000_104_return.txt
2025-05-23 14:39:00.001 [pool-2-thread-2] INFO  com.paob.tms.task.VoucherScanTask - 开始扫描凭证文件，文件路径：D:/work/paob_tms1/keys
2025-05-23 14:39:00.016 [pool-2-thread-2] INFO  com.paob.tms.task.VoucherScanTask - 查询到2条待处理的凭证记录
2025-05-23 14:39:00.017 [pool-2-thread-2] INFO  com.paob.tms.task.VoucherScanTask - 按file_index分组后共有1组数据
2025-05-23 14:39:00.017 [pool-2-thread-2] INFO  com.paob.tms.task.VoucherScanTask - 处理文件：A23_20250522_800000_104_return.txt
2025-05-23 14:39:00.020 [pool-2-thread-2] INFO  com.paob.tms.task.VoucherScanTask - 文件不存在: A23_20250522_800000_104_return.txt
2025-05-23 14:40:00.010 [pool-2-thread-2] INFO  com.paob.tms.task.VoucherScanTask - 开始扫描凭证文件，文件路径：D:/work/paob_tms1/keys
2025-05-23 14:40:00.048 [pool-2-thread-2] INFO  com.paob.tms.task.VoucherScanTask - 查询到2条待处理的凭证记录
2025-05-23 14:40:00.050 [pool-2-thread-2] INFO  com.paob.tms.task.VoucherScanTask - 按file_index分组后共有1组数据
2025-05-23 14:40:00.050 [pool-2-thread-2] INFO  com.paob.tms.task.VoucherScanTask - 处理文件：A23_20250522_800000_104_return.txt
2025-05-23 14:40:00.056 [pool-2-thread-2] INFO  com.paob.tms.task.VoucherScanTask - 文件不存在: A23_20250522_800000_104_return.txt
2025-05-23 14:41:00.003 [pool-2-thread-5] INFO  com.paob.tms.task.VoucherScanTask - 开始扫描凭证文件，文件路径：D:/work/paob_tms1/keys
2025-05-23 14:41:00.015 [pool-2-thread-5] INFO  com.paob.tms.task.VoucherScanTask - 查询到2条待处理的凭证记录
2025-05-23 14:41:00.015 [pool-2-thread-5] INFO  com.paob.tms.task.VoucherScanTask - 按file_index分组后共有1组数据
2025-05-23 14:41:00.017 [pool-2-thread-5] INFO  com.paob.tms.task.VoucherScanTask - 处理文件：A23_20250522_800000_104_return.txt
2025-05-23 14:41:00.017 [pool-2-thread-5] INFO  com.paob.tms.task.VoucherScanTask - 文件不存在: A23_20250522_800000_104_return.txt
2025-05-23 14:42:00.010 [pool-2-thread-5] INFO  com.paob.tms.task.VoucherScanTask - 开始扫描凭证文件，文件路径：D:/work/paob_tms1/keys
2025-05-23 14:42:00.023 [pool-2-thread-5] INFO  com.paob.tms.task.VoucherScanTask - 查询到2条待处理的凭证记录
2025-05-23 14:42:00.025 [pool-2-thread-5] INFO  com.paob.tms.task.VoucherScanTask - 按file_index分组后共有1组数据
2025-05-23 14:42:00.025 [pool-2-thread-5] INFO  com.paob.tms.task.VoucherScanTask - 处理文件：A23_20250522_800000_104_return.txt
2025-05-23 14:42:00.025 [pool-2-thread-5] INFO  com.paob.tms.task.VoucherScanTask - 文件不存在: A23_20250522_800000_104_return.txt
2025-05-23 14:43:00.000 [pool-2-thread-5] INFO  com.paob.tms.task.VoucherScanTask - 开始扫描凭证文件，文件路径：D:/work/paob_tms1/keys
2025-05-23 14:43:00.019 [pool-2-thread-5] INFO  com.paob.tms.task.VoucherScanTask - 查询到2条待处理的凭证记录
2025-05-23 14:43:00.019 [pool-2-thread-5] INFO  com.paob.tms.task.VoucherScanTask - 按file_index分组后共有1组数据
2025-05-23 14:43:00.019 [pool-2-thread-5] INFO  com.paob.tms.task.VoucherScanTask - 处理文件：A23_20250522_800000_104_return.txt
2025-05-23 14:43:00.019 [pool-2-thread-5] INFO  com.paob.tms.task.VoucherScanTask - 文件不存在: A23_20250522_800000_104_return.txt
2025-05-23 14:44:00.004 [pool-2-thread-5] INFO  com.paob.tms.task.VoucherScanTask - 开始扫描凭证文件，文件路径：D:/work/paob_tms1/keys
2025-05-23 14:44:00.020 [pool-2-thread-5] INFO  com.paob.tms.task.VoucherScanTask - 查询到2条待处理的凭证记录
2025-05-23 14:44:00.020 [pool-2-thread-5] INFO  com.paob.tms.task.VoucherScanTask - 按file_index分组后共有1组数据
2025-05-23 14:44:00.020 [pool-2-thread-5] INFO  com.paob.tms.task.VoucherScanTask - 处理文件：A23_20250522_800000_104_return.txt
2025-05-23 14:44:00.020 [pool-2-thread-5] INFO  com.paob.tms.task.VoucherScanTask - 文件不存在: A23_20250522_800000_104_return.txt
2025-05-23 14:45:00.017 [pool-2-thread-5] INFO  com.paob.tms.task.VoucherScanTask - 开始扫描凭证文件，文件路径：D:/work/paob_tms1/keys
2025-05-23 14:45:00.021 [pool-2-thread-5] INFO  com.paob.tms.task.VoucherScanTask - 查询到2条待处理的凭证记录
2025-05-23 14:45:00.021 [pool-2-thread-5] INFO  com.paob.tms.task.VoucherScanTask - 按file_index分组后共有1组数据
2025-05-23 14:45:00.021 [pool-2-thread-5] INFO  com.paob.tms.task.VoucherScanTask - 处理文件：A23_20250522_800000_104_return.txt
2025-05-23 14:45:00.021 [pool-2-thread-5] INFO  com.paob.tms.task.VoucherScanTask - 文件不存在: A23_20250522_800000_104_return.txt
2025-05-23 14:46:00.014 [pool-2-thread-4] INFO  com.paob.tms.task.VoucherScanTask - 开始扫描凭证文件，文件路径：D:/work/paob_tms1/keys
2025-05-23 14:46:00.044 [pool-2-thread-4] INFO  com.paob.tms.task.VoucherScanTask - 查询到2条待处理的凭证记录
2025-05-23 14:46:00.044 [pool-2-thread-4] INFO  com.paob.tms.task.VoucherScanTask - 按file_index分组后共有1组数据
2025-05-23 14:46:00.044 [pool-2-thread-4] INFO  com.paob.tms.task.VoucherScanTask - 处理文件：A23_20250522_800000_104_return.txt
2025-05-23 14:46:00.046 [pool-2-thread-4] INFO  com.paob.tms.task.VoucherScanTask - 文件不存在: A23_20250522_800000_104_return.txt
2025-05-23 14:47:00.004 [pool-2-thread-2] INFO  com.paob.tms.task.VoucherScanTask - 开始扫描凭证文件，文件路径：D:/work/paob_tms1/keys
2025-05-23 14:47:00.020 [pool-2-thread-2] INFO  com.paob.tms.task.VoucherScanTask - 查询到2条待处理的凭证记录
2025-05-23 14:47:00.020 [pool-2-thread-2] INFO  com.paob.tms.task.VoucherScanTask - 按file_index分组后共有1组数据
2025-05-23 14:47:00.020 [pool-2-thread-2] INFO  com.paob.tms.task.VoucherScanTask - 处理文件：A23_20250522_800000_104_return.txt
2025-05-23 14:47:00.020 [pool-2-thread-2] INFO  com.paob.tms.task.VoucherScanTask - 文件不存在: A23_20250522_800000_104_return.txt
2025-05-23 14:48:00.015 [pool-2-thread-2] INFO  com.paob.tms.task.VoucherScanTask - 开始扫描凭证文件，文件路径：D:/work/paob_tms1/keys
2025-05-23 14:48:00.021 [pool-2-thread-2] INFO  com.paob.tms.task.VoucherScanTask - 查询到2条待处理的凭证记录
2025-05-23 14:48:00.021 [pool-2-thread-2] INFO  com.paob.tms.task.VoucherScanTask - 按file_index分组后共有1组数据
2025-05-23 14:48:00.021 [pool-2-thread-2] INFO  com.paob.tms.task.VoucherScanTask - 处理文件：A23_20250522_800000_104_return.txt
2025-05-23 14:48:00.023 [pool-2-thread-2] INFO  com.paob.tms.task.VoucherScanTask - 文件不存在: A23_20250522_800000_104_return.txt
2025-05-23 14:49:00.015 [pool-2-thread-4] INFO  com.paob.tms.task.VoucherScanTask - 开始扫描凭证文件，文件路径：D:/work/paob_tms1/keys
2025-05-23 14:49:00.033 [pool-2-thread-4] INFO  com.paob.tms.task.VoucherScanTask - 查询到2条待处理的凭证记录
2025-05-23 14:49:00.035 [pool-2-thread-4] INFO  com.paob.tms.task.VoucherScanTask - 按file_index分组后共有1组数据
2025-05-23 14:49:00.035 [pool-2-thread-4] INFO  com.paob.tms.task.VoucherScanTask - 处理文件：A23_20250522_800000_104_return.txt
2025-05-23 14:49:00.037 [pool-2-thread-4] INFO  com.paob.tms.task.VoucherScanTask - 文件不存在: A23_20250522_800000_104_return.txt
2025-05-23 14:49:59.999 [pool-2-thread-4] INFO  com.paob.tms.task.VoucherScanTask - 开始扫描凭证文件，文件路径：D:/work/paob_tms1/keys
2025-05-23 14:50:00.012 [pool-2-thread-4] INFO  com.paob.tms.task.VoucherScanTask - 查询到2条待处理的凭证记录
2025-05-23 14:50:00.012 [pool-2-thread-4] INFO  com.paob.tms.task.VoucherScanTask - 按file_index分组后共有1组数据
2025-05-23 14:50:00.012 [pool-2-thread-4] INFO  com.paob.tms.task.VoucherScanTask - 处理文件：A23_20250522_800000_104_return.txt
2025-05-23 14:50:00.017 [pool-2-thread-4] INFO  com.paob.tms.task.VoucherScanTask - 文件不存在: A23_20250522_800000_104_return.txt
2025-05-23 14:51:00.002 [pool-2-thread-2] INFO  com.paob.tms.task.VoucherScanTask - 开始扫描凭证文件，文件路径：D:/work/paob_tms1/keys
2025-05-23 14:51:00.027 [pool-2-thread-2] INFO  com.paob.tms.task.VoucherScanTask - 查询到2条待处理的凭证记录
2025-05-23 14:51:00.027 [pool-2-thread-2] INFO  com.paob.tms.task.VoucherScanTask - 按file_index分组后共有1组数据
2025-05-23 14:51:00.029 [pool-2-thread-2] INFO  com.paob.tms.task.VoucherScanTask - 处理文件：A23_20250522_800000_104_return.txt
2025-05-23 14:51:00.031 [pool-2-thread-2] INFO  com.paob.tms.task.VoucherScanTask - 文件不存在: A23_20250522_800000_104_return.txt
2025-05-23 14:52:00.007 [pool-2-thread-5] INFO  com.paob.tms.task.VoucherScanTask - 开始扫描凭证文件，文件路径：D:/work/paob_tms1/keys
2025-05-23 14:52:00.017 [pool-2-thread-5] INFO  com.paob.tms.task.VoucherScanTask - 查询到2条待处理的凭证记录
2025-05-23 14:52:00.017 [pool-2-thread-5] INFO  com.paob.tms.task.VoucherScanTask - 按file_index分组后共有1组数据
2025-05-23 14:52:00.017 [pool-2-thread-5] INFO  com.paob.tms.task.VoucherScanTask - 处理文件：A23_20250522_800000_104_return.txt
2025-05-23 14:52:00.017 [pool-2-thread-5] INFO  com.paob.tms.task.VoucherScanTask - 文件不存在: A23_20250522_800000_104_return.txt
2025-05-23 14:53:00.000 [pool-2-thread-5] INFO  com.paob.tms.task.VoucherScanTask - 开始扫描凭证文件，文件路径：D:/work/paob_tms1/keys
2025-05-23 14:53:00.068 [pool-2-thread-5] INFO  com.paob.tms.task.VoucherScanTask - 查询到2条待处理的凭证记录
2025-05-23 14:53:00.068 [pool-2-thread-5] INFO  com.paob.tms.task.VoucherScanTask - 按file_index分组后共有1组数据
2025-05-23 14:53:00.068 [pool-2-thread-5] INFO  com.paob.tms.task.VoucherScanTask - 处理文件：A23_20250522_800000_104_return.txt
2025-05-23 14:53:00.070 [pool-2-thread-5] INFO  com.paob.tms.task.VoucherScanTask - 文件不存在: A23_20250522_800000_104_return.txt
2025-05-23 14:54:00.007 [pool-2-thread-2] INFO  com.paob.tms.task.VoucherScanTask - 开始扫描凭证文件，文件路径：D:/work/paob_tms1/keys
2025-05-23 14:54:00.007 [pool-2-thread-2] INFO  com.paob.tms.task.VoucherScanTask - 查询到2条待处理的凭证记录
2025-05-23 14:54:00.007 [pool-2-thread-2] INFO  com.paob.tms.task.VoucherScanTask - 按file_index分组后共有1组数据
2025-05-23 14:54:00.007 [pool-2-thread-2] INFO  com.paob.tms.task.VoucherScanTask - 处理文件：A23_20250522_800000_104_return.txt
2025-05-23 14:54:00.007 [pool-2-thread-2] INFO  com.paob.tms.task.VoucherScanTask - 文件不存在: A23_20250522_800000_104_return.txt
2025-05-23 14:55:00.020 [pool-2-thread-2] INFO  com.paob.tms.task.VoucherScanTask - 开始扫描凭证文件，文件路径：D:/work/paob_tms1/keys
2025-05-23 14:55:00.020 [pool-2-thread-2] INFO  com.paob.tms.task.VoucherScanTask - 查询到2条待处理的凭证记录
2025-05-23 14:55:00.020 [pool-2-thread-2] INFO  com.paob.tms.task.VoucherScanTask - 按file_index分组后共有1组数据
2025-05-23 14:55:00.020 [pool-2-thread-2] INFO  com.paob.tms.task.VoucherScanTask - 处理文件：A23_20250522_800000_104_return.txt
2025-05-23 14:55:00.020 [pool-2-thread-2] INFO  com.paob.tms.task.VoucherScanTask - 文件不存在: A23_20250522_800000_104_return.txt
2025-05-23 14:56:00.020 [pool-2-thread-2] INFO  com.paob.tms.task.VoucherScanTask - 开始扫描凭证文件，文件路径：D:/work/paob_tms1/keys
2025-05-23 14:56:00.028 [pool-2-thread-2] INFO  com.paob.tms.task.VoucherScanTask - 查询到2条待处理的凭证记录
2025-05-23 14:56:00.028 [pool-2-thread-2] INFO  com.paob.tms.task.VoucherScanTask - 按file_index分组后共有1组数据
2025-05-23 14:56:00.028 [pool-2-thread-2] INFO  com.paob.tms.task.VoucherScanTask - 处理文件：A23_20250522_800000_104_return.txt
2025-05-23 14:56:00.030 [pool-2-thread-2] INFO  com.paob.tms.task.VoucherScanTask - 文件不存在: A23_20250522_800000_104_return.txt
2025-05-23 14:57:00.000 [pool-2-thread-2] INFO  com.paob.tms.task.VoucherScanTask - 开始扫描凭证文件，文件路径：D:/work/paob_tms1/keys
2025-05-23 14:57:00.016 [pool-2-thread-2] INFO  com.paob.tms.task.VoucherScanTask - 查询到2条待处理的凭证记录
2025-05-23 14:57:00.016 [pool-2-thread-2] INFO  com.paob.tms.task.VoucherScanTask - 按file_index分组后共有1组数据
2025-05-23 14:57:00.016 [pool-2-thread-2] INFO  com.paob.tms.task.VoucherScanTask - 处理文件：A23_20250522_800000_104_return.txt
2025-05-23 14:57:00.016 [pool-2-thread-2] INFO  com.paob.tms.task.VoucherScanTask - 文件不存在: A23_20250522_800000_104_return.txt
2025-05-23 14:58:00.014 [pool-2-thread-2] INFO  com.paob.tms.task.VoucherScanTask - 开始扫描凭证文件，文件路径：D:/work/paob_tms1/keys
2025-05-23 14:58:00.030 [pool-2-thread-2] INFO  com.paob.tms.task.VoucherScanTask - 查询到2条待处理的凭证记录
2025-05-23 14:58:00.030 [pool-2-thread-2] INFO  com.paob.tms.task.VoucherScanTask - 按file_index分组后共有1组数据
2025-05-23 14:58:00.030 [pool-2-thread-2] INFO  com.paob.tms.task.VoucherScanTask - 处理文件：A23_20250522_800000_104_return.txt
2025-05-23 14:58:00.032 [pool-2-thread-2] INFO  com.paob.tms.task.VoucherScanTask - 文件不存在: A23_20250522_800000_104_return.txt
2025-05-23 14:59:00.013 [pool-2-thread-4] INFO  com.paob.tms.task.VoucherScanTask - 开始扫描凭证文件，文件路径：D:/work/paob_tms1/keys
2025-05-23 14:59:00.013 [pool-2-thread-4] INFO  com.paob.tms.task.VoucherScanTask - 查询到2条待处理的凭证记录
2025-05-23 14:59:00.013 [pool-2-thread-4] INFO  com.paob.tms.task.VoucherScanTask - 按file_index分组后共有1组数据
2025-05-23 14:59:00.013 [pool-2-thread-4] INFO  com.paob.tms.task.VoucherScanTask - 处理文件：A23_20250522_800000_104_return.txt
2025-05-23 14:59:00.013 [pool-2-thread-4] INFO  com.paob.tms.task.VoucherScanTask - 文件不存在: A23_20250522_800000_104_return.txt
2025-05-23 15:00:00.006 [pool-2-thread-1] INFO  com.paob.tms.task.DataImportTask - 开始导入汇率和科目余额数据...
2025-05-23 15:00:00.006 [pool-2-thread-1] INFO  com.paob.tms.task.DataImportTask - 汇率文件不存在: D:\work\paob_tms1\keys20250523\fin_gl_daily_rates_to_hkvb.dat
2025-05-23 15:00:00.022 [pool-2-thread-5] INFO  com.paob.tms.task.VoucherScanTask - 开始扫描凭证文件，文件路径：D:/work/paob_tms1/keys
2025-05-23 15:00:00.022 [pool-2-thread-1] INFO  com.paob.tms.task.DataImportTask - 科目余额文件不存在: D:\work\paob_tms1\keys20250523\fin_gl_balances_to_hkvb.dat
2025-05-23 15:00:00.029 [pool-2-thread-5] INFO  com.paob.tms.task.VoucherScanTask - 查询到2条待处理的凭证记录
2025-05-23 15:00:00.029 [pool-2-thread-5] INFO  com.paob.tms.task.VoucherScanTask - 按file_index分组后共有1组数据
2025-05-23 15:00:00.029 [pool-2-thread-5] INFO  com.paob.tms.task.VoucherScanTask - 处理文件：A23_20250522_800000_104_return.txt
2025-05-23 15:00:00.031 [pool-2-thread-5] INFO  com.paob.tms.task.VoucherScanTask - 文件不存在: A23_20250522_800000_104_return.txt
2025-05-23 15:01:00.013 [pool-2-thread-4] INFO  com.paob.tms.task.VoucherScanTask - 开始扫描凭证文件，文件路径：D:/work/paob_tms1/keys
2025-05-23 15:01:00.022 [pool-2-thread-4] INFO  com.paob.tms.task.VoucherScanTask - 查询到2条待处理的凭证记录
2025-05-23 15:01:00.029 [pool-2-thread-4] INFO  com.paob.tms.task.VoucherScanTask - 按file_index分组后共有1组数据
2025-05-23 15:01:00.029 [pool-2-thread-4] INFO  com.paob.tms.task.VoucherScanTask - 处理文件：A23_20250522_800000_104_return.txt
2025-05-23 15:01:00.029 [pool-2-thread-4] INFO  com.paob.tms.task.VoucherScanTask - 文件不存在: A23_20250522_800000_104_return.txt
2025-05-23 15:02:00.005 [pool-2-thread-1] INFO  com.paob.tms.task.VoucherScanTask - 开始扫描凭证文件，文件路径：D:/work/paob_tms1/keys
2025-05-23 15:02:00.014 [pool-2-thread-1] INFO  com.paob.tms.task.VoucherScanTask - 查询到2条待处理的凭证记录
2025-05-23 15:02:00.014 [pool-2-thread-1] INFO  com.paob.tms.task.VoucherScanTask - 按file_index分组后共有1组数据
2025-05-23 15:02:00.014 [pool-2-thread-1] INFO  com.paob.tms.task.VoucherScanTask - 处理文件：A23_20250522_800000_104_return.txt
2025-05-23 15:02:00.022 [pool-2-thread-1] INFO  com.paob.tms.task.VoucherScanTask - 文件不存在: A23_20250522_800000_104_return.txt
2025-05-23 15:03:00.011 [pool-2-thread-5] INFO  com.paob.tms.task.VoucherScanTask - 开始扫描凭证文件，文件路径：D:/work/paob_tms1/keys
2025-05-23 15:03:00.022 [pool-2-thread-5] INFO  com.paob.tms.task.VoucherScanTask - 查询到2条待处理的凭证记录
2025-05-23 15:03:00.022 [pool-2-thread-5] INFO  com.paob.tms.task.VoucherScanTask - 按file_index分组后共有1组数据
2025-05-23 15:03:00.022 [pool-2-thread-5] INFO  com.paob.tms.task.VoucherScanTask - 处理文件：A23_20250522_800000_104_return.txt
2025-05-23 15:03:00.026 [pool-2-thread-5] INFO  com.paob.tms.task.VoucherScanTask - 文件不存在: A23_20250522_800000_104_return.txt
2025-05-23 15:04:00.010 [pool-2-thread-4] INFO  com.paob.tms.task.VoucherScanTask - 开始扫描凭证文件，文件路径：D:/work/paob_tms1/keys
2025-05-23 15:04:00.016 [pool-2-thread-4] INFO  com.paob.tms.task.VoucherScanTask - 查询到2条待处理的凭证记录
2025-05-23 15:04:00.016 [pool-2-thread-4] INFO  com.paob.tms.task.VoucherScanTask - 按file_index分组后共有1组数据
2025-05-23 15:04:00.016 [pool-2-thread-4] INFO  com.paob.tms.task.VoucherScanTask - 处理文件：A23_20250522_800000_104_return.txt
2025-05-23 15:04:00.026 [pool-2-thread-4] INFO  com.paob.tms.task.VoucherScanTask - 文件不存在: A23_20250522_800000_104_return.txt
2025-05-23 15:05:00.012 [pool-2-thread-4] INFO  com.paob.tms.task.VoucherScanTask - 开始扫描凭证文件，文件路径：D:/work/paob_tms1/keys
2025-05-23 15:05:00.040 [pool-2-thread-4] INFO  com.paob.tms.task.VoucherScanTask - 查询到2条待处理的凭证记录
2025-05-23 15:05:00.040 [pool-2-thread-4] INFO  com.paob.tms.task.VoucherScanTask - 按file_index分组后共有1组数据
2025-05-23 15:05:00.040 [pool-2-thread-4] INFO  com.paob.tms.task.VoucherScanTask - 处理文件：A23_20250522_800000_104_return.txt
2025-05-23 15:05:00.042 [pool-2-thread-4] INFO  com.paob.tms.task.VoucherScanTask - 文件不存在: A23_20250522_800000_104_return.txt
2025-05-23 15:06:00.006 [pool-2-thread-4] INFO  com.paob.tms.task.VoucherScanTask - 开始扫描凭证文件，文件路径：D:/work/paob_tms1/keys
2025-05-23 15:06:00.156 [pool-2-thread-4] INFO  com.paob.tms.task.VoucherScanTask - 查询到2条待处理的凭证记录
2025-05-23 15:06:00.156 [pool-2-thread-4] INFO  com.paob.tms.task.VoucherScanTask - 按file_index分组后共有1组数据
2025-05-23 15:06:00.156 [pool-2-thread-4] INFO  com.paob.tms.task.VoucherScanTask - 处理文件：A23_20250522_800000_104_return.txt
2025-05-23 15:06:00.156 [pool-2-thread-4] INFO  com.paob.tms.task.VoucherScanTask - 文件不存在: A23_20250522_800000_104_return.txt
2025-05-23 15:07:00.008 [pool-2-thread-4] INFO  com.paob.tms.task.VoucherScanTask - 开始扫描凭证文件，文件路径：D:/work/paob_tms1/keys
2025-05-23 15:07:00.014 [pool-2-thread-4] INFO  com.paob.tms.task.VoucherScanTask - 查询到2条待处理的凭证记录
2025-05-23 15:07:00.014 [pool-2-thread-4] INFO  com.paob.tms.task.VoucherScanTask - 按file_index分组后共有1组数据
2025-05-23 15:07:00.014 [pool-2-thread-4] INFO  com.paob.tms.task.VoucherScanTask - 处理文件：A23_20250522_800000_104_return.txt
2025-05-23 15:07:00.016 [pool-2-thread-4] INFO  com.paob.tms.task.VoucherScanTask - 文件不存在: A23_20250522_800000_104_return.txt
2025-05-23 15:08:00.010 [pool-2-thread-4] INFO  com.paob.tms.task.VoucherScanTask - 开始扫描凭证文件，文件路径：D:/work/paob_tms1/keys
2025-05-23 15:08:00.018 [pool-2-thread-4] INFO  com.paob.tms.task.VoucherScanTask - 查询到2条待处理的凭证记录
2025-05-23 15:08:00.018 [pool-2-thread-4] INFO  com.paob.tms.task.VoucherScanTask - 按file_index分组后共有1组数据
2025-05-23 15:08:00.018 [pool-2-thread-4] INFO  com.paob.tms.task.VoucherScanTask - 处理文件：A23_20250522_800000_104_return.txt
2025-05-23 15:08:00.020 [pool-2-thread-4] INFO  com.paob.tms.task.VoucherScanTask - 文件不存在: A23_20250522_800000_104_return.txt
2025-05-23 15:09:00.006 [pool-2-thread-1] INFO  com.paob.tms.task.VoucherScanTask - 开始扫描凭证文件，文件路径：D:/work/paob_tms1/keys
2025-05-23 15:09:00.014 [pool-2-thread-1] INFO  com.paob.tms.task.VoucherScanTask - 查询到2条待处理的凭证记录
2025-05-23 15:09:00.014 [pool-2-thread-1] INFO  com.paob.tms.task.VoucherScanTask - 按file_index分组后共有1组数据
2025-05-23 15:09:00.015 [pool-2-thread-1] INFO  com.paob.tms.task.VoucherScanTask - 处理文件：A23_20250522_800000_104_return.txt
2025-05-23 15:09:00.016 [pool-2-thread-1] INFO  com.paob.tms.task.VoucherScanTask - 文件不存在: A23_20250522_800000_104_return.txt
2025-05-23 15:10:00.000 [pool-2-thread-5] INFO  com.paob.tms.task.VoucherScanTask - 开始扫描凭证文件，文件路径：D:/work/paob_tms1/keys
2025-05-23 15:10:00.015 [pool-2-thread-5] INFO  com.paob.tms.task.VoucherScanTask - 查询到2条待处理的凭证记录
2025-05-23 15:10:00.015 [pool-2-thread-5] INFO  com.paob.tms.task.VoucherScanTask - 按file_index分组后共有1组数据
2025-05-23 15:10:00.015 [pool-2-thread-5] INFO  com.paob.tms.task.VoucherScanTask - 处理文件：A23_20250522_800000_104_return.txt
2025-05-23 15:10:00.017 [pool-2-thread-5] INFO  com.paob.tms.task.VoucherScanTask - 文件不存在: A23_20250522_800000_104_return.txt
2025-05-23 15:11:00.012 [pool-2-thread-5] INFO  com.paob.tms.task.VoucherScanTask - 开始扫描凭证文件，文件路径：D:/work/paob_tms1/keys
2025-05-23 15:11:00.018 [pool-2-thread-5] INFO  com.paob.tms.task.VoucherScanTask - 查询到2条待处理的凭证记录
2025-05-23 15:11:00.018 [pool-2-thread-5] INFO  com.paob.tms.task.VoucherScanTask - 按file_index分组后共有1组数据
2025-05-23 15:11:00.018 [pool-2-thread-5] INFO  com.paob.tms.task.VoucherScanTask - 处理文件：A23_20250522_800000_104_return.txt
2025-05-23 15:11:00.019 [pool-2-thread-5] INFO  com.paob.tms.task.VoucherScanTask - 文件不存在: A23_20250522_800000_104_return.txt
2025-05-23 15:12:00.000 [pool-2-thread-5] INFO  com.paob.tms.task.VoucherScanTask - 开始扫描凭证文件，文件路径：D:/work/paob_tms1/keys
2025-05-23 15:12:00.016 [pool-2-thread-5] INFO  com.paob.tms.task.VoucherScanTask - 查询到2条待处理的凭证记录
2025-05-23 15:12:00.016 [pool-2-thread-5] INFO  com.paob.tms.task.VoucherScanTask - 按file_index分组后共有1组数据
2025-05-23 15:12:00.016 [pool-2-thread-5] INFO  com.paob.tms.task.VoucherScanTask - 处理文件：A23_20250522_800000_104_return.txt
2025-05-23 15:12:00.018 [pool-2-thread-5] INFO  com.paob.tms.task.VoucherScanTask - 文件不存在: A23_20250522_800000_104_return.txt
2025-05-23 15:13:00.009 [pool-2-thread-5] INFO  com.paob.tms.task.VoucherScanTask - 开始扫描凭证文件，文件路径：D:/work/paob_tms1/keys
2025-05-23 15:13:00.016 [pool-2-thread-5] INFO  com.paob.tms.task.VoucherScanTask - 查询到2条待处理的凭证记录
2025-05-23 15:13:00.017 [pool-2-thread-5] INFO  com.paob.tms.task.VoucherScanTask - 按file_index分组后共有1组数据
2025-05-23 15:13:00.017 [pool-2-thread-5] INFO  com.paob.tms.task.VoucherScanTask - 处理文件：A23_20250522_800000_104_return.txt
2025-05-23 15:13:00.018 [pool-2-thread-5] INFO  com.paob.tms.task.VoucherScanTask - 文件不存在: A23_20250522_800000_104_return.txt
2025-05-23 15:14:00.007 [pool-2-thread-5] INFO  com.paob.tms.task.VoucherScanTask - 开始扫描凭证文件，文件路径：D:/work/paob_tms1/keys
2025-05-23 15:14:00.021 [pool-2-thread-5] INFO  com.paob.tms.task.VoucherScanTask - 查询到2条待处理的凭证记录
2025-05-23 15:14:00.021 [pool-2-thread-5] INFO  com.paob.tms.task.VoucherScanTask - 按file_index分组后共有1组数据
2025-05-23 15:14:00.023 [pool-2-thread-5] INFO  com.paob.tms.task.VoucherScanTask - 处理文件：A23_20250522_800000_104_return.txt
2025-05-23 15:14:00.023 [pool-2-thread-5] INFO  com.paob.tms.task.VoucherScanTask - 文件不存在: A23_20250522_800000_104_return.txt
2025-05-23 15:15:00.013 [pool-2-thread-5] INFO  com.paob.tms.task.VoucherScanTask - 开始扫描凭证文件，文件路径：D:/work/paob_tms1/keys
2025-05-23 15:15:00.020 [pool-2-thread-5] INFO  com.paob.tms.task.VoucherScanTask - 查询到2条待处理的凭证记录
2025-05-23 15:15:00.020 [pool-2-thread-5] INFO  com.paob.tms.task.VoucherScanTask - 按file_index分组后共有1组数据
2025-05-23 15:15:00.021 [pool-2-thread-5] INFO  com.paob.tms.task.VoucherScanTask - 处理文件：A23_20250522_800000_104_return.txt
2025-05-23 15:15:00.022 [pool-2-thread-5] INFO  com.paob.tms.task.VoucherScanTask - 文件不存在: A23_20250522_800000_104_return.txt
2025-05-23 15:16:00.007 [pool-2-thread-1] INFO  com.paob.tms.task.VoucherScanTask - 开始扫描凭证文件，文件路径：D:/work/paob_tms1/keys
2025-05-23 15:16:00.023 [pool-2-thread-1] INFO  com.paob.tms.task.VoucherScanTask - 查询到2条待处理的凭证记录
2025-05-23 15:16:00.023 [pool-2-thread-1] INFO  com.paob.tms.task.VoucherScanTask - 按file_index分组后共有1组数据
2025-05-23 15:16:00.023 [pool-2-thread-1] INFO  com.paob.tms.task.VoucherScanTask - 处理文件：A23_20250522_800000_104_return.txt
2025-05-23 15:16:00.025 [pool-2-thread-1] INFO  com.paob.tms.task.VoucherScanTask - 文件不存在: A23_20250522_800000_104_return.txt
2025-05-23 15:17:00.010 [pool-2-thread-4] INFO  com.paob.tms.task.VoucherScanTask - 开始扫描凭证文件，文件路径：D:/work/paob_tms1/keys
2025-05-23 15:17:00.018 [pool-2-thread-4] INFO  com.paob.tms.task.VoucherScanTask - 查询到2条待处理的凭证记录
2025-05-23 15:17:00.018 [pool-2-thread-4] INFO  com.paob.tms.task.VoucherScanTask - 按file_index分组后共有1组数据
2025-05-23 15:17:00.018 [pool-2-thread-4] INFO  com.paob.tms.task.VoucherScanTask - 处理文件：A23_20250522_800000_104_return.txt
2025-05-23 15:17:00.020 [pool-2-thread-4] INFO  com.paob.tms.task.VoucherScanTask - 文件不存在: A23_20250522_800000_104_return.txt
2025-05-23 15:18:00.006 [pool-2-thread-4] INFO  com.paob.tms.task.VoucherScanTask - 开始扫描凭证文件，文件路径：D:/work/paob_tms1/keys
2025-05-23 15:18:00.022 [pool-2-thread-4] INFO  com.paob.tms.task.VoucherScanTask - 查询到2条待处理的凭证记录
2025-05-23 15:18:00.022 [pool-2-thread-4] INFO  com.paob.tms.task.VoucherScanTask - 按file_index分组后共有1组数据
2025-05-23 15:18:00.022 [pool-2-thread-4] INFO  com.paob.tms.task.VoucherScanTask - 处理文件：A23_20250522_800000_104_return.txt
2025-05-23 15:18:00.026 [pool-2-thread-4] INFO  com.paob.tms.task.VoucherScanTask - 文件不存在: A23_20250522_800000_104_return.txt
2025-05-23 15:19:00.009 [pool-2-thread-1] INFO  com.paob.tms.task.VoucherScanTask - 开始扫描凭证文件，文件路径：D:/work/paob_tms1/keys
2025-05-23 15:19:00.025 [pool-2-thread-1] INFO  com.paob.tms.task.VoucherScanTask - 查询到2条待处理的凭证记录
2025-05-23 15:19:00.025 [pool-2-thread-1] INFO  com.paob.tms.task.VoucherScanTask - 按file_index分组后共有1组数据
2025-05-23 15:19:00.025 [pool-2-thread-1] INFO  com.paob.tms.task.VoucherScanTask - 处理文件：A23_20250522_800000_104_return.txt
2025-05-23 15:19:00.025 [pool-2-thread-1] INFO  com.paob.tms.task.VoucherScanTask - 文件不存在: A23_20250522_800000_104_return.txt
2025-05-23 15:20:00.004 [pool-2-thread-5] INFO  com.paob.tms.task.VoucherScanTask - 开始扫描凭证文件，文件路径：D:/work/paob_tms1/keys
2025-05-23 15:20:00.021 [pool-2-thread-5] INFO  com.paob.tms.task.VoucherScanTask - 查询到2条待处理的凭证记录
2025-05-23 15:20:00.021 [pool-2-thread-5] INFO  com.paob.tms.task.VoucherScanTask - 按file_index分组后共有1组数据
2025-05-23 15:20:00.021 [pool-2-thread-5] INFO  com.paob.tms.task.VoucherScanTask - 处理文件：A23_20250522_800000_104_return.txt
2025-05-23 15:20:00.026 [pool-2-thread-5] INFO  com.paob.tms.task.VoucherScanTask - 文件不存在: A23_20250522_800000_104_return.txt
2025-05-23 15:21:00.003 [pool-2-thread-4] INFO  com.paob.tms.task.VoucherScanTask - 开始扫描凭证文件，文件路径：D:/work/paob_tms1/keys
2025-05-23 15:21:00.013 [pool-2-thread-4] INFO  com.paob.tms.task.VoucherScanTask - 查询到2条待处理的凭证记录
2025-05-23 15:21:00.013 [pool-2-thread-4] INFO  com.paob.tms.task.VoucherScanTask - 按file_index分组后共有1组数据
2025-05-23 15:21:00.013 [pool-2-thread-4] INFO  com.paob.tms.task.VoucherScanTask - 处理文件：A23_20250522_800000_104_return.txt
2025-05-23 15:21:00.015 [pool-2-thread-4] INFO  com.paob.tms.task.VoucherScanTask - 文件不存在: A23_20250522_800000_104_return.txt
2025-05-23 15:22:00.011 [pool-2-thread-1] INFO  com.paob.tms.task.VoucherScanTask - 开始扫描凭证文件，文件路径：D:/work/paob_tms1/keys
2025-05-23 15:22:00.025 [pool-2-thread-1] INFO  com.paob.tms.task.VoucherScanTask - 查询到2条待处理的凭证记录
2025-05-23 15:22:00.025 [pool-2-thread-1] INFO  com.paob.tms.task.VoucherScanTask - 按file_index分组后共有1组数据
2025-05-23 15:22:00.027 [pool-2-thread-1] INFO  com.paob.tms.task.VoucherScanTask - 处理文件：A23_20250522_800000_104_return.txt
2025-05-23 15:22:00.029 [pool-2-thread-1] INFO  com.paob.tms.task.VoucherScanTask - 文件不存在: A23_20250522_800000_104_return.txt
2025-05-23 15:23:00.011 [pool-2-thread-1] INFO  com.paob.tms.task.VoucherScanTask - 开始扫描凭证文件，文件路径：D:/work/paob_tms1/keys
2025-05-23 15:23:00.027 [pool-2-thread-1] INFO  com.paob.tms.task.VoucherScanTask - 查询到2条待处理的凭证记录
2025-05-23 15:23:00.027 [pool-2-thread-1] INFO  com.paob.tms.task.VoucherScanTask - 按file_index分组后共有1组数据
2025-05-23 15:23:00.027 [pool-2-thread-1] INFO  com.paob.tms.task.VoucherScanTask - 处理文件：A23_20250522_800000_104_return.txt
2025-05-23 15:23:00.027 [pool-2-thread-1] INFO  com.paob.tms.task.VoucherScanTask - 文件不存在: A23_20250522_800000_104_return.txt
2025-05-23 15:24:00.009 [pool-2-thread-1] INFO  com.paob.tms.task.VoucherScanTask - 开始扫描凭证文件，文件路径：D:/work/paob_tms1/keys
2025-05-23 15:24:00.027 [pool-2-thread-1] INFO  com.paob.tms.task.VoucherScanTask - 查询到2条待处理的凭证记录
2025-05-23 15:24:00.027 [pool-2-thread-1] INFO  com.paob.tms.task.VoucherScanTask - 按file_index分组后共有1组数据
2025-05-23 15:24:00.027 [pool-2-thread-1] INFO  com.paob.tms.task.VoucherScanTask - 处理文件：A23_20250522_800000_104_return.txt
2025-05-23 15:24:00.029 [pool-2-thread-1] INFO  com.paob.tms.task.VoucherScanTask - 文件不存在: A23_20250522_800000_104_return.txt
2025-05-23 15:25:00.008 [pool-2-thread-5] INFO  com.paob.tms.task.VoucherScanTask - 开始扫描凭证文件，文件路径：D:/work/paob_tms1/keys
2025-05-23 15:25:00.023 [pool-2-thread-5] INFO  com.paob.tms.task.VoucherScanTask - 查询到2条待处理的凭证记录
2025-05-23 15:25:00.023 [pool-2-thread-5] INFO  com.paob.tms.task.VoucherScanTask - 按file_index分组后共有1组数据
2025-05-23 15:25:00.023 [pool-2-thread-5] INFO  com.paob.tms.task.VoucherScanTask - 处理文件：A23_20250522_800000_104_return.txt
2025-05-23 15:25:00.024 [pool-2-thread-5] INFO  com.paob.tms.task.VoucherScanTask - 文件不存在: A23_20250522_800000_104_return.txt
2025-05-23 15:26:00.001 [pool-2-thread-5] INFO  com.paob.tms.task.VoucherScanTask - 开始扫描凭证文件，文件路径：D:/work/paob_tms1/keys
2025-05-23 15:26:00.018 [pool-2-thread-5] INFO  com.paob.tms.task.VoucherScanTask - 查询到2条待处理的凭证记录
2025-05-23 15:26:00.018 [pool-2-thread-5] INFO  com.paob.tms.task.VoucherScanTask - 按file_index分组后共有1组数据
2025-05-23 15:26:00.018 [pool-2-thread-5] INFO  com.paob.tms.task.VoucherScanTask - 处理文件：A23_20250522_800000_104_return.txt
2025-05-23 15:26:00.021 [pool-2-thread-5] INFO  com.paob.tms.task.VoucherScanTask - 文件不存在: A23_20250522_800000_104_return.txt
2025-05-23 15:27:00.013 [pool-2-thread-1] INFO  com.paob.tms.task.VoucherScanTask - 开始扫描凭证文件，文件路径：D:/work/paob_tms1/keys
2025-05-23 15:27:00.028 [pool-2-thread-1] INFO  com.paob.tms.task.VoucherScanTask - 查询到2条待处理的凭证记录
2025-05-23 15:27:00.029 [pool-2-thread-1] INFO  com.paob.tms.task.VoucherScanTask - 按file_index分组后共有1组数据
2025-05-23 15:27:00.029 [pool-2-thread-1] INFO  com.paob.tms.task.VoucherScanTask - 处理文件：A23_20250522_800000_104_return.txt
2025-05-23 15:27:00.029 [pool-2-thread-1] INFO  com.paob.tms.task.VoucherScanTask - 文件不存在: A23_20250522_800000_104_return.txt
2025-05-23 15:28:00.002 [pool-2-thread-1] INFO  com.paob.tms.task.VoucherScanTask - 开始扫描凭证文件，文件路径：D:/work/paob_tms1/keys
2025-05-23 15:28:00.017 [pool-2-thread-1] INFO  com.paob.tms.task.VoucherScanTask - 查询到2条待处理的凭证记录
2025-05-23 15:28:00.017 [pool-2-thread-1] INFO  com.paob.tms.task.VoucherScanTask - 按file_index分组后共有1组数据
2025-05-23 15:28:00.017 [pool-2-thread-1] INFO  com.paob.tms.task.VoucherScanTask - 处理文件：A23_20250522_800000_104_return.txt
2025-05-23 15:28:00.019 [pool-2-thread-1] INFO  com.paob.tms.task.VoucherScanTask - 文件不存在: A23_20250522_800000_104_return.txt
2025-05-23 15:29:00.011 [pool-2-thread-5] INFO  com.paob.tms.task.VoucherScanTask - 开始扫描凭证文件，文件路径：D:/work/paob_tms1/keys
2025-05-23 15:29:00.026 [pool-2-thread-5] INFO  com.paob.tms.task.VoucherScanTask - 查询到2条待处理的凭证记录
2025-05-23 15:29:00.026 [pool-2-thread-5] INFO  com.paob.tms.task.VoucherScanTask - 按file_index分组后共有1组数据
2025-05-23 15:29:00.026 [pool-2-thread-5] INFO  com.paob.tms.task.VoucherScanTask - 处理文件：A23_20250522_800000_104_return.txt
2025-05-23 15:29:00.028 [pool-2-thread-5] INFO  com.paob.tms.task.VoucherScanTask - 文件不存在: A23_20250522_800000_104_return.txt
2025-05-23 15:30:00.006 [pool-2-thread-5] INFO  com.paob.tms.task.VoucherScanTask - 开始扫描凭证文件，文件路径：D:/work/paob_tms1/keys
2025-05-23 15:30:00.017 [pool-2-thread-5] INFO  com.paob.tms.task.VoucherScanTask - 查询到2条待处理的凭证记录
2025-05-23 15:30:00.017 [pool-2-thread-5] INFO  com.paob.tms.task.VoucherScanTask - 按file_index分组后共有1组数据
2025-05-23 15:30:00.017 [pool-2-thread-5] INFO  com.paob.tms.task.VoucherScanTask - 处理文件：A23_20250522_800000_104_return.txt
2025-05-23 15:30:00.019 [pool-2-thread-5] INFO  com.paob.tms.task.VoucherScanTask - 文件不存在: A23_20250522_800000_104_return.txt
2025-05-23 15:31:00.014 [pool-2-thread-1] INFO  com.paob.tms.task.VoucherScanTask - 开始扫描凭证文件，文件路径：D:/work/paob_tms1/keys
2025-05-23 15:31:00.033 [pool-2-thread-1] INFO  com.paob.tms.task.VoucherScanTask - 查询到2条待处理的凭证记录
2025-05-23 15:31:00.033 [pool-2-thread-1] INFO  com.paob.tms.task.VoucherScanTask - 按file_index分组后共有1组数据
2025-05-23 15:31:00.033 [pool-2-thread-1] INFO  com.paob.tms.task.VoucherScanTask - 处理文件：A23_20250522_800000_104_return.txt
2025-05-23 15:31:00.035 [pool-2-thread-1] INFO  com.paob.tms.task.VoucherScanTask - 文件不存在: A23_20250522_800000_104_return.txt
2025-05-23 15:32:00.008 [pool-2-thread-1] INFO  com.paob.tms.task.VoucherScanTask - 开始扫描凭证文件，文件路径：D:/work/paob_tms1/keys
2025-05-23 15:32:00.015 [pool-2-thread-1] INFO  com.paob.tms.task.VoucherScanTask - 查询到2条待处理的凭证记录
2025-05-23 15:32:00.017 [pool-2-thread-1] INFO  com.paob.tms.task.VoucherScanTask - 按file_index分组后共有1组数据
2025-05-23 15:32:00.017 [pool-2-thread-1] INFO  com.paob.tms.task.VoucherScanTask - 处理文件：A23_20250522_800000_104_return.txt
2025-05-23 15:32:00.018 [pool-2-thread-1] INFO  com.paob.tms.task.VoucherScanTask - 文件不存在: A23_20250522_800000_104_return.txt
2025-05-23 15:33:00.010 [pool-2-thread-1] INFO  com.paob.tms.task.VoucherScanTask - 开始扫描凭证文件，文件路径：D:/work/paob_tms1/keys
2025-05-23 15:33:00.019 [pool-2-thread-1] INFO  com.paob.tms.task.VoucherScanTask - 查询到2条待处理的凭证记录
2025-05-23 15:33:00.019 [pool-2-thread-1] INFO  com.paob.tms.task.VoucherScanTask - 按file_index分组后共有1组数据
2025-05-23 15:33:00.019 [pool-2-thread-1] INFO  com.paob.tms.task.VoucherScanTask - 处理文件：A23_20250522_800000_104_return.txt
2025-05-23 15:33:00.023 [pool-2-thread-1] INFO  com.paob.tms.task.VoucherScanTask - 文件不存在: A23_20250522_800000_104_return.txt
2025-05-23 15:34:00.010 [pool-2-thread-1] INFO  com.paob.tms.task.VoucherScanTask - 开始扫描凭证文件，文件路径：D:/work/paob_tms1/keys
2025-05-23 15:34:00.025 [pool-2-thread-1] INFO  com.paob.tms.task.VoucherScanTask - 查询到2条待处理的凭证记录
2025-05-23 15:34:00.025 [pool-2-thread-1] INFO  com.paob.tms.task.VoucherScanTask - 按file_index分组后共有1组数据
2025-05-23 15:34:00.025 [pool-2-thread-1] INFO  com.paob.tms.task.VoucherScanTask - 处理文件：A23_20250522_800000_104_return.txt
2025-05-23 15:34:00.027 [pool-2-thread-1] INFO  com.paob.tms.task.VoucherScanTask - 文件不存在: A23_20250522_800000_104_return.txt
2025-05-23 15:35:00.007 [pool-2-thread-5] INFO  com.paob.tms.task.VoucherScanTask - 开始扫描凭证文件，文件路径：D:/work/paob_tms1/keys
2025-05-23 15:35:00.013 [pool-2-thread-5] INFO  com.paob.tms.task.VoucherScanTask - 查询到2条待处理的凭证记录
2025-05-23 15:35:00.015 [pool-2-thread-5] INFO  com.paob.tms.task.VoucherScanTask - 按file_index分组后共有1组数据
2025-05-23 15:35:00.015 [pool-2-thread-5] INFO  com.paob.tms.task.VoucherScanTask - 处理文件：A23_20250522_800000_104_return.txt
2025-05-23 15:35:00.017 [pool-2-thread-5] INFO  com.paob.tms.task.VoucherScanTask - 文件不存在: A23_20250522_800000_104_return.txt
2025-05-23 15:36:00.012 [pool-2-thread-4] INFO  com.paob.tms.task.VoucherScanTask - 开始扫描凭证文件，文件路径：D:/work/paob_tms1/keys
2025-05-23 15:36:00.021 [pool-2-thread-4] INFO  com.paob.tms.task.VoucherScanTask - 查询到2条待处理的凭证记录
2025-05-23 15:36:00.021 [pool-2-thread-4] INFO  com.paob.tms.task.VoucherScanTask - 按file_index分组后共有1组数据
2025-05-23 15:36:00.021 [pool-2-thread-4] INFO  com.paob.tms.task.VoucherScanTask - 处理文件：A23_20250522_800000_104_return.txt
2025-05-23 15:36:00.022 [pool-2-thread-4] INFO  com.paob.tms.task.VoucherScanTask - 文件不存在: A23_20250522_800000_104_return.txt
2025-05-23 15:37:00.007 [pool-2-thread-4] INFO  com.paob.tms.task.VoucherScanTask - 开始扫描凭证文件，文件路径：D:/work/paob_tms1/keys
2025-05-23 15:37:00.018 [pool-2-thread-4] INFO  com.paob.tms.task.VoucherScanTask - 查询到2条待处理的凭证记录
2025-05-23 15:37:00.020 [pool-2-thread-4] INFO  com.paob.tms.task.VoucherScanTask - 按file_index分组后共有1组数据
2025-05-23 15:37:00.020 [pool-2-thread-4] INFO  com.paob.tms.task.VoucherScanTask - 处理文件：A23_20250522_800000_104_return.txt
2025-05-23 15:37:00.020 [pool-2-thread-4] INFO  com.paob.tms.task.VoucherScanTask - 文件不存在: A23_20250522_800000_104_return.txt
2025-05-23 15:38:00.007 [pool-2-thread-5] INFO  com.paob.tms.task.VoucherScanTask - 开始扫描凭证文件，文件路径：D:/work/paob_tms1/keys
2025-05-23 15:38:00.018 [pool-2-thread-5] INFO  com.paob.tms.task.VoucherScanTask - 查询到2条待处理的凭证记录
2025-05-23 15:38:00.018 [pool-2-thread-5] INFO  com.paob.tms.task.VoucherScanTask - 按file_index分组后共有1组数据
2025-05-23 15:38:00.022 [pool-2-thread-5] INFO  com.paob.tms.task.VoucherScanTask - 处理文件：A23_20250522_800000_104_return.txt
2025-05-23 15:38:00.022 [pool-2-thread-5] INFO  com.paob.tms.task.VoucherScanTask - 文件不存在: A23_20250522_800000_104_return.txt
2025-05-23 15:39:00.004 [pool-2-thread-1] INFO  com.paob.tms.task.VoucherScanTask - 开始扫描凭证文件，文件路径：D:/work/paob_tms1/keys
2025-05-23 15:39:00.018 [pool-2-thread-1] INFO  com.paob.tms.task.VoucherScanTask - 查询到2条待处理的凭证记录
2025-05-23 15:39:00.018 [pool-2-thread-1] INFO  com.paob.tms.task.VoucherScanTask - 按file_index分组后共有1组数据
2025-05-23 15:39:00.018 [pool-2-thread-1] INFO  com.paob.tms.task.VoucherScanTask - 处理文件：A23_20250522_800000_104_return.txt
2025-05-23 15:39:00.020 [pool-2-thread-1] INFO  com.paob.tms.task.VoucherScanTask - 文件不存在: A23_20250522_800000_104_return.txt
2025-05-23 15:40:00.007 [pool-2-thread-1] INFO  com.paob.tms.task.VoucherScanTask - 开始扫描凭证文件，文件路径：D:/work/paob_tms1/keys
2025-05-23 15:40:00.023 [pool-2-thread-1] INFO  com.paob.tms.task.VoucherScanTask - 查询到2条待处理的凭证记录
2025-05-23 15:40:00.024 [pool-2-thread-1] INFO  com.paob.tms.task.VoucherScanTask - 按file_index分组后共有1组数据
2025-05-23 15:40:00.024 [pool-2-thread-1] INFO  com.paob.tms.task.VoucherScanTask - 处理文件：A23_20250522_800000_104_return.txt
2025-05-23 15:40:00.024 [pool-2-thread-1] INFO  com.paob.tms.task.VoucherScanTask - 文件不存在: A23_20250522_800000_104_return.txt
2025-05-23 15:41:00.011 [pool-2-thread-5] INFO  com.paob.tms.task.VoucherScanTask - 开始扫描凭证文件，文件路径：D:/work/paob_tms1/keys
2025-05-23 15:41:00.026 [pool-2-thread-5] INFO  com.paob.tms.task.VoucherScanTask - 查询到2条待处理的凭证记录
2025-05-23 15:41:00.026 [pool-2-thread-5] INFO  com.paob.tms.task.VoucherScanTask - 按file_index分组后共有1组数据
2025-05-23 15:41:00.026 [pool-2-thread-5] INFO  com.paob.tms.task.VoucherScanTask - 处理文件：A23_20250522_800000_104_return.txt
2025-05-23 15:41:00.028 [pool-2-thread-5] INFO  com.paob.tms.task.VoucherScanTask - 文件不存在: A23_20250522_800000_104_return.txt
2025-05-23 15:42:00.004 [pool-2-thread-4] INFO  com.paob.tms.task.VoucherScanTask - 开始扫描凭证文件，文件路径：D:/work/paob_tms1/keys
2025-05-23 15:42:00.010 [pool-2-thread-4] INFO  com.paob.tms.task.VoucherScanTask - 查询到2条待处理的凭证记录
2025-05-23 15:42:00.012 [pool-2-thread-4] INFO  com.paob.tms.task.VoucherScanTask - 按file_index分组后共有1组数据
2025-05-23 15:42:00.012 [pool-2-thread-4] INFO  com.paob.tms.task.VoucherScanTask - 处理文件：A23_20250522_800000_104_return.txt
2025-05-23 15:42:00.014 [pool-2-thread-4] INFO  com.paob.tms.task.VoucherScanTask - 文件不存在: A23_20250522_800000_104_return.txt
2025-05-23 15:43:00.014 [pool-2-thread-1] INFO  com.paob.tms.task.VoucherScanTask - 开始扫描凭证文件，文件路径：D:/work/paob_tms1/keys
2025-05-23 15:43:00.029 [pool-2-thread-1] INFO  com.paob.tms.task.VoucherScanTask - 查询到2条待处理的凭证记录
2025-05-23 15:43:00.029 [pool-2-thread-1] INFO  com.paob.tms.task.VoucherScanTask - 按file_index分组后共有1组数据
2025-05-23 15:43:00.029 [pool-2-thread-1] INFO  com.paob.tms.task.VoucherScanTask - 处理文件：A23_20250522_800000_104_return.txt
2025-05-23 15:43:00.029 [pool-2-thread-1] INFO  com.paob.tms.task.VoucherScanTask - 文件不存在: A23_20250522_800000_104_return.txt
2025-05-23 15:44:00.012 [pool-2-thread-5] INFO  com.paob.tms.task.VoucherScanTask - 开始扫描凭证文件，文件路径：D:/work/paob_tms1/keys
2025-05-23 15:44:00.029 [pool-2-thread-5] INFO  com.paob.tms.task.VoucherScanTask - 查询到2条待处理的凭证记录
2025-05-23 15:44:00.031 [pool-2-thread-5] INFO  com.paob.tms.task.VoucherScanTask - 按file_index分组后共有1组数据
2025-05-23 15:44:00.031 [pool-2-thread-5] INFO  com.paob.tms.task.VoucherScanTask - 处理文件：A23_20250522_800000_104_return.txt
2025-05-23 15:44:00.037 [pool-2-thread-5] INFO  com.paob.tms.task.VoucherScanTask - 文件不存在: A23_20250522_800000_104_return.txt
2025-05-23 15:45:00.006 [pool-2-thread-5] INFO  com.paob.tms.task.VoucherScanTask - 开始扫描凭证文件，文件路径：D:/work/paob_tms1/keys
2025-05-23 15:45:00.028 [pool-2-thread-5] INFO  com.paob.tms.task.VoucherScanTask - 查询到2条待处理的凭证记录
2025-05-23 15:45:00.028 [pool-2-thread-5] INFO  com.paob.tms.task.VoucherScanTask - 按file_index分组后共有1组数据
2025-05-23 15:45:00.028 [pool-2-thread-5] INFO  com.paob.tms.task.VoucherScanTask - 处理文件：A23_20250522_800000_104_return.txt
2025-05-23 15:45:00.030 [pool-2-thread-5] INFO  com.paob.tms.task.VoucherScanTask - 文件不存在: A23_20250522_800000_104_return.txt
2025-05-23 15:46:00.015 [pool-2-thread-1] INFO  com.paob.tms.task.VoucherScanTask - 开始扫描凭证文件，文件路径：D:/work/paob_tms1/keys
2025-05-23 15:46:00.031 [pool-2-thread-1] INFO  com.paob.tms.task.VoucherScanTask - 查询到2条待处理的凭证记录
2025-05-23 15:46:00.031 [pool-2-thread-1] INFO  com.paob.tms.task.VoucherScanTask - 按file_index分组后共有1组数据
2025-05-23 15:46:00.031 [pool-2-thread-1] INFO  com.paob.tms.task.VoucherScanTask - 处理文件：A23_20250522_800000_104_return.txt
2025-05-23 15:46:00.033 [pool-2-thread-1] INFO  com.paob.tms.task.VoucherScanTask - 文件不存在: A23_20250522_800000_104_return.txt
2025-05-23 15:47:00.007 [pool-2-thread-4] INFO  com.paob.tms.task.VoucherScanTask - 开始扫描凭证文件，文件路径：D:/work/paob_tms1/keys
2025-05-23 15:47:00.023 [pool-2-thread-4] INFO  com.paob.tms.task.VoucherScanTask - 查询到2条待处理的凭证记录
2025-05-23 15:47:00.023 [pool-2-thread-4] INFO  com.paob.tms.task.VoucherScanTask - 按file_index分组后共有1组数据
2025-05-23 15:47:00.023 [pool-2-thread-4] INFO  com.paob.tms.task.VoucherScanTask - 处理文件：A23_20250522_800000_104_return.txt
2025-05-23 15:47:00.023 [pool-2-thread-4] INFO  com.paob.tms.task.VoucherScanTask - 文件不存在: A23_20250522_800000_104_return.txt
2025-05-23 15:48:00.006 [pool-2-thread-5] INFO  com.paob.tms.task.VoucherScanTask - 开始扫描凭证文件，文件路径：D:/work/paob_tms1/keys
2025-05-23 15:48:00.022 [pool-2-thread-5] INFO  com.paob.tms.task.VoucherScanTask - 查询到2条待处理的凭证记录
2025-05-23 15:48:00.022 [pool-2-thread-5] INFO  com.paob.tms.task.VoucherScanTask - 按file_index分组后共有1组数据
2025-05-23 15:48:00.022 [pool-2-thread-5] INFO  com.paob.tms.task.VoucherScanTask - 处理文件：A23_20250522_800000_104_return.txt
2025-05-23 15:48:00.024 [pool-2-thread-5] INFO  com.paob.tms.task.VoucherScanTask - 文件不存在: A23_20250522_800000_104_return.txt
2025-05-23 15:49:00.012 [pool-2-thread-1] INFO  com.paob.tms.task.VoucherScanTask - 开始扫描凭证文件，文件路径：D:/work/paob_tms1/keys
2025-05-23 15:49:00.020 [pool-2-thread-1] INFO  com.paob.tms.task.VoucherScanTask - 查询到2条待处理的凭证记录
2025-05-23 15:49:00.020 [pool-2-thread-1] INFO  com.paob.tms.task.VoucherScanTask - 按file_index分组后共有1组数据
2025-05-23 15:49:00.020 [pool-2-thread-1] INFO  com.paob.tms.task.VoucherScanTask - 处理文件：A23_20250522_800000_104_return.txt
2025-05-23 15:49:00.022 [pool-2-thread-1] INFO  com.paob.tms.task.VoucherScanTask - 文件不存在: A23_20250522_800000_104_return.txt
2025-05-23 15:50:00.003 [pool-2-thread-1] INFO  com.paob.tms.task.VoucherScanTask - 开始扫描凭证文件，文件路径：D:/work/paob_tms1/keys
2025-05-23 15:50:00.011 [pool-2-thread-1] INFO  com.paob.tms.task.VoucherScanTask - 查询到2条待处理的凭证记录
2025-05-23 15:50:00.011 [pool-2-thread-1] INFO  com.paob.tms.task.VoucherScanTask - 按file_index分组后共有1组数据
2025-05-23 15:50:00.013 [pool-2-thread-1] INFO  com.paob.tms.task.VoucherScanTask - 处理文件：A23_20250522_800000_104_return.txt
2025-05-23 15:50:00.015 [pool-2-thread-1] INFO  com.paob.tms.task.VoucherScanTask - 文件不存在: A23_20250522_800000_104_return.txt
2025-05-23 15:51:00.008 [pool-2-thread-5] INFO  com.paob.tms.task.VoucherScanTask - 开始扫描凭证文件，文件路径：D:/work/paob_tms1/keys
2025-05-23 15:51:00.018 [pool-2-thread-5] INFO  com.paob.tms.task.VoucherScanTask - 查询到2条待处理的凭证记录
2025-05-23 15:51:00.018 [pool-2-thread-5] INFO  com.paob.tms.task.VoucherScanTask - 按file_index分组后共有1组数据
2025-05-23 15:51:00.018 [pool-2-thread-5] INFO  com.paob.tms.task.VoucherScanTask - 处理文件：A23_20250522_800000_104_return.txt
2025-05-23 15:51:00.020 [pool-2-thread-5] INFO  com.paob.tms.task.VoucherScanTask - 文件不存在: A23_20250522_800000_104_return.txt
2025-05-23 15:52:00.005 [pool-2-thread-4] INFO  com.paob.tms.task.VoucherScanTask - 开始扫描凭证文件，文件路径：D:/work/paob_tms1/keys
2025-05-23 15:52:00.016 [pool-2-thread-4] INFO  com.paob.tms.task.VoucherScanTask - 查询到2条待处理的凭证记录
2025-05-23 15:52:00.016 [pool-2-thread-4] INFO  com.paob.tms.task.VoucherScanTask - 按file_index分组后共有1组数据
2025-05-23 15:52:00.018 [pool-2-thread-4] INFO  com.paob.tms.task.VoucherScanTask - 处理文件：A23_20250522_800000_104_return.txt
2025-05-23 15:52:00.018 [pool-2-thread-4] INFO  com.paob.tms.task.VoucherScanTask - 文件不存在: A23_20250522_800000_104_return.txt
2025-05-23 15:53:00.003 [pool-2-thread-4] INFO  com.paob.tms.task.VoucherScanTask - 开始扫描凭证文件，文件路径：D:/work/paob_tms1/keys
2025-05-23 15:53:00.023 [pool-2-thread-4] INFO  com.paob.tms.task.VoucherScanTask - 查询到2条待处理的凭证记录
2025-05-23 15:53:00.023 [pool-2-thread-4] INFO  com.paob.tms.task.VoucherScanTask - 按file_index分组后共有1组数据
2025-05-23 15:53:00.023 [pool-2-thread-4] INFO  com.paob.tms.task.VoucherScanTask - 处理文件：A23_20250522_800000_104_return.txt
2025-05-23 15:53:00.025 [pool-2-thread-4] INFO  com.paob.tms.task.VoucherScanTask - 文件不存在: A23_20250522_800000_104_return.txt
2025-05-23 15:54:00.014 [pool-2-thread-5] INFO  com.paob.tms.task.VoucherScanTask - 开始扫描凭证文件，文件路径：D:/work/paob_tms1/keys
2025-05-23 15:54:00.032 [pool-2-thread-5] INFO  com.paob.tms.task.VoucherScanTask - 查询到2条待处理的凭证记录
2025-05-23 15:54:00.032 [pool-2-thread-5] INFO  com.paob.tms.task.VoucherScanTask - 按file_index分组后共有1组数据
2025-05-23 15:54:00.032 [pool-2-thread-5] INFO  com.paob.tms.task.VoucherScanTask - 处理文件：A23_20250522_800000_104_return.txt
2025-05-23 15:54:00.034 [pool-2-thread-5] INFO  com.paob.tms.task.VoucherScanTask - 文件不存在: A23_20250522_800000_104_return.txt
2025-05-23 15:54:28.345 [SpringApplicationShutdownHook] INFO  com.zaxxer.hikari.HikariDataSource - HikariPool-1 - Shutdown initiated...
2025-05-23 15:54:28.378 [SpringApplicationShutdownHook] INFO  com.zaxxer.hikari.HikariDataSource - HikariPool-1 - Shutdown completed.
2025-05-23 16:10:11.969 [background-preinit] INFO  o.h.validator.internal.util.Version - HV000001: Hibernate Validator 8.0.0.Final
2025-05-23 16:10:12.120 [main] INFO  com.paob.tms.TmsApplication - Starting TmsApplication using Java 17.0.0.1 with PID 24032 (D:\work\paob_tms1\target\classes started by wangxiaowen in D:\work\paob_tms1)
2025-05-23 16:10:12.120 [main] DEBUG com.paob.tms.TmsApplication - Running with Spring Boot v3.1.0, Spring v6.0.9
2025-05-23 16:10:12.120 [main] INFO  com.paob.tms.TmsApplication - The following 1 profile is active: "dev"
2025-05-23 16:10:17.057 [main] INFO  o.s.b.w.e.tomcat.TomcatWebServer - Tomcat initialized with port(s): 8080 (http)
2025-05-23 16:10:17.073 [main] INFO  o.a.coyote.http11.Http11NioProtocol - Initializing ProtocolHandler ["http-nio-8080"]
2025-05-23 16:10:17.073 [main] INFO  o.a.catalina.core.StandardService - Starting service [Tomcat]
2025-05-23 16:10:17.073 [main] INFO  o.a.catalina.core.StandardEngine - Starting Servlet engine: [Apache Tomcat/10.1.8]
2025-05-23 16:10:17.342 [main] INFO  o.a.c.c.C.[Tomcat].[localhost].[/] - Initializing Spring embedded WebApplicationContext
2025-05-23 16:10:17.358 [main] INFO  o.s.b.w.s.c.ServletWebServerApplicationContext - Root WebApplicationContext: initialization completed in 5100 ms
2025-05-23 16:10:19.114 [main] WARN  c.b.m.c.injector.DefaultSqlInjector - class com.paob.tms.model.FpsDwRepo ,Not found @TableId annotation, Cannot use Mybatis-Plus 'xxById' Method.
2025-05-23 16:10:19.160 [main] WARN  c.b.m.c.injector.DefaultSqlInjector - class com.paob.tms.model.RiskMonitoring ,Not found @TableId annotation, Cannot use Mybatis-Plus 'xxById' Method.
2025-05-23 16:10:19.217 [main] WARN  c.b.m.c.injector.DefaultSqlInjector - class com.paob.tms.dto.resp.SelectOptionResp ,Not found @TableId annotation, Cannot use Mybatis-Plus 'xxById' Method.
2025-05-23 16:10:19.271 [main] WARN  c.b.m.c.injector.DefaultSqlInjector - class com.paob.tms.dto.resp.SubjectBalanceDetailResp ,Not found @TableId annotation, Cannot use Mybatis-Plus 'xxById' Method.
2025-05-23 16:10:19.898 [main] WARN  c.b.m.c.injector.DefaultSqlInjector - class com.paob.tms.model.TmsSubjectBalance ,Not found @TableId annotation, Cannot use Mybatis-Plus 'xxById' Method.
2025-05-23 16:10:20.975 [main] WARN  c.b.m.c.injector.DefaultSqlInjector - class com.paob.tms.model.TmsDailyRate ,Not found @TableId annotation, Cannot use Mybatis-Plus 'xxById' Method.
2025-05-23 16:10:21.441 [main] WARN  o.s.b.a.s.s.UserDetailsServiceAutoConfiguration - 

Using generated security password: 7e3a1688-d2d1-4e85-8135-b04222fc9a49

This generated password is for development use only. Your security configuration must be updated before running your application in production.

2025-05-23 16:10:22.500 [main] INFO  o.s.s.web.DefaultSecurityFilterChain - Will secure any request with [org.springframework.security.web.session.DisableEncodeUrlFilter@27261190, org.springframework.security.web.context.request.async.WebAsyncManagerIntegrationFilter@543b0737, org.springframework.security.web.context.SecurityContextHolderFilter@5a13f1f7, org.springframework.security.web.header.HeaderWriterFilter@642c72cf, org.springframework.security.web.authentication.logout.LogoutFilter@481ed95c, org.springframework.security.web.savedrequest.RequestCacheAwareFilter@7686f701, org.springframework.security.web.servletapi.SecurityContextHolderAwareRequestFilter@6cbdd1c5, org.springframework.security.web.authentication.AnonymousAuthenticationFilter@6e46891d, org.springframework.security.web.access.ExceptionTranslationFilter@2f60cbf2, org.springframework.security.web.access.intercept.AuthorizationFilter@f4f843f]
2025-05-23 16:10:23.362 [main] INFO  o.a.coyote.http11.Http11NioProtocol - Starting ProtocolHandler ["http-nio-8080"]
2025-05-23 16:10:23.460 [main] INFO  o.s.b.w.e.tomcat.TomcatWebServer - Tomcat started on port(s): 8080 (http) with context path ''
2025-05-23 16:10:23.519 [main] INFO  com.paob.tms.TmsApplication - Started TmsApplication in 12.911 seconds (process running for 15.169)
2025-05-23 16:11:00.009 [pool-2-thread-1] INFO  com.paob.tms.task.VoucherScanTask - 开始扫描凭证文件，文件路径：D:/work/paob_tms1/keys
2025-05-23 16:11:00.421 [pool-2-thread-1] INFO  com.zaxxer.hikari.HikariDataSource - HikariPool-1 - Starting...
2025-05-23 16:11:01.421 [pool-2-thread-1] INFO  com.zaxxer.hikari.pool.HikariPool - HikariPool-1 - Added connection org.postgresql.jdbc.PgConnection@44695a7
2025-05-23 16:11:01.427 [pool-2-thread-1] INFO  com.zaxxer.hikari.HikariDataSource - HikariPool-1 - Start completed.
2025-05-23 16:11:01.646 [pool-2-thread-1] INFO  com.paob.tms.task.VoucherScanTask - 查询到2条待处理的凭证记录
2025-05-23 16:11:01.650 [pool-2-thread-1] INFO  com.paob.tms.task.VoucherScanTask - 按file_index分组后共有1组数据
2025-05-23 16:11:01.650 [pool-2-thread-1] INFO  com.paob.tms.task.VoucherScanTask - 处理文件：A23_20250522_800000_104_return.txt
2025-05-23 16:11:01.652 [pool-2-thread-1] INFO  com.paob.tms.task.VoucherScanTask - 文件不存在: A23_20250522_800000_104_return.txt
2025-05-23 16:12:00.001 [pool-2-thread-2] INFO  com.paob.tms.task.VoucherScanTask - 开始扫描凭证文件，文件路径：D:/work/paob_tms1/keys
2025-05-23 16:12:00.023 [pool-2-thread-2] INFO  com.paob.tms.task.VoucherScanTask - 查询到2条待处理的凭证记录
2025-05-23 16:12:00.025 [pool-2-thread-2] INFO  com.paob.tms.task.VoucherScanTask - 按file_index分组后共有1组数据
2025-05-23 16:12:00.025 [pool-2-thread-2] INFO  com.paob.tms.task.VoucherScanTask - 处理文件：A23_20250522_800000_104_return.txt
2025-05-23 16:12:00.027 [pool-2-thread-2] INFO  com.paob.tms.task.VoucherScanTask - 文件不存在: A23_20250522_800000_104_return.txt
2025-05-23 16:13:00.006 [pool-2-thread-3] INFO  com.paob.tms.task.VoucherScanTask - 开始扫描凭证文件，文件路径：D:/work/paob_tms1/keys
2025-05-23 16:13:00.024 [pool-2-thread-3] INFO  com.paob.tms.task.VoucherScanTask - 查询到2条待处理的凭证记录
2025-05-23 16:13:00.024 [pool-2-thread-3] INFO  com.paob.tms.task.VoucherScanTask - 按file_index分组后共有1组数据
2025-05-23 16:13:00.024 [pool-2-thread-3] INFO  com.paob.tms.task.VoucherScanTask - 处理文件：A23_20250522_800000_104_return.txt
2025-05-23 16:13:00.026 [pool-2-thread-3] INFO  com.paob.tms.task.VoucherScanTask - 文件不存在: A23_20250522_800000_104_return.txt
2025-05-23 16:14:00.015 [pool-2-thread-2] INFO  com.paob.tms.task.VoucherScanTask - 开始扫描凭证文件，文件路径：D:/work/paob_tms1/keys
2025-05-23 16:14:00.027 [pool-2-thread-2] INFO  com.paob.tms.task.VoucherScanTask - 查询到2条待处理的凭证记录
2025-05-23 16:14:00.027 [pool-2-thread-2] INFO  com.paob.tms.task.VoucherScanTask - 按file_index分组后共有1组数据
2025-05-23 16:14:00.027 [pool-2-thread-2] INFO  com.paob.tms.task.VoucherScanTask - 处理文件：A23_20250522_800000_104_return.txt
2025-05-23 16:14:00.027 [pool-2-thread-2] INFO  com.paob.tms.task.VoucherScanTask - 文件不存在: A23_20250522_800000_104_return.txt
2025-05-23 16:15:00.011 [pool-2-thread-2] INFO  com.paob.tms.task.VoucherScanTask - 开始扫描凭证文件，文件路径：D:/work/paob_tms1/keys
2025-05-23 16:15:00.022 [pool-2-thread-2] INFO  com.paob.tms.task.VoucherScanTask - 查询到2条待处理的凭证记录
2025-05-23 16:15:00.022 [pool-2-thread-2] INFO  com.paob.tms.task.VoucherScanTask - 按file_index分组后共有1组数据
2025-05-23 16:15:00.022 [pool-2-thread-2] INFO  com.paob.tms.task.VoucherScanTask - 处理文件：A23_20250522_800000_104_return.txt
2025-05-23 16:15:00.023 [pool-2-thread-2] INFO  com.paob.tms.task.VoucherScanTask - 文件不存在: A23_20250522_800000_104_return.txt
2025-05-23 16:16:00.013 [pool-2-thread-2] INFO  com.paob.tms.task.VoucherScanTask - 开始扫描凭证文件，文件路径：D:/work/paob_tms1/keys
2025-05-23 16:16:00.346 [pool-2-thread-2] INFO  com.paob.tms.task.VoucherScanTask - 查询到2条待处理的凭证记录
2025-05-23 16:16:00.346 [pool-2-thread-2] INFO  com.paob.tms.task.VoucherScanTask - 按file_index分组后共有1组数据
2025-05-23 16:16:00.346 [pool-2-thread-2] INFO  com.paob.tms.task.VoucherScanTask - 处理文件：A23_20250522_800000_104_return.txt
2025-05-23 16:16:00.346 [pool-2-thread-2] INFO  com.paob.tms.task.VoucherScanTask - 文件不存在: A23_20250522_800000_104_return.txt
2025-05-23 16:17:00.005 [pool-2-thread-2] INFO  com.paob.tms.task.VoucherScanTask - 开始扫描凭证文件，文件路径：D:/work/paob_tms1/keys
2025-05-23 16:17:00.015 [pool-2-thread-2] INFO  com.paob.tms.task.VoucherScanTask - 查询到2条待处理的凭证记录
2025-05-23 16:17:00.017 [pool-2-thread-2] INFO  com.paob.tms.task.VoucherScanTask - 按file_index分组后共有1组数据
2025-05-23 16:17:00.017 [pool-2-thread-2] INFO  com.paob.tms.task.VoucherScanTask - 处理文件：A23_20250522_800000_104_return.txt
2025-05-23 16:17:00.019 [pool-2-thread-2] INFO  com.paob.tms.task.VoucherScanTask - 文件不存在: A23_20250522_800000_104_return.txt
2025-05-23 16:18:00.011 [pool-2-thread-2] INFO  com.paob.tms.task.VoucherScanTask - 开始扫描凭证文件，文件路径：D:/work/paob_tms1/keys
2025-05-23 16:18:00.034 [pool-2-thread-2] INFO  com.paob.tms.task.VoucherScanTask - 查询到2条待处理的凭证记录
2025-05-23 16:18:00.036 [pool-2-thread-2] INFO  com.paob.tms.task.VoucherScanTask - 按file_index分组后共有1组数据
2025-05-23 16:18:00.036 [pool-2-thread-2] INFO  com.paob.tms.task.VoucherScanTask - 处理文件：A23_20250522_800000_104_return.txt
2025-05-23 16:18:00.036 [pool-2-thread-2] INFO  com.paob.tms.task.VoucherScanTask - 文件不存在: A23_20250522_800000_104_return.txt
2025-05-23 16:19:00.003 [pool-2-thread-2] INFO  com.paob.tms.task.VoucherScanTask - 开始扫描凭证文件，文件路径：D:/work/paob_tms1/keys
2025-05-23 16:19:00.015 [pool-2-thread-2] INFO  com.paob.tms.task.VoucherScanTask - 查询到2条待处理的凭证记录
2025-05-23 16:19:00.015 [pool-2-thread-2] INFO  com.paob.tms.task.VoucherScanTask - 按file_index分组后共有1组数据
2025-05-23 16:19:00.015 [pool-2-thread-2] INFO  com.paob.tms.task.VoucherScanTask - 处理文件：A23_20250522_800000_104_return.txt
2025-05-23 16:19:00.015 [pool-2-thread-2] INFO  com.paob.tms.task.VoucherScanTask - 文件不存在: A23_20250522_800000_104_return.txt
2025-05-23 16:20:00.009 [pool-2-thread-2] INFO  com.paob.tms.task.VoucherScanTask - 开始扫描凭证文件，文件路径：D:/work/paob_tms1/keys
2025-05-23 16:20:00.017 [pool-2-thread-2] INFO  com.paob.tms.task.VoucherScanTask - 查询到2条待处理的凭证记录
2025-05-23 16:20:00.019 [pool-2-thread-2] INFO  com.paob.tms.task.VoucherScanTask - 按file_index分组后共有1组数据
2025-05-23 16:20:00.019 [pool-2-thread-2] INFO  com.paob.tms.task.VoucherScanTask - 处理文件：A23_20250522_800000_104_return.txt
2025-05-23 16:20:00.019 [pool-2-thread-2] INFO  com.paob.tms.task.VoucherScanTask - 文件不存在: A23_20250522_800000_104_return.txt
2025-05-23 16:21:00.001 [pool-2-thread-2] INFO  com.paob.tms.task.VoucherScanTask - 开始扫描凭证文件，文件路径：D:/work/paob_tms1/keys
2025-05-23 16:21:00.010 [pool-2-thread-2] INFO  com.paob.tms.task.VoucherScanTask - 查询到2条待处理的凭证记录
2025-05-23 16:21:00.010 [pool-2-thread-2] INFO  com.paob.tms.task.VoucherScanTask - 按file_index分组后共有1组数据
2025-05-23 16:21:00.010 [pool-2-thread-2] INFO  com.paob.tms.task.VoucherScanTask - 处理文件：A23_20250522_800000_104_return.txt
2025-05-23 16:21:00.011 [pool-2-thread-2] INFO  com.paob.tms.task.VoucherScanTask - 文件不存在: A23_20250522_800000_104_return.txt
2025-05-23 16:22:00.014 [pool-2-thread-2] INFO  com.paob.tms.task.VoucherScanTask - 开始扫描凭证文件，文件路径：D:/work/paob_tms1/keys
2025-05-23 16:22:00.022 [pool-2-thread-2] INFO  com.paob.tms.task.VoucherScanTask - 查询到2条待处理的凭证记录
2025-05-23 16:22:00.022 [pool-2-thread-2] INFO  com.paob.tms.task.VoucherScanTask - 按file_index分组后共有1组数据
2025-05-23 16:22:00.022 [pool-2-thread-2] INFO  com.paob.tms.task.VoucherScanTask - 处理文件：A23_20250522_800000_104_return.txt
2025-05-23 16:22:00.024 [pool-2-thread-2] INFO  com.paob.tms.task.VoucherScanTask - 文件不存在: A23_20250522_800000_104_return.txt
2025-05-23 16:23:00.002 [pool-2-thread-2] INFO  com.paob.tms.task.VoucherScanTask - 开始扫描凭证文件，文件路径：D:/work/paob_tms1/keys
2025-05-23 16:23:00.010 [pool-2-thread-2] INFO  com.paob.tms.task.VoucherScanTask - 查询到2条待处理的凭证记录
2025-05-23 16:23:00.010 [pool-2-thread-2] INFO  com.paob.tms.task.VoucherScanTask - 按file_index分组后共有1组数据
2025-05-23 16:23:00.010 [pool-2-thread-2] INFO  com.paob.tms.task.VoucherScanTask - 处理文件：A23_20250522_800000_104_return.txt
2025-05-23 16:23:00.012 [pool-2-thread-2] INFO  com.paob.tms.task.VoucherScanTask - 文件不存在: A23_20250522_800000_104_return.txt
2025-05-23 16:24:00.012 [pool-2-thread-2] INFO  com.paob.tms.task.VoucherScanTask - 开始扫描凭证文件，文件路径：D:/work/paob_tms1/keys
2025-05-23 16:24:00.022 [pool-2-thread-2] INFO  com.paob.tms.task.VoucherScanTask - 查询到2条待处理的凭证记录
2025-05-23 16:24:00.022 [pool-2-thread-2] INFO  com.paob.tms.task.VoucherScanTask - 按file_index分组后共有1组数据
2025-05-23 16:24:00.024 [pool-2-thread-2] INFO  com.paob.tms.task.VoucherScanTask - 处理文件：A23_20250522_800000_104_return.txt
2025-05-23 16:24:00.024 [pool-2-thread-2] INFO  com.paob.tms.task.VoucherScanTask - 文件不存在: A23_20250522_800000_104_return.txt
2025-05-23 16:25:00.001 [pool-2-thread-1] INFO  com.paob.tms.task.VoucherScanTask - 开始扫描凭证文件，文件路径：D:/work/paob_tms1/keys
2025-05-23 16:25:00.011 [pool-2-thread-1] INFO  com.paob.tms.task.VoucherScanTask - 查询到2条待处理的凭证记录
2025-05-23 16:25:00.011 [pool-2-thread-1] INFO  com.paob.tms.task.VoucherScanTask - 按file_index分组后共有1组数据
2025-05-23 16:25:00.011 [pool-2-thread-1] INFO  com.paob.tms.task.VoucherScanTask - 处理文件：A23_20250522_800000_104_return.txt
2025-05-23 16:25:00.013 [pool-2-thread-1] INFO  com.paob.tms.task.VoucherScanTask - 文件不存在: A23_20250522_800000_104_return.txt
2025-05-23 16:26:00.006 [pool-2-thread-1] INFO  com.paob.tms.task.VoucherScanTask - 开始扫描凭证文件，文件路径：D:/work/paob_tms1/keys
2025-05-23 16:26:00.025 [pool-2-thread-1] INFO  com.paob.tms.task.VoucherScanTask - 查询到2条待处理的凭证记录
2025-05-23 16:26:00.027 [pool-2-thread-1] INFO  com.paob.tms.task.VoucherScanTask - 按file_index分组后共有1组数据
2025-05-23 16:26:00.027 [pool-2-thread-1] INFO  com.paob.tms.task.VoucherScanTask - 处理文件：A23_20250522_800000_104_return.txt
2025-05-23 16:26:00.027 [pool-2-thread-1] INFO  com.paob.tms.task.VoucherScanTask - 文件不存在: A23_20250522_800000_104_return.txt
2025-05-23 16:27:00.002 [pool-2-thread-1] INFO  com.paob.tms.task.VoucherScanTask - 开始扫描凭证文件，文件路径：D:/work/paob_tms1/keys
2025-05-23 16:27:00.010 [pool-2-thread-1] INFO  com.paob.tms.task.VoucherScanTask - 查询到2条待处理的凭证记录
2025-05-23 16:27:00.012 [pool-2-thread-1] INFO  com.paob.tms.task.VoucherScanTask - 按file_index分组后共有1组数据
2025-05-23 16:27:00.012 [pool-2-thread-1] INFO  com.paob.tms.task.VoucherScanTask - 处理文件：A23_20250522_800000_104_return.txt
2025-05-23 16:27:00.012 [pool-2-thread-1] INFO  com.paob.tms.task.VoucherScanTask - 文件不存在: A23_20250522_800000_104_return.txt
2025-05-23 16:28:00.009 [pool-2-thread-1] INFO  com.paob.tms.task.VoucherScanTask - 开始扫描凭证文件，文件路径：D:/work/paob_tms1/keys
2025-05-23 16:28:00.019 [pool-2-thread-1] INFO  com.paob.tms.task.VoucherScanTask - 查询到2条待处理的凭证记录
2025-05-23 16:28:00.019 [pool-2-thread-1] INFO  com.paob.tms.task.VoucherScanTask - 按file_index分组后共有1组数据
2025-05-23 16:28:00.019 [pool-2-thread-1] INFO  com.paob.tms.task.VoucherScanTask - 处理文件：A23_20250522_800000_104_return.txt
2025-05-23 16:28:00.019 [pool-2-thread-1] INFO  com.paob.tms.task.VoucherScanTask - 文件不存在: A23_20250522_800000_104_return.txt
2025-05-23 16:29:00.006 [pool-2-thread-2] INFO  com.paob.tms.task.VoucherScanTask - 开始扫描凭证文件，文件路径：D:/work/paob_tms1/keys
2025-05-23 16:29:00.019 [pool-2-thread-2] INFO  com.paob.tms.task.VoucherScanTask - 查询到2条待处理的凭证记录
2025-05-23 16:29:00.019 [pool-2-thread-2] INFO  com.paob.tms.task.VoucherScanTask - 按file_index分组后共有1组数据
2025-05-23 16:29:00.021 [pool-2-thread-2] INFO  com.paob.tms.task.VoucherScanTask - 处理文件：A23_20250522_800000_104_return.txt
2025-05-23 16:29:00.022 [pool-2-thread-2] INFO  com.paob.tms.task.VoucherScanTask - 文件不存在: A23_20250522_800000_104_return.txt
2025-05-23 16:30:00.013 [pool-2-thread-5] INFO  com.paob.tms.task.VoucherScanTask - 开始扫描凭证文件，文件路径：D:/work/paob_tms1/keys
2025-05-23 16:30:00.024 [pool-2-thread-5] INFO  com.paob.tms.task.VoucherScanTask - 查询到2条待处理的凭证记录
2025-05-23 16:30:00.024 [pool-2-thread-5] INFO  com.paob.tms.task.VoucherScanTask - 按file_index分组后共有1组数据
2025-05-23 16:30:00.024 [pool-2-thread-5] INFO  com.paob.tms.task.VoucherScanTask - 处理文件：A23_20250522_800000_104_return.txt
2025-05-23 16:30:00.026 [pool-2-thread-5] INFO  com.paob.tms.task.VoucherScanTask - 文件不存在: A23_20250522_800000_104_return.txt
2025-05-23 16:31:00.009 [pool-2-thread-5] INFO  com.paob.tms.task.VoucherScanTask - 开始扫描凭证文件，文件路径：D:/work/paob_tms1/keys
2025-05-23 16:31:00.022 [pool-2-thread-5] INFO  com.paob.tms.task.VoucherScanTask - 查询到2条待处理的凭证记录
2025-05-23 16:31:00.023 [pool-2-thread-5] INFO  com.paob.tms.task.VoucherScanTask - 按file_index分组后共有1组数据
2025-05-23 16:31:00.023 [pool-2-thread-5] INFO  com.paob.tms.task.VoucherScanTask - 处理文件：A23_20250522_800000_104_return.txt
2025-05-23 16:31:00.024 [pool-2-thread-5] INFO  com.paob.tms.task.VoucherScanTask - 文件不存在: A23_20250522_800000_104_return.txt
2025-05-23 16:32:00.005 [pool-2-thread-5] INFO  com.paob.tms.task.VoucherScanTask - 开始扫描凭证文件，文件路径：D:/work/paob_tms1/keys
2025-05-23 16:32:00.013 [pool-2-thread-5] INFO  com.paob.tms.task.VoucherScanTask - 查询到2条待处理的凭证记录
2025-05-23 16:32:00.015 [pool-2-thread-5] INFO  com.paob.tms.task.VoucherScanTask - 按file_index分组后共有1组数据
2025-05-23 16:32:00.015 [pool-2-thread-5] INFO  com.paob.tms.task.VoucherScanTask - 处理文件：A23_20250522_800000_104_return.txt
2025-05-23 16:32:00.016 [pool-2-thread-5] INFO  com.paob.tms.task.VoucherScanTask - 文件不存在: A23_20250522_800000_104_return.txt
2025-05-23 16:33:00.008 [pool-2-thread-1] INFO  com.paob.tms.task.VoucherScanTask - 开始扫描凭证文件，文件路径：D:/work/paob_tms1/keys
2025-05-23 16:33:00.018 [pool-2-thread-1] INFO  com.paob.tms.task.VoucherScanTask - 查询到2条待处理的凭证记录
2025-05-23 16:33:00.018 [pool-2-thread-1] INFO  com.paob.tms.task.VoucherScanTask - 按file_index分组后共有1组数据
2025-05-23 16:33:00.018 [pool-2-thread-1] INFO  com.paob.tms.task.VoucherScanTask - 处理文件：A23_20250522_800000_104_return.txt
2025-05-23 16:33:00.018 [pool-2-thread-1] INFO  com.paob.tms.task.VoucherScanTask - 文件不存在: A23_20250522_800000_104_return.txt
2025-05-23 16:34:00.014 [pool-2-thread-2] INFO  com.paob.tms.task.VoucherScanTask - 开始扫描凭证文件，文件路径：D:/work/paob_tms1/keys
2025-05-23 16:34:00.025 [pool-2-thread-2] INFO  com.paob.tms.task.VoucherScanTask - 查询到2条待处理的凭证记录
2025-05-23 16:34:00.025 [pool-2-thread-2] INFO  com.paob.tms.task.VoucherScanTask - 按file_index分组后共有1组数据
2025-05-23 16:34:00.025 [pool-2-thread-2] INFO  com.paob.tms.task.VoucherScanTask - 处理文件：A23_20250522_800000_104_return.txt
2025-05-23 16:34:00.026 [pool-2-thread-2] INFO  com.paob.tms.task.VoucherScanTask - 文件不存在: A23_20250522_800000_104_return.txt
2025-05-23 16:35:00.004 [pool-2-thread-5] INFO  com.paob.tms.task.VoucherScanTask - 开始扫描凭证文件，文件路径：D:/work/paob_tms1/keys
2025-05-23 16:35:00.015 [pool-2-thread-5] INFO  com.paob.tms.task.VoucherScanTask - 查询到2条待处理的凭证记录
2025-05-23 16:35:00.343 [pool-2-thread-5] INFO  com.paob.tms.task.VoucherScanTask - 按file_index分组后共有1组数据
2025-05-23 16:35:00.345 [pool-2-thread-5] INFO  com.paob.tms.task.VoucherScanTask - 处理文件：A23_20250522_800000_104_return.txt
2025-05-23 16:35:00.345 [pool-2-thread-5] INFO  com.paob.tms.task.VoucherScanTask - 文件不存在: A23_20250522_800000_104_return.txt
2025-05-23 16:36:00.002 [pool-2-thread-5] INFO  com.paob.tms.task.VoucherScanTask - 开始扫描凭证文件，文件路径：D:/work/paob_tms1/keys
2025-05-23 16:36:00.014 [pool-2-thread-5] INFO  com.paob.tms.task.VoucherScanTask - 查询到2条待处理的凭证记录
2025-05-23 16:36:00.014 [pool-2-thread-5] INFO  com.paob.tms.task.VoucherScanTask - 按file_index分组后共有1组数据
2025-05-23 16:36:00.014 [pool-2-thread-5] INFO  com.paob.tms.task.VoucherScanTask - 处理文件：A23_20250522_800000_104_return.txt
2025-05-23 16:36:00.016 [pool-2-thread-5] INFO  com.paob.tms.task.VoucherScanTask - 文件不存在: A23_20250522_800000_104_return.txt
2025-05-23 16:37:00.004 [pool-2-thread-5] INFO  com.paob.tms.task.VoucherScanTask - 开始扫描凭证文件，文件路径：D:/work/paob_tms1/keys
2025-05-23 16:37:00.016 [pool-2-thread-5] INFO  com.paob.tms.task.VoucherScanTask - 查询到2条待处理的凭证记录
2025-05-23 16:37:00.016 [pool-2-thread-5] INFO  com.paob.tms.task.VoucherScanTask - 按file_index分组后共有1组数据
2025-05-23 16:37:00.016 [pool-2-thread-5] INFO  com.paob.tms.task.VoucherScanTask - 处理文件：A23_20250522_800000_104_return.txt
2025-05-23 16:37:00.018 [pool-2-thread-5] INFO  com.paob.tms.task.VoucherScanTask - 文件不存在: A23_20250522_800000_104_return.txt
2025-05-23 16:38:00.010 [pool-2-thread-5] INFO  com.paob.tms.task.VoucherScanTask - 开始扫描凭证文件，文件路径：D:/work/paob_tms1/keys
2025-05-23 16:38:00.018 [pool-2-thread-5] INFO  com.paob.tms.task.VoucherScanTask - 查询到2条待处理的凭证记录
2025-05-23 16:38:00.020 [pool-2-thread-5] INFO  com.paob.tms.task.VoucherScanTask - 按file_index分组后共有1组数据
2025-05-23 16:38:00.020 [pool-2-thread-5] INFO  com.paob.tms.task.VoucherScanTask - 处理文件：A23_20250522_800000_104_return.txt
2025-05-23 16:38:00.020 [pool-2-thread-5] INFO  com.paob.tms.task.VoucherScanTask - 文件不存在: A23_20250522_800000_104_return.txt
2025-05-23 16:39:00.013 [pool-2-thread-5] INFO  com.paob.tms.task.VoucherScanTask - 开始扫描凭证文件，文件路径：D:/work/paob_tms1/keys
2025-05-23 16:39:00.023 [pool-2-thread-5] INFO  com.paob.tms.task.VoucherScanTask - 查询到2条待处理的凭证记录
2025-05-23 16:39:00.027 [pool-2-thread-5] INFO  com.paob.tms.task.VoucherScanTask - 按file_index分组后共有1组数据
2025-05-23 16:39:00.027 [pool-2-thread-5] INFO  com.paob.tms.task.VoucherScanTask - 处理文件：A23_20250522_800000_104_return.txt
2025-05-23 16:39:00.028 [pool-2-thread-5] INFO  com.paob.tms.task.VoucherScanTask - 文件不存在: A23_20250522_800000_104_return.txt
2025-05-23 16:40:00.009 [pool-2-thread-1] INFO  com.paob.tms.task.VoucherScanTask - 开始扫描凭证文件，文件路径：D:/work/paob_tms1/keys
2025-05-23 16:40:00.022 [pool-2-thread-1] INFO  com.paob.tms.task.VoucherScanTask - 查询到2条待处理的凭证记录
2025-05-23 16:40:00.022 [pool-2-thread-1] INFO  com.paob.tms.task.VoucherScanTask - 按file_index分组后共有1组数据
2025-05-23 16:40:00.022 [pool-2-thread-1] INFO  com.paob.tms.task.VoucherScanTask - 处理文件：A23_20250522_800000_104_return.txt
2025-05-23 16:40:00.025 [pool-2-thread-1] INFO  com.paob.tms.task.VoucherScanTask - 文件不存在: A23_20250522_800000_104_return.txt
2025-05-23 16:41:00.005 [pool-2-thread-1] INFO  com.paob.tms.task.VoucherScanTask - 开始扫描凭证文件，文件路径：D:/work/paob_tms1/keys
2025-05-23 16:41:00.014 [pool-2-thread-1] INFO  com.paob.tms.task.VoucherScanTask - 查询到2条待处理的凭证记录
2025-05-23 16:41:00.014 [pool-2-thread-1] INFO  com.paob.tms.task.VoucherScanTask - 按file_index分组后共有1组数据
2025-05-23 16:41:00.014 [pool-2-thread-1] INFO  com.paob.tms.task.VoucherScanTask - 处理文件：A23_20250522_800000_104_return.txt
2025-05-23 16:41:00.015 [pool-2-thread-1] INFO  com.paob.tms.task.VoucherScanTask - 文件不存在: A23_20250522_800000_104_return.txt
2025-05-23 16:42:00.003 [pool-2-thread-5] INFO  com.paob.tms.task.VoucherScanTask - 开始扫描凭证文件，文件路径：D:/work/paob_tms1/keys
2025-05-23 16:42:00.016 [pool-2-thread-5] INFO  com.paob.tms.task.VoucherScanTask - 查询到2条待处理的凭证记录
2025-05-23 16:42:00.016 [pool-2-thread-5] INFO  com.paob.tms.task.VoucherScanTask - 按file_index分组后共有1组数据
2025-05-23 16:42:00.016 [pool-2-thread-5] INFO  com.paob.tms.task.VoucherScanTask - 处理文件：A23_20250522_800000_104_return.txt
2025-05-23 16:42:00.018 [pool-2-thread-5] INFO  com.paob.tms.task.VoucherScanTask - 文件不存在: A23_20250522_800000_104_return.txt
2025-05-23 16:43:00.005 [pool-2-thread-5] INFO  com.paob.tms.task.VoucherScanTask - 开始扫描凭证文件，文件路径：D:/work/paob_tms1/keys
2025-05-23 16:43:00.011 [pool-2-thread-5] INFO  com.paob.tms.task.VoucherScanTask - 查询到2条待处理的凭证记录
2025-05-23 16:43:00.011 [pool-2-thread-5] INFO  com.paob.tms.task.VoucherScanTask - 按file_index分组后共有1组数据
2025-05-23 16:43:00.013 [pool-2-thread-5] INFO  com.paob.tms.task.VoucherScanTask - 处理文件：A23_20250522_800000_104_return.txt
2025-05-23 16:43:00.013 [pool-2-thread-5] INFO  com.paob.tms.task.VoucherScanTask - 文件不存在: A23_20250522_800000_104_return.txt
2025-05-23 16:44:00.012 [pool-2-thread-5] INFO  com.paob.tms.task.VoucherScanTask - 开始扫描凭证文件，文件路径：D:/work/paob_tms1/keys
2025-05-23 16:44:00.020 [pool-2-thread-5] INFO  com.paob.tms.task.VoucherScanTask - 查询到2条待处理的凭证记录
2025-05-23 16:44:00.020 [pool-2-thread-5] INFO  com.paob.tms.task.VoucherScanTask - 按file_index分组后共有1组数据
2025-05-23 16:44:00.020 [pool-2-thread-5] INFO  com.paob.tms.task.VoucherScanTask - 处理文件：A23_20250522_800000_104_return.txt
2025-05-23 16:44:00.022 [pool-2-thread-5] INFO  com.paob.tms.task.VoucherScanTask - 文件不存在: A23_20250522_800000_104_return.txt
2025-05-23 16:45:00.003 [pool-2-thread-5] INFO  com.paob.tms.task.VoucherScanTask - 开始扫描凭证文件，文件路径：D:/work/paob_tms1/keys
2025-05-23 16:45:00.012 [pool-2-thread-5] INFO  com.paob.tms.task.VoucherScanTask - 查询到2条待处理的凭证记录
2025-05-23 16:45:00.013 [pool-2-thread-5] INFO  com.paob.tms.task.VoucherScanTask - 按file_index分组后共有1组数据
2025-05-23 16:45:00.014 [pool-2-thread-5] INFO  com.paob.tms.task.VoucherScanTask - 处理文件：A23_20250522_800000_104_return.txt
2025-05-23 16:45:00.016 [pool-2-thread-5] INFO  com.paob.tms.task.VoucherScanTask - 文件不存在: A23_20250522_800000_104_return.txt
2025-05-23 16:46:00.005 [pool-2-thread-1] INFO  com.paob.tms.task.VoucherScanTask - 开始扫描凭证文件，文件路径：D:/work/paob_tms1/keys
2025-05-23 16:46:00.013 [pool-2-thread-1] INFO  com.paob.tms.task.VoucherScanTask - 查询到2条待处理的凭证记录
2025-05-23 16:46:00.013 [pool-2-thread-1] INFO  com.paob.tms.task.VoucherScanTask - 按file_index分组后共有1组数据
2025-05-23 16:46:00.013 [pool-2-thread-1] INFO  com.paob.tms.task.VoucherScanTask - 处理文件：A23_20250522_800000_104_return.txt
2025-05-23 16:46:00.015 [pool-2-thread-1] INFO  com.paob.tms.task.VoucherScanTask - 文件不存在: A23_20250522_800000_104_return.txt
2025-05-23 16:47:00.012 [pool-2-thread-1] INFO  com.paob.tms.task.VoucherScanTask - 开始扫描凭证文件，文件路径：D:/work/paob_tms1/keys
2025-05-23 16:47:00.018 [pool-2-thread-1] INFO  com.paob.tms.task.VoucherScanTask - 查询到2条待处理的凭证记录
2025-05-23 16:47:00.018 [pool-2-thread-1] INFO  com.paob.tms.task.VoucherScanTask - 按file_index分组后共有1组数据
2025-05-23 16:47:00.020 [pool-2-thread-1] INFO  com.paob.tms.task.VoucherScanTask - 处理文件：A23_20250522_800000_104_return.txt
2025-05-23 16:47:00.020 [pool-2-thread-1] INFO  com.paob.tms.task.VoucherScanTask - 文件不存在: A23_20250522_800000_104_return.txt
2025-05-23 16:48:00.013 [pool-2-thread-5] INFO  com.paob.tms.task.VoucherScanTask - 开始扫描凭证文件，文件路径：D:/work/paob_tms1/keys
2025-05-23 16:48:00.023 [pool-2-thread-5] INFO  com.paob.tms.task.VoucherScanTask - 查询到2条待处理的凭证记录
2025-05-23 16:48:00.023 [pool-2-thread-5] INFO  com.paob.tms.task.VoucherScanTask - 按file_index分组后共有1组数据
2025-05-23 16:48:00.023 [pool-2-thread-5] INFO  com.paob.tms.task.VoucherScanTask - 处理文件：A23_20250522_800000_104_return.txt
2025-05-23 16:48:00.025 [pool-2-thread-5] INFO  com.paob.tms.task.VoucherScanTask - 文件不存在: A23_20250522_800000_104_return.txt
2025-05-23 16:49:00.013 [pool-2-thread-5] INFO  com.paob.tms.task.VoucherScanTask - 开始扫描凭证文件，文件路径：D:/work/paob_tms1/keys
2025-05-23 16:49:00.021 [pool-2-thread-5] INFO  com.paob.tms.task.VoucherScanTask - 查询到2条待处理的凭证记录
2025-05-23 16:49:00.021 [pool-2-thread-5] INFO  com.paob.tms.task.VoucherScanTask - 按file_index分组后共有1组数据
2025-05-23 16:49:00.021 [pool-2-thread-5] INFO  com.paob.tms.task.VoucherScanTask - 处理文件：A23_20250522_800000_104_return.txt
2025-05-23 16:49:00.021 [pool-2-thread-5] INFO  com.paob.tms.task.VoucherScanTask - 文件不存在: A23_20250522_800000_104_return.txt
2025-05-23 16:50:00.008 [pool-2-thread-5] INFO  com.paob.tms.task.VoucherScanTask - 开始扫描凭证文件，文件路径：D:/work/paob_tms1/keys
2025-05-23 16:50:00.014 [pool-2-thread-5] INFO  com.paob.tms.task.VoucherScanTask - 查询到2条待处理的凭证记录
2025-05-23 16:50:00.016 [pool-2-thread-5] INFO  com.paob.tms.task.VoucherScanTask - 按file_index分组后共有1组数据
2025-05-23 16:50:00.016 [pool-2-thread-5] INFO  com.paob.tms.task.VoucherScanTask - 处理文件：A23_20250522_800000_104_return.txt
2025-05-23 16:50:00.016 [pool-2-thread-5] INFO  com.paob.tms.task.VoucherScanTask - 文件不存在: A23_20250522_800000_104_return.txt
2025-05-23 16:51:00.016 [pool-2-thread-5] INFO  com.paob.tms.task.VoucherScanTask - 开始扫描凭证文件，文件路径：D:/work/paob_tms1/keys
2025-05-23 16:51:00.033 [pool-2-thread-5] INFO  com.paob.tms.task.VoucherScanTask - 查询到2条待处理的凭证记录
2025-05-23 16:51:00.033 [pool-2-thread-5] INFO  com.paob.tms.task.VoucherScanTask - 按file_index分组后共有1组数据
2025-05-23 16:51:00.033 [pool-2-thread-5] INFO  com.paob.tms.task.VoucherScanTask - 处理文件：A23_20250522_800000_104_return.txt
2025-05-23 16:51:00.033 [pool-2-thread-5] INFO  com.paob.tms.task.VoucherScanTask - 文件不存在: A23_20250522_800000_104_return.txt
2025-05-23 16:52:00.009 [pool-2-thread-5] INFO  com.paob.tms.task.VoucherScanTask - 开始扫描凭证文件，文件路径：D:/work/paob_tms1/keys
2025-05-23 16:52:00.017 [pool-2-thread-5] INFO  com.paob.tms.task.VoucherScanTask - 查询到2条待处理的凭证记录
2025-05-23 16:52:00.019 [pool-2-thread-5] INFO  com.paob.tms.task.VoucherScanTask - 按file_index分组后共有1组数据
2025-05-23 16:52:00.019 [pool-2-thread-5] INFO  com.paob.tms.task.VoucherScanTask - 处理文件：A23_20250522_800000_104_return.txt
2025-05-23 16:52:00.021 [pool-2-thread-5] INFO  com.paob.tms.task.VoucherScanTask - 文件不存在: A23_20250522_800000_104_return.txt
2025-05-23 16:53:00.003 [pool-2-thread-5] INFO  com.paob.tms.task.VoucherScanTask - 开始扫描凭证文件，文件路径：D:/work/paob_tms1/keys
2025-05-23 16:53:00.012 [pool-2-thread-5] INFO  com.paob.tms.task.VoucherScanTask - 查询到2条待处理的凭证记录
2025-05-23 16:53:00.014 [pool-2-thread-5] INFO  com.paob.tms.task.VoucherScanTask - 按file_index分组后共有1组数据
2025-05-23 16:53:00.014 [pool-2-thread-5] INFO  com.paob.tms.task.VoucherScanTask - 处理文件：A23_20250522_800000_104_return.txt
2025-05-23 16:53:00.014 [pool-2-thread-5] INFO  com.paob.tms.task.VoucherScanTask - 文件不存在: A23_20250522_800000_104_return.txt
2025-05-23 16:54:00.018 [pool-2-thread-1] INFO  com.paob.tms.task.VoucherScanTask - 开始扫描凭证文件，文件路径：D:/work/paob_tms1/keys
2025-05-23 16:54:00.028 [pool-2-thread-1] INFO  com.paob.tms.task.VoucherScanTask - 查询到2条待处理的凭证记录
2025-05-23 16:54:00.028 [pool-2-thread-1] INFO  com.paob.tms.task.VoucherScanTask - 按file_index分组后共有1组数据
2025-05-23 16:54:00.028 [pool-2-thread-1] INFO  com.paob.tms.task.VoucherScanTask - 处理文件：A23_20250522_800000_104_return.txt
2025-05-23 16:54:00.029 [pool-2-thread-1] INFO  com.paob.tms.task.VoucherScanTask - 文件不存在: A23_20250522_800000_104_return.txt
2025-05-23 16:55:00.007 [pool-2-thread-2] INFO  com.paob.tms.task.VoucherScanTask - 开始扫描凭证文件，文件路径：D:/work/paob_tms1/keys
2025-05-23 16:55:00.033 [pool-2-thread-2] INFO  com.paob.tms.task.VoucherScanTask - 查询到2条待处理的凭证记录
2025-05-23 16:55:00.033 [pool-2-thread-2] INFO  com.paob.tms.task.VoucherScanTask - 按file_index分组后共有1组数据
2025-05-23 16:55:00.033 [pool-2-thread-2] INFO  com.paob.tms.task.VoucherScanTask - 处理文件：A23_20250522_800000_104_return.txt
2025-05-23 16:55:00.033 [pool-2-thread-2] INFO  com.paob.tms.task.VoucherScanTask - 文件不存在: A23_20250522_800000_104_return.txt
2025-05-23 16:56:00.005 [pool-2-thread-5] INFO  com.paob.tms.task.VoucherScanTask - 开始扫描凭证文件，文件路径：D:/work/paob_tms1/keys
2025-05-23 16:56:00.013 [pool-2-thread-5] INFO  com.paob.tms.task.VoucherScanTask - 查询到2条待处理的凭证记录
2025-05-23 16:56:00.013 [pool-2-thread-5] INFO  com.paob.tms.task.VoucherScanTask - 按file_index分组后共有1组数据
2025-05-23 16:56:00.013 [pool-2-thread-5] INFO  com.paob.tms.task.VoucherScanTask - 处理文件：A23_20250522_800000_104_return.txt
2025-05-23 16:56:00.013 [pool-2-thread-5] INFO  com.paob.tms.task.VoucherScanTask - 文件不存在: A23_20250522_800000_104_return.txt
2025-05-23 16:57:00.009 [pool-2-thread-5] INFO  com.paob.tms.task.VoucherScanTask - 开始扫描凭证文件，文件路径：D:/work/paob_tms1/keys
2025-05-23 16:57:00.020 [pool-2-thread-5] INFO  com.paob.tms.task.VoucherScanTask - 查询到2条待处理的凭证记录
2025-05-23 16:57:00.021 [pool-2-thread-5] INFO  com.paob.tms.task.VoucherScanTask - 按file_index分组后共有1组数据
2025-05-23 16:57:00.021 [pool-2-thread-5] INFO  com.paob.tms.task.VoucherScanTask - 处理文件：A23_20250522_800000_104_return.txt
2025-05-23 16:57:00.022 [pool-2-thread-5] INFO  com.paob.tms.task.VoucherScanTask - 文件不存在: A23_20250522_800000_104_return.txt
2025-05-23 16:58:00.010 [pool-2-thread-5] INFO  com.paob.tms.task.VoucherScanTask - 开始扫描凭证文件，文件路径：D:/work/paob_tms1/keys
2025-05-23 16:58:00.021 [pool-2-thread-5] INFO  com.paob.tms.task.VoucherScanTask - 查询到2条待处理的凭证记录
2025-05-23 16:58:00.021 [pool-2-thread-5] INFO  com.paob.tms.task.VoucherScanTask - 按file_index分组后共有1组数据
2025-05-23 16:58:00.023 [pool-2-thread-5] INFO  com.paob.tms.task.VoucherScanTask - 处理文件：A23_20250522_800000_104_return.txt
2025-05-23 16:58:00.023 [pool-2-thread-5] INFO  com.paob.tms.task.VoucherScanTask - 文件不存在: A23_20250522_800000_104_return.txt
2025-05-23 16:59:00.010 [pool-2-thread-1] INFO  com.paob.tms.task.VoucherScanTask - 开始扫描凭证文件，文件路径：D:/work/paob_tms1/keys
2025-05-23 16:59:00.022 [pool-2-thread-1] INFO  com.paob.tms.task.VoucherScanTask - 查询到2条待处理的凭证记录
2025-05-23 16:59:00.022 [pool-2-thread-1] INFO  com.paob.tms.task.VoucherScanTask - 按file_index分组后共有1组数据
2025-05-23 16:59:00.022 [pool-2-thread-1] INFO  com.paob.tms.task.VoucherScanTask - 处理文件：A23_20250522_800000_104_return.txt
2025-05-23 16:59:00.024 [pool-2-thread-1] INFO  com.paob.tms.task.VoucherScanTask - 文件不存在: A23_20250522_800000_104_return.txt
2025-05-23 17:00:00.011 [pool-2-thread-3] INFO  com.paob.tms.task.VoucherScanTask - 开始扫描凭证文件，文件路径：D:/work/paob_tms1/keys
2025-05-23 17:00:00.013 [pool-2-thread-4] INFO  com.paob.tms.task.DataImportTask - 开始导入汇率和科目余额数据...
2025-05-23 17:00:00.019 [pool-2-thread-4] INFO  com.paob.tms.task.DataImportTask - 汇率文件不存在: D:\work\paob_tms1\keys20250523\fin_gl_daily_rates_to_hkvb.dat
2025-05-23 17:00:00.019 [pool-2-thread-3] INFO  com.paob.tms.task.VoucherScanTask - 查询到2条待处理的凭证记录
2025-05-23 17:00:00.021 [pool-2-thread-3] INFO  com.paob.tms.task.VoucherScanTask - 按file_index分组后共有1组数据
2025-05-23 17:00:00.021 [pool-2-thread-3] INFO  com.paob.tms.task.VoucherScanTask - 处理文件：A23_20250522_800000_104_return.txt
2025-05-23 17:00:00.021 [pool-2-thread-4] INFO  com.paob.tms.task.DataImportTask - 科目余额文件不存在: D:\work\paob_tms1\keys20250523\fin_gl_balances_to_hkvb.dat
2025-05-23 17:00:00.023 [pool-2-thread-3] INFO  com.paob.tms.task.VoucherScanTask - 文件不存在: A23_20250522_800000_104_return.txt
2025-05-23 17:01:00.009 [pool-2-thread-1] INFO  com.paob.tms.task.VoucherScanTask - 开始扫描凭证文件，文件路径：D:/work/paob_tms1/keys
2025-05-23 17:01:00.020 [pool-2-thread-1] INFO  com.paob.tms.task.VoucherScanTask - 查询到2条待处理的凭证记录
2025-05-23 17:01:00.020 [pool-2-thread-1] INFO  com.paob.tms.task.VoucherScanTask - 按file_index分组后共有1组数据
2025-05-23 17:01:00.020 [pool-2-thread-1] INFO  com.paob.tms.task.VoucherScanTask - 处理文件：A23_20250522_800000_104_return.txt
2025-05-23 17:01:00.022 [pool-2-thread-1] INFO  com.paob.tms.task.VoucherScanTask - 文件不存在: A23_20250522_800000_104_return.txt
2025-05-23 17:02:00.008 [pool-2-thread-5] INFO  com.paob.tms.task.VoucherScanTask - 开始扫描凭证文件，文件路径：D:/work/paob_tms1/keys
2025-05-23 17:02:00.024 [pool-2-thread-5] INFO  com.paob.tms.task.VoucherScanTask - 查询到2条待处理的凭证记录
2025-05-23 17:02:00.026 [pool-2-thread-5] INFO  com.paob.tms.task.VoucherScanTask - 按file_index分组后共有1组数据
2025-05-23 17:02:00.026 [pool-2-thread-5] INFO  com.paob.tms.task.VoucherScanTask - 处理文件：A23_20250522_800000_104_return.txt
2025-05-23 17:02:00.026 [pool-2-thread-5] INFO  com.paob.tms.task.VoucherScanTask - 文件不存在: A23_20250522_800000_104_return.txt
2025-05-23 17:03:00.001 [pool-2-thread-5] INFO  com.paob.tms.task.VoucherScanTask - 开始扫描凭证文件，文件路径：D:/work/paob_tms1/keys
2025-05-23 17:03:00.010 [pool-2-thread-5] INFO  com.paob.tms.task.VoucherScanTask - 查询到2条待处理的凭证记录
2025-05-23 17:03:00.010 [pool-2-thread-5] INFO  com.paob.tms.task.VoucherScanTask - 按file_index分组后共有1组数据
2025-05-23 17:03:00.010 [pool-2-thread-5] INFO  com.paob.tms.task.VoucherScanTask - 处理文件：A23_20250522_800000_104_return.txt
2025-05-23 17:03:00.012 [pool-2-thread-5] INFO  com.paob.tms.task.VoucherScanTask - 文件不存在: A23_20250522_800000_104_return.txt
2025-05-23 17:04:00.006 [pool-2-thread-1] INFO  com.paob.tms.task.VoucherScanTask - 开始扫描凭证文件，文件路径：D:/work/paob_tms1/keys
2025-05-23 17:04:00.022 [pool-2-thread-1] INFO  com.paob.tms.task.VoucherScanTask - 查询到2条待处理的凭证记录
2025-05-23 17:04:00.022 [pool-2-thread-1] INFO  com.paob.tms.task.VoucherScanTask - 按file_index分组后共有1组数据
2025-05-23 17:04:00.022 [pool-2-thread-1] INFO  com.paob.tms.task.VoucherScanTask - 处理文件：A23_20250522_800000_104_return.txt
2025-05-23 17:04:00.024 [pool-2-thread-1] INFO  com.paob.tms.task.VoucherScanTask - 文件不存在: A23_20250522_800000_104_return.txt
2025-05-23 17:05:00.016 [pool-2-thread-1] INFO  com.paob.tms.task.VoucherScanTask - 开始扫描凭证文件，文件路径：D:/work/paob_tms1/keys
2025-05-23 17:05:00.022 [pool-2-thread-1] INFO  com.paob.tms.task.VoucherScanTask - 查询到2条待处理的凭证记录
2025-05-23 17:05:00.022 [pool-2-thread-1] INFO  com.paob.tms.task.VoucherScanTask - 按file_index分组后共有1组数据
2025-05-23 17:05:00.025 [pool-2-thread-1] INFO  com.paob.tms.task.VoucherScanTask - 处理文件：A23_20250522_800000_104_return.txt
2025-05-23 17:05:00.025 [pool-2-thread-1] INFO  com.paob.tms.task.VoucherScanTask - 文件不存在: A23_20250522_800000_104_return.txt
2025-05-23 17:06:00.007 [pool-2-thread-1] INFO  com.paob.tms.task.VoucherScanTask - 开始扫描凭证文件，文件路径：D:/work/paob_tms1/keys
2025-05-23 17:06:00.015 [pool-2-thread-1] INFO  com.paob.tms.task.VoucherScanTask - 查询到2条待处理的凭证记录
2025-05-23 17:06:00.015 [pool-2-thread-1] INFO  com.paob.tms.task.VoucherScanTask - 按file_index分组后共有1组数据
2025-05-23 17:06:00.018 [pool-2-thread-1] INFO  com.paob.tms.task.VoucherScanTask - 处理文件：A23_20250522_800000_104_return.txt
2025-05-23 17:06:00.018 [pool-2-thread-1] INFO  com.paob.tms.task.VoucherScanTask - 文件不存在: A23_20250522_800000_104_return.txt
2025-05-23 17:07:00.009 [pool-2-thread-1] INFO  com.paob.tms.task.VoucherScanTask - 开始扫描凭证文件，文件路径：D:/work/paob_tms1/keys
2025-05-23 17:07:00.016 [pool-2-thread-1] INFO  com.paob.tms.task.VoucherScanTask - 查询到2条待处理的凭证记录
2025-05-23 17:07:00.018 [pool-2-thread-1] INFO  com.paob.tms.task.VoucherScanTask - 按file_index分组后共有1组数据
2025-05-23 17:07:00.018 [pool-2-thread-1] INFO  com.paob.tms.task.VoucherScanTask - 处理文件：A23_20250522_800000_104_return.txt
2025-05-23 17:07:00.018 [pool-2-thread-1] INFO  com.paob.tms.task.VoucherScanTask - 文件不存在: A23_20250522_800000_104_return.txt
2025-05-23 17:08:00.004 [pool-2-thread-5] INFO  com.paob.tms.task.VoucherScanTask - 开始扫描凭证文件，文件路径：D:/work/paob_tms1/keys
2025-05-23 17:08:00.010 [pool-2-thread-5] INFO  com.paob.tms.task.VoucherScanTask - 查询到2条待处理的凭证记录
2025-05-23 17:08:00.012 [pool-2-thread-5] INFO  com.paob.tms.task.VoucherScanTask - 按file_index分组后共有1组数据
2025-05-23 17:08:00.012 [pool-2-thread-5] INFO  com.paob.tms.task.VoucherScanTask - 处理文件：A23_20250522_800000_104_return.txt
2025-05-23 17:08:00.012 [pool-2-thread-5] INFO  com.paob.tms.task.VoucherScanTask - 文件不存在: A23_20250522_800000_104_return.txt
2025-05-23 17:09:00.003 [pool-2-thread-3] INFO  com.paob.tms.task.VoucherScanTask - 开始扫描凭证文件，文件路径：D:/work/paob_tms1/keys
2025-05-23 17:09:00.014 [pool-2-thread-3] INFO  com.paob.tms.task.VoucherScanTask - 查询到2条待处理的凭证记录
2025-05-23 17:09:00.015 [pool-2-thread-3] INFO  com.paob.tms.task.VoucherScanTask - 按file_index分组后共有1组数据
2025-05-23 17:09:00.015 [pool-2-thread-3] INFO  com.paob.tms.task.VoucherScanTask - 处理文件：A23_20250522_800000_104_return.txt
2025-05-23 17:09:00.015 [pool-2-thread-3] INFO  com.paob.tms.task.VoucherScanTask - 文件不存在: A23_20250522_800000_104_return.txt
2025-05-23 18:27:33.383 [pool-2-thread-3] INFO  com.paob.tms.task.VoucherScanTask - 开始扫描凭证文件，文件路径：D:/work/paob_tms1/keys
2025-05-23 18:27:33.384 [pool-2-thread-4] INFO  com.paob.tms.task.DataImportTask - 开始导入汇率和科目余额数据...
2025-05-23 18:27:33.384 [pool-2-thread-4] INFO  com.paob.tms.task.DataImportTask - 汇率文件不存在: D:\work\paob_tms1\keys20250523\fin_gl_daily_rates_to_hkvb.dat
2025-05-23 18:27:33.386 [pool-2-thread-4] INFO  com.paob.tms.task.DataImportTask - 科目余额文件不存在: D:\work\paob_tms1\keys20250523\fin_gl_balances_to_hkvb.dat
2025-05-23 18:27:33.399 [pool-2-thread-3] INFO  com.paob.tms.task.VoucherScanTask - 查询到2条待处理的凭证记录
2025-05-23 18:27:33.399 [pool-2-thread-3] INFO  com.paob.tms.task.VoucherScanTask - 按file_index分组后共有1组数据
2025-05-23 18:27:33.399 [pool-2-thread-3] INFO  com.paob.tms.task.VoucherScanTask - 处理文件：A23_20250522_800000_104_return.txt
2025-05-23 18:27:33.401 [pool-2-thread-3] INFO  com.paob.tms.task.VoucherScanTask - 文件不存在: A23_20250522_800000_104_return.txt
2025-05-23 18:27:35.960 [HikariPool-1 housekeeper] WARN  com.zaxxer.hikari.pool.HikariPool - HikariPool-1 - Thread starvation or clock leap detected (housekeeper delta=1h18m3s423ms290µs500ns).
2025-05-23 18:28:00.001 [pool-2-thread-3] INFO  com.paob.tms.task.VoucherScanTask - 开始扫描凭证文件，文件路径：D:/work/paob_tms1/keys
2025-05-23 18:28:00.014 [pool-2-thread-3] INFO  com.paob.tms.task.VoucherScanTask - 查询到2条待处理的凭证记录
2025-05-23 18:28:00.014 [pool-2-thread-3] INFO  com.paob.tms.task.VoucherScanTask - 按file_index分组后共有1组数据
2025-05-23 18:28:00.014 [pool-2-thread-3] INFO  com.paob.tms.task.VoucherScanTask - 处理文件：A23_20250522_800000_104_return.txt
2025-05-23 18:28:00.014 [pool-2-thread-3] INFO  com.paob.tms.task.VoucherScanTask - 文件不存在: A23_20250522_800000_104_return.txt
2025-05-23 18:29:00.014 [pool-2-thread-4] INFO  com.paob.tms.task.VoucherScanTask - 开始扫描凭证文件，文件路径：D:/work/paob_tms1/keys
2025-05-23 18:29:00.014 [pool-2-thread-4] INFO  com.paob.tms.task.VoucherScanTask - 查询到2条待处理的凭证记录
2025-05-23 18:29:00.014 [pool-2-thread-4] INFO  com.paob.tms.task.VoucherScanTask - 按file_index分组后共有1组数据
2025-05-23 18:29:00.014 [pool-2-thread-4] INFO  com.paob.tms.task.VoucherScanTask - 处理文件：A23_20250522_800000_104_return.txt
2025-05-23 18:29:00.014 [pool-2-thread-4] INFO  com.paob.tms.task.VoucherScanTask - 文件不存在: A23_20250522_800000_104_return.txt
2025-05-23 18:30:00.017 [pool-2-thread-2] INFO  com.paob.tms.task.VoucherScanTask - 开始扫描凭证文件，文件路径：D:/work/paob_tms1/keys
2025-05-23 18:30:00.017 [pool-2-thread-2] INFO  com.paob.tms.task.VoucherScanTask - 查询到2条待处理的凭证记录
2025-05-23 18:30:00.017 [pool-2-thread-2] INFO  com.paob.tms.task.VoucherScanTask - 按file_index分组后共有1组数据
2025-05-23 18:30:00.017 [pool-2-thread-2] INFO  com.paob.tms.task.VoucherScanTask - 处理文件：A23_20250522_800000_104_return.txt
2025-05-23 18:30:00.017 [pool-2-thread-2] INFO  com.paob.tms.task.VoucherScanTask - 文件不存在: A23_20250522_800000_104_return.txt
2025-05-23 18:31:00.010 [pool-2-thread-2] INFO  com.paob.tms.task.VoucherScanTask - 开始扫描凭证文件，文件路径：D:/work/paob_tms1/keys
2025-05-23 18:31:00.010 [pool-2-thread-2] INFO  com.paob.tms.task.VoucherScanTask - 查询到2条待处理的凭证记录
2025-05-23 18:31:00.010 [pool-2-thread-2] INFO  com.paob.tms.task.VoucherScanTask - 按file_index分组后共有1组数据
2025-05-23 18:31:00.010 [pool-2-thread-2] INFO  com.paob.tms.task.VoucherScanTask - 处理文件：A23_20250522_800000_104_return.txt
2025-05-23 18:31:00.010 [pool-2-thread-2] INFO  com.paob.tms.task.VoucherScanTask - 文件不存在: A23_20250522_800000_104_return.txt
2025-05-23 18:32:00.018 [pool-2-thread-4] INFO  com.paob.tms.task.VoucherScanTask - 开始扫描凭证文件，文件路径：D:/work/paob_tms1/keys
2025-05-23 18:32:00.020 [pool-2-thread-4] INFO  com.paob.tms.task.VoucherScanTask - 查询到2条待处理的凭证记录
2025-05-23 18:32:00.020 [pool-2-thread-4] INFO  com.paob.tms.task.VoucherScanTask - 按file_index分组后共有1组数据
2025-05-23 18:32:00.020 [pool-2-thread-4] INFO  com.paob.tms.task.VoucherScanTask - 处理文件：A23_20250522_800000_104_return.txt
2025-05-23 18:32:00.020 [pool-2-thread-4] INFO  com.paob.tms.task.VoucherScanTask - 文件不存在: A23_20250522_800000_104_return.txt
2025-05-23 18:33:00.012 [pool-2-thread-4] INFO  com.paob.tms.task.VoucherScanTask - 开始扫描凭证文件，文件路径：D:/work/paob_tms1/keys
2025-05-23 18:33:00.012 [pool-2-thread-4] INFO  com.paob.tms.task.VoucherScanTask - 查询到2条待处理的凭证记录
2025-05-23 18:33:00.012 [pool-2-thread-4] INFO  com.paob.tms.task.VoucherScanTask - 按file_index分组后共有1组数据
2025-05-23 18:33:00.012 [pool-2-thread-4] INFO  com.paob.tms.task.VoucherScanTask - 处理文件：A23_20250522_800000_104_return.txt
2025-05-23 18:33:00.012 [pool-2-thread-4] INFO  com.paob.tms.task.VoucherScanTask - 文件不存在: A23_20250522_800000_104_return.txt
2025-05-23 18:34:00.010 [pool-2-thread-4] INFO  com.paob.tms.task.VoucherScanTask - 开始扫描凭证文件，文件路径：D:/work/paob_tms1/keys
2025-05-23 18:34:00.018 [pool-2-thread-4] INFO  com.paob.tms.task.VoucherScanTask - 查询到2条待处理的凭证记录
2025-05-23 18:34:00.019 [pool-2-thread-4] INFO  com.paob.tms.task.VoucherScanTask - 按file_index分组后共有1组数据
2025-05-23 18:34:00.019 [pool-2-thread-4] INFO  com.paob.tms.task.VoucherScanTask - 处理文件：A23_20250522_800000_104_return.txt
2025-05-23 18:34:00.020 [pool-2-thread-4] INFO  com.paob.tms.task.VoucherScanTask - 文件不存在: A23_20250522_800000_104_return.txt
2025-05-23 18:35:00.002 [pool-2-thread-3] INFO  com.paob.tms.task.VoucherScanTask - 开始扫描凭证文件，文件路径：D:/work/paob_tms1/keys
2025-05-23 18:35:00.002 [pool-2-thread-3] INFO  com.paob.tms.task.VoucherScanTask - 查询到2条待处理的凭证记录
2025-05-23 18:35:00.002 [pool-2-thread-3] INFO  com.paob.tms.task.VoucherScanTask - 按file_index分组后共有1组数据
2025-05-23 18:35:00.002 [pool-2-thread-3] INFO  com.paob.tms.task.VoucherScanTask - 处理文件：A23_20250522_800000_104_return.txt
2025-05-23 18:35:00.002 [pool-2-thread-3] INFO  com.paob.tms.task.VoucherScanTask - 文件不存在: A23_20250522_800000_104_return.txt
2025-05-23 18:36:00.017 [pool-2-thread-3] INFO  com.paob.tms.task.VoucherScanTask - 开始扫描凭证文件，文件路径：D:/work/paob_tms1/keys
2025-05-23 18:36:00.018 [pool-2-thread-3] INFO  com.paob.tms.task.VoucherScanTask - 查询到2条待处理的凭证记录
2025-05-23 18:36:00.018 [pool-2-thread-3] INFO  com.paob.tms.task.VoucherScanTask - 按file_index分组后共有1组数据
2025-05-23 18:36:00.018 [pool-2-thread-3] INFO  com.paob.tms.task.VoucherScanTask - 处理文件：A23_20250522_800000_104_return.txt
2025-05-23 18:36:00.018 [pool-2-thread-3] INFO  com.paob.tms.task.VoucherScanTask - 文件不存在: A23_20250522_800000_104_return.txt
2025-05-23 18:37:00.016 [pool-2-thread-3] INFO  com.paob.tms.task.VoucherScanTask - 开始扫描凭证文件，文件路径：D:/work/paob_tms1/keys
2025-05-23 18:37:00.017 [pool-2-thread-3] INFO  com.paob.tms.task.VoucherScanTask - 查询到2条待处理的凭证记录
2025-05-23 18:37:00.017 [pool-2-thread-3] INFO  com.paob.tms.task.VoucherScanTask - 按file_index分组后共有1组数据
2025-05-23 18:37:00.017 [pool-2-thread-3] INFO  com.paob.tms.task.VoucherScanTask - 处理文件：A23_20250522_800000_104_return.txt
2025-05-23 18:37:00.017 [pool-2-thread-3] INFO  com.paob.tms.task.VoucherScanTask - 文件不存在: A23_20250522_800000_104_return.txt
2025-05-23 18:43:13.303 [pool-2-thread-3] INFO  com.paob.tms.task.VoucherScanTask - 开始扫描凭证文件，文件路径：D:/work/paob_tms1/keys
2025-05-23 18:43:13.325 [pool-2-thread-3] INFO  com.paob.tms.task.VoucherScanTask - 查询到2条待处理的凭证记录
2025-05-23 18:43:13.327 [pool-2-thread-3] INFO  com.paob.tms.task.VoucherScanTask - 按file_index分组后共有1组数据
2025-05-23 18:43:13.335 [pool-2-thread-3] INFO  com.paob.tms.task.VoucherScanTask - 处理文件：A23_20250522_800000_104_return.txt
2025-05-23 18:43:13.335 [pool-2-thread-3] INFO  com.paob.tms.task.VoucherScanTask - 文件不存在: A23_20250522_800000_104_return.txt
2025-05-23 18:43:19.417 [HikariPool-1 housekeeper] WARN  com.zaxxer.hikari.pool.HikariPool - HikariPool-1 - Thread starvation or clock leap detected (housekeeper delta=5m45s131ms93µs).
2025-05-23 18:43:37.139 [SpringApplicationShutdownHook] INFO  com.zaxxer.hikari.HikariDataSource - HikariPool-1 - Shutdown initiated...
2025-05-23 18:43:37.186 [SpringApplicationShutdownHook] INFO  com.zaxxer.hikari.HikariDataSource - HikariPool-1 - Shutdown completed.
